company name,location,Technische Anlagen Start,Technische Anlagen End,Sachanlagen Start,Sachanlagen End,Start Date,End Date,Note
IP Gansow GmbH,Unna,"9.529.883,03",8.479,"10.010.176,16",9.172,01.01.2021,31.12.2021,bundesanzeiger_local_maschinenbau/IP_Gansow_GmbH/Jahresabschluss_zum_Geschaeftsjahr_vom_01.01.2021_bis_zum_31.12.2021
RITAG RITTERHUDER ARMATUREN,Osterholz-Scharmbeck,"3.265.602,12","126.351,79",1.4.2021,31.3.2022,01.04.2021,31.03.2022,bundesanzeiger_local_maschinenbau/RITAG_RITTERHUDER_ARMATUREN/Jahresabschluss_zum_Geschaeftsjahr_vom_01.04.2021_bis_zum_31.03.2022
Form + Test Seidner & Co.,Riedlingen,"168.180,00","157.220,00","616.125,51","637.167,01",01.01.2021,31.12.2021,bundesanzeiger_local_maschinenbau/Form_+_Test_Seidner_and_Co./Jahresabschluss_zum_Geschaeftsjahr_vom_01.01.2021_bis_zum_31.12.2021
Lohmann Systemtechnik GmbH,Ennigerloh,"1.502.485,02","1.886.141,21","4.066.504,10","4.126.418,10",01.07.2021,30.06.2022,bundesanzeiger_local_maschinenbau/Lohmann_Systemtechnik_GmbH/Jahresabschluss_zum_Geschaeftsjahr_vom_01.07.2021_bis_zum_30.06.2022
KNUTH WERKZEUGMASCHINEN GMBH,Wasbek,"2.509.012,33","460.397,00","1.060.980,63","1.380.225,08",01.01.2021,31.12.2021,bundesanzeiger_local_maschinenbau/KNUTH_WERKZEUGMASCHINEN_GMBH/Jahresabschluss_zum_Geschaeftsjahr_vom_01.01.2021_bis_zum_31.12.2021
Höchsmann GmbH,Klipphausen,NA,NA,"5.971.783,10","4.074.530,94",01.01.2021,31.12.2021,bundesanzeiger_local_maschinenbau/Hoechsmann_GmbH/Jahresabschluss_zum_Geschaeftsjahr_vom_01.01.2021_bis_zum_31.12.2021
deconta GmbH,Isselburg,NA,NA,"94.823,00","124.747,00",01.01.2020,31.12.2020,bundesanzeiger_local_maschinenbau/deconta_GmbH/Jahresabschluss_zum_Geschaeftsjahr_vom_01.01.2020_bis_zum_31.12.2020
Merkle Schweißanlagen-Technik GmbH,Kötz,NA,NA,"432.530,00","513.675,00",01.01.2021,31.12.2021,bundesanzeiger_local_maschinenbau/Merkle_Schweissanlagen-Technik_GmbH/Jahresabschluss_zum_Geschaeftsjahr_vom_01.01.2021_bis_zum_31.12.2021
Tilgert Walzwerksmaschinenbau GmbH,Iserlohn,NA,NA,NA,NA,01.01.2021,31.12.2021,bundesanzeiger_local_maschinenbau/Tilgert_Walzwerksmaschinenbau_GmbH/Jahresabschluss_zum_Geschaeftsjahr_vom_01.01.2021_bis_zum_31.12.2021
REBS Zentralschmiertechnik GmbH,Ratingen,"580.073,00","652.264,00","899.859,50","832.462,50",01.01.2021,31.12.2021,bundesanzeiger_local_maschinenbau/REBS_Zentralschmiertechnik_GmbH/Jahresabschluss_zum_Geschaeftsjahr_vom_01.01.2021_bis_zum_31.12.2021
Weckerle GmbH,Weilheim i.OB,NA,NA,NA,NA,-,-,
ZIERER Karussell-,Deggendorf,NA,NA,"42.070,99","67.275,71",01.01.2007,31.12.2007,bundesanzeiger_local_maschinenbau/ZIERER_Karussell-/Jahresabschluss_zum_Geschaeftsjahr_vom_01.01.2007_bis_zum_31.12.2007
ALWID GmbH,Dinklage,NA,NA,"801.279,00","820.489,00",01.01.2021,31.12.2021,bundesanzeiger_local_maschinenbau/ALWID_GmbH/Jahresabschluss_zum_Geschaeftsjahr_vom_01.01.2021_bis_zum_31.12.2021
Gebr. Ruberg GmbH und Co. KG,Nieheim,NA,NA,"202.551,00","17.000,00",01.01.2021,31.12.2021,bundesanzeiger_local_maschinenbau/Gebr._Ruberg_GmbH_und_Co._KG/Jahresabschluss_zum_Geschaeftsjahr_vom_01.01.2021_bis_zum_31.12.2021
LKS Maschinenbau GmbH,Schwanewede,NA,NA,"536.555,00","592.092,00",01.01.2018,31.12.2018,bundesanzeiger_local_maschinenbau/LKS_Maschinenbau_GmbH/Jahresabschluss_zum_Geschaeftsjahr_vom_01.01.2018_bis_zum_31.12.2018
Bock Maschinenbau GmbH.,Lorch,"2.425.262,00","2.757.703,00","2.694.554,00","3.083.408,00",01.01.2021,31.12.2021,bundesanzeiger_local_maschinenbau/Bock_Maschinenbau_GmbH./Jahresabschluss_zum_Geschaeftsjahr_vom_01.01.2021_bis_zum_31.12.2021
FAWEMA GmbH,Engelskirchen,"74.274,00","70.327,00","162.005,00","177.185,00",01.01.2021,31.12.2021,bundesanzeiger_local_maschinenbau/FAWEMA_GmbH/Jahresabschluss_zum_Geschaeftsjahr_vom_01.01.2021_bis_zum_31.12.2021
BAM GmbH,Weiden in der Oberpfalz,NA,NA,NA,NA,-,-,
Maschinenbau Kaltenbach GmbH,Neuenburg am Rhein,"344.436,00","414.232,00","2.374.060,06","2.544.415,39",01.01.2021,31.12.2021,bundesanzeiger_local_maschinenbau/Maschinenbau_Kaltenbach_GmbH/Jahresabschluss_zum_Geschaeftsjahr_vom_01.01.2021_bis_zum_31.12.2021
Ringfeder Power-Transmission GmbH,Groß-Umstadt,"1.410.300,05","1.627.262,01",2021,2020,01.01.2021,31.12.2021,bundesanzeiger_local_maschinenbau/Ringfeder_Power-Transmission_GmbH/Jahresabschluss_zum_Geschaeftsjahr_vom_01.01.2021_bis_zum_31.12.2021
vision-tec gmbH,Kassel,"228.043,00","212.638,50","347.283,02","371.434,50",01.01.2021,31.12.2021,bundesanzeiger_local_maschinenbau/vision-tec_gmbH/Jahresabschluss_zum_Geschaeftsjahr_vom_01.01.2021_bis_zum_31.12.2021
Sielaff GmbH & Co. KG,Herrieden,"3.527.480,70",3.321,"52.271.578,37",51.410,01.01.2015,31.12.2015,bundesanzeiger_local_maschinenbau/Sielaff_GmbH_and_Co._KG/Jahresabschluss_zum_Geschaeftsjahr_vom_01.01.2015_bis_zum_31.12.2015
Water & Wastewater Technic WWT GmbH,Pleidelsheim,NA,NA,"2.215.598,70","2.314.523,70",01.01.2021,31.12.2021,bundesanzeiger_local_maschinenbau/Water_and_Wastewater_Technic_WWT_GmbH/Jahresabschluss_zum_Geschaeftsjahr_vom_01.01.2021_bis_zum_31.12.2021
Hans & Jos. Kronenberg GmbH,Bergisch Gladbach,"331.555,00","370.058,00","726.256,00","821.424,00",01.01.2021,31.12.2021,bundesanzeiger_local_maschinenbau/Hans_and_Jos._Kronenberg_GmbH/Jahresabschluss_zum_Geschaeftsjahr_vom_01.01.2021_bis_zum_31.12.2021
Ampack GmbH,Königsbrunn,"153.627,00","233.133,00","1.499.868,50","1.012.181,00",01.01.2013,31.12.2013,bundesanzeiger_local_maschinenbau/Ampack_GmbH/Jahresabschluss_zum_Geschaeftsjahr_vom_01.01.2013_bis_zum_31.12.2013
RAPID Maschinenbau GmbH,Grosselfingen,NA,NA,"56.333,51","69.440,51",01.01.2021,31.12.2021,bundesanzeiger_local_maschinenbau/RAPID_Maschinenbau_GmbH/Jahresabschluss_zum_Geschaeftsjahr_vom_01.01.2021_bis_zum_31.12.2021
SOMAtic GmbH,Harth-Pöllnitz,"255.277,00","23.551,00","408.949,00","114.440,00",01.01.2021,31.12.2021,bundesanzeiger_local_maschinenbau/SOMAtic_GmbH/Jahresabschluss_zum_Geschaeftsjahr_vom_01.01.2021_bis_zum_31.12.2021
WKB Systems GmbH,Hörstel,NA,NA,"1.387.383,90","1.443.933,90",01.07.2021,30.06.2022,bundesanzeiger_local_maschinenbau/WKB_Systems_GmbH/Jahresabschluss_zum_Geschaeftsjahr_vom_01.07.2021_bis_zum_30.06.2022
FATH GmbH,Spalt,NA,NA,"31.865,00","33.962,14",01.01.2021,31.12.2021,bundesanzeiger_local_maschinenbau/FATH_GmbH/Jahresabschluss_zum_Geschaeftsjahr_vom_01.01.2021_bis_zum_31.12.2021
GERB,Berlin,NA,NA,NA,NA,01.01.2021,31.12.2021,bundesanzeiger_local_maschinenbau/GERB/Jahresabschluss_zum_Geschaeftsjahr_vom_01.01.2021_bis_zum_31.12.2021
Wolfgang Preinfalk GmbH,St. Ingbert,"5.281.209,00","4.968.570,00","13.459.030,36","13.809.930,86",01.01.2019,31.12.2019,bundesanzeiger_local_maschinenbau/Wolfgang_Preinfalk_GmbH/Jahresabschluss_zum_Geschaeftsjahr_vom_01.01.2019_bis_zum_31.12.2019
Gössling Verwaltungs - GmbH,Schermbeck,NA,NA,NA,NA,01.01.2011,31.12.2011,bundesanzeiger_local_maschinenbau/Goessling_Verwaltungs_-_GmbH/Jahresabschluss_zum_Geschaeftsjahr_vom_01.01.2011_bis_zum_31.12.2011
schwartz GmbH,Simmerath,"2.622.956,50","1.931.207,50","3.325.693,00","3.625.498,00",01.01.2021,31.12.2021,bundesanzeiger_local_maschinenbau/schwartz_GmbH/Jahresabschluss_zum_Geschaeftsjahr_vom_01.01.2021_bis_zum_31.12.2021
Kienle + Spiess GmbH,Sachsenheim,"38.338.835,00","37.129.893,00","93.590.038,16","88.318.797,12",01.04.2021,31.03.2022,bundesanzeiger_local_maschinenbau/Kienle_+_Spiess_GmbH/Jahresabschluss_zum_Geschaeftsjahr_vom_01.04.2021_bis_zum_31.03.2022
Wilhelm Fischer,Durach,"655.651,00","753.248,00","8.979.930,03","9.353.704,03",01.01.2021,31.12.2021,bundesanzeiger_local_maschinenbau/Wilhelm_Fischer/Jahresabschluss_zum_Geschaeftsjahr_vom_01.01.2021_bis_zum_31.12.2021
BIESSE DEUTSCHLAND GmbH,Nersingen,"128.929,31","0,00","603.666,00","625.886,00",01.01.2021,31.12.2021,bundesanzeiger_local_maschinenbau/BIESSE_DEUTSCHLAND_GmbH/Jahresabschluss_zum_Geschaeftsjahr_vom_01.01.2021_bis_zum_31.12.2021
ATEC Pharmatechnik GmbH,Sörup,NA,NA,"5.694.859,60",4.739,01.01.2018,31.12.2018,bundesanzeiger_local_maschinenbau/ATEC_Pharmatechnik_GmbH/Jahresabschluss_zum_Geschaeftsjahr_vom_01.01.2018_bis_zum_31.12.2018
Buss-SMS-Canzler GmbH,Butzbach,2.533,1.814,9.535,8.445,01.01.2021,31.12.2021,bundesanzeiger_local_maschinenbau/Buss-SMS-Canzler_GmbH/Jahresabschluss_zum_Geschaeftsjahr_vom_01.01.2021_bis_zum_31.12.2021
Pockauer Werkzeugbau Oertel GmbH,Pockau-Lengefeld,"7.269.373,46","352.853,05","1.924.559,02","1.919.752,22",01.01.2021,31.12.2021,bundesanzeiger_local_maschinenbau/Pockauer_Werkzeugbau_Oertel_GmbH/Jahresabschluss_zum_Geschaeftsjahr_vom_01.01.2021_bis_zum_31.12.2021
Manroland Sheetfed GmbH,Offenbach am Main,"5.751.728,00","6.612.454,00","7.642.438,00","8.252.991,00",01.01.2021,31.12.2021,bundesanzeiger_local_maschinenbau/Manroland_Sheetfed_GmbH/Jahresabschluss_zum_Geschaeftsjahr_vom_01.01.2021_bis_zum_31.12.2021
Albert Koch,Baunatal,NA,NA,"383.607,93","350.803,93",01.01.2021,31.12.2021,bundesanzeiger_local_maschinenbau/Albert_Koch/Jahresabschluss_zum_Geschaeftsjahr_vom_01.01.2021_bis_zum_31.12.2021
Walter Blombach GmbH,Remscheid,NA,NA,"363.202,50","191.752,50",01.01.2021,31.12.2021,bundesanzeiger_local_maschinenbau/Walter_Blombach_GmbH/Jahresabschluss_zum_Geschaeftsjahr_vom_01.01.2021_bis_zum_31.12.2021
Weimar-Werk GmbH,Weimar,NA,NA,"1.302.971,09","1.500.633,09",01.01.2021,31.12.2021,bundesanzeiger_local_maschinenbau/Weimar-Werk_GmbH/Jahresabschluss_zum_Geschaeftsjahr_vom_01.01.2021_bis_zum_31.12.2021
Werner Maschinenbau GmbH,Wolfhagen,NA,NA,"328.271,00","362.861,00",01.01.2021,31.12.2021,bundesanzeiger_local_maschinenbau/Werner_Maschinenbau_GmbH/Jahresabschluss_zum_Geschaeftsjahr_vom_01.01.2021_bis_zum_31.12.2021
Stahl- und Apparatebau,Saarbrücken,"466.309,40",693,"3.879.582,20",4.798,23.05.2007,31.12.2006,bundesanzeiger_local_maschinenbau/Stahl-_und_Apparatebau/Jahresabschluss_zum_31.12.2006
Comau Deutschland GmbH,Böblingen,NA,NA,"28.460,04",59,01.01.2021,31.12.2021,bundesanzeiger_local_maschinenbau/Comau_Deutschland_GmbH/Jahresabschluss_zum_Geschaeftsjahr_vom_01.01.2021_bis_zum_31.12.2021
Schneeberger GmbH,Höfen an der Enz,"9.307.831,20","11.816.882,88","31.990.136,36","35.116.491,81",01.01.2021,31.12.2021,bundesanzeiger_local_maschinenbau/Schneeberger_GmbH/Jahresabschluss_zum_Geschaeftsjahr_vom_01.01.2021_bis_zum_31.12.2021
Ohrmann GmbH,Möhnesee,NA,NA,"3.027.503,94","3.167.627,87",01.01.2021,31.12.2021,bundesanzeiger_local_maschinenbau/Ohrmann_GmbH/Jahresabschluss_zum_Geschaeftsjahr_vom_01.01.2021_bis_zum_31.12.2021
UFT Umwelt- und Fluid-Technik,Bad Mergentheim,"44.660,63","49.964,63","3.758.137,32","3.787.631,75",01.01.2021,31.12.2021,bundesanzeiger_local_maschinenbau/UFT_Umwelt-_und_Fluid-Technik/Jahresabschluss_zum_Geschaeftsjahr_vom_01.01.2021_bis_zum_31.12.2021
ERKA Maschinenbau GmbH,Ahaus,NA,NA,"940.089,83","652.948,82",01.01.2020,31.12.2020,bundesanzeiger_local_maschinenbau/ERKA_Maschinenbau_GmbH/Jahresabschluss_zum_Geschaeftsjahr_vom_01.01.2020_bis_zum_31.12.2020
MB Bäuerle GmbH,St. Georgen im Schwarzwald,NA,NA,"55.846,76","103.735,84",01.01.2021,31.12.2021,bundesanzeiger_local_maschinenbau/MB_Baeuerle_GmbH/Jahresabschluss_zum_Geschaeftsjahr_vom_01.01.2021_bis_zum_31.12.2021
VEIT GmbH,Landsberg am Lech,NA,NA,NA,NA,01.01.2021,31.12.2021,bundesanzeiger_local_maschinenbau/VEIT_GmbH/Jahresabschluss_zum_Geschaeftsjahr_vom_01.01.2021_bis_zum_31.12.2021
Hiller GmbH,Vilsbiburg,"1.351.269,89","1.550.907,53","3.590.827,95","3.538.084,05",01.01.2021,31.12.2021,bundesanzeiger_local_maschinenbau/Hiller_GmbH/Jahresabschluss_zum_Geschaeftsjahr_vom_01.01.2021_bis_zum_31.12.2021
Boma Maschinenbau GmbH,Borken,"3.052.164,00","3.385.820,00","9.205.089,61","9.722.838,61",01.01.2021,31.12.2021,bundesanzeiger_local_maschinenbau/Boma_Maschinenbau_GmbH/Jahresabschluss_zum_Geschaeftsjahr_vom_01.01.2021_bis_zum_31.12.2021
Völker GmbH,Vechta,NA,NA,"1.407.152,34","1.151.094,50",01.01.2021,31.12.2021,bundesanzeiger_local_maschinenbau/Voelker_GmbH/Jahresabschluss_zum_Geschaeftsjahr_vom_01.01.2021_bis_zum_31.12.2021
LECHLER GmbH,Metzingen,"6.402.995,18","7.194.318,85","47.572.286,78","42.583.386,72",01.01.2021,31.12.2021,bundesanzeiger_local_maschinenbau/LECHLER_GmbH/Jahresabschluss_zum_Geschaeftsjahr_vom_01.01.2021_bis_zum_31.12.2021
Schott & Meissner,Blaufelden,NA,NA,"1.222.416,00","1.367.115,00",01.01.2021,31.12.2021,bundesanzeiger_local_maschinenbau/Schott_and_Meissner/Jahresabschluss_zum_Geschaeftsjahr_vom_01.01.2021_bis_zum_31.12.2021
Müller Apparatebau GmbH,Kranzberg,NA,NA,"738.420,00","1.022.801,00",01.01.2021,31.12.2021,bundesanzeiger_local_maschinenbau/Mueller_Apparatebau_GmbH/Jahresabschluss_zum_Geschaeftsjahr_vom_01.01.2021_bis_zum_31.12.2021
Schneider Werk St. Wendel,St. Wendel,NA,NA,"1.845.308,00","2.023.123,00",01.01.2018,31.12.2018,bundesanzeiger_local_maschinenbau/Schneider_Werk_St._Wendel/Jahresabschluss_zum_Geschaeftsjahr_vom_01.01.2018_bis_zum_31.12.2018
MAJA-Maschinenfabrik,Kehl,"2.217.484,50","2.404.796,50","9.897.289,97","9.533.563,87",01.01.2021,31.12.2021,bundesanzeiger_local_maschinenbau/MAJA-Maschinenfabrik/Jahresabschluss_zum_Geschaeftsjahr_vom_01.01.2021_bis_zum_31.12.2021
HOLZER GmbH,Herbrechtingen,"152.360,67","189.057,67","918.819,25","1.002.818,25",01.01.2021,31.12.2021,bundesanzeiger_local_maschinenbau/HOLZER_GmbH/Jahresabschluss_zum_Geschaeftsjahr_vom_01.01.2021_bis_zum_31.12.2021
Isimat GmbH Siebdruckmaschinen,Ellwangen (Jagst),NA,NA,"671.568,00","644.809,00",01.01.2016,31.12.2016,bundesanzeiger_local_maschinenbau/Isimat_GmbH_Siebdruckmaschinen/Jahresabschluss_zum_Geschaeftsjahr_vom_01.01.2016_bis_zum_31.12.2016
Gottlob Stahl,Sindelfingen,"688.477,00","858.657,00","10.571.093,10","9.950.133,11",01.01.2021,31.12.2021,bundesanzeiger_local_maschinenbau/Gottlob_Stahl/Jahresabschluss_zum_Geschaeftsjahr_vom_01.01.2021_bis_zum_31.12.2021
MPM Micro Präzision Marx GmbH,Erlangen,"653.088,26","637.959,76","3.372.823,24","3.422.723,24",01.01.2021,31.12.2021,bundesanzeiger_local_maschinenbau/MPM_Micro_Praezision_Marx_GmbH/Jahresabschluss_zum_Geschaeftsjahr_vom_01.01.2021_bis_zum_31.12.2021
PETERS Maschinenbau GmbH & Co. KG,Twist,NA,NA,"1.061.134,00","720.566,62",01.01.2021,31.12.2021,bundesanzeiger_local_maschinenbau/PETERS_Maschinenbau_GmbH_and_Co._KG/Jahresabschluss_zum_Geschaeftsjahr_vom_01.01.2021_bis_zum_31.12.2021
ERMAFA,Chemnitz,"584.647,00","574.167,00","31.592,00","0,00",31.12.2007,31.12.2007,bundesanzeiger_local_maschinenbau/ERMAFA/Jahresabschluss_zum_Geschaeftsjahr_vom_01.01.2007_bis_zum_31.12.2007
Yamazaki Mazak Deutschland GmbH,Göppingen,NA,NA,18.911.918,18.985.680,01.04.2021,31.03.2022,bundesanzeiger_local_maschinenbau/Yamazaki_Mazak_Deutschland_GmbH/Jahresabschluss_zum_Geschaeftsjahr_vom_01.04.2021_bis_zum_31.03.2022
AMIS Maschinen-Vertriebs- GmbH,Zuzenhausen,"0,00","284.235,00","1.206.045,85","1.317.869,85",01.01.2021,31.12.2021,bundesanzeiger_local_maschinenbau/AMIS_Maschinen-Vertriebs-_GmbH/Jahresabschluss_zum_Geschaeftsjahr_vom_01.01.2021_bis_zum_31.12.2021
Manfred Merklinger,Buchen (Odenwald),NA,NA,"989.854,19","1.253.669,19",01.01.2021,31.12.2021,bundesanzeiger_local_maschinenbau/Manfred_Merklinger/Jahresabschluss_zum_Geschaeftsjahr_vom_01.01.2021_bis_zum_31.12.2021
Wilhelm Möller,Lage,NA,NA,"34.702,00","35.122,00",01.01.2021,31.12.2021,bundesanzeiger_local_maschinenbau/Wilhelm_Moeller/Jahresabschluss_zum_Geschaeftsjahr_vom_01.01.2021_bis_zum_31.12.2021
Lock Antriebstechnik GmbH,Ertingen,"2.878.786,00","3.414.996,00","5.007.943,84","4.672.315,34",01.01.2021,31.12.2021,bundesanzeiger_local_maschinenbau/Lock_Antriebstechnik_GmbH/Jahresabschluss_zum_Geschaeftsjahr_vom_01.01.2021_bis_zum_31.12.2021
Mohr Hebetechnik GmbH,Horst (Holstein),NA,NA,"5.756.672,56","5.902.969,56",01.01.2021,31.12.2021,bundesanzeiger_local_maschinenbau/Mohr_Hebetechnik_GmbH/Jahresabschluss_zum_Geschaeftsjahr_vom_01.01.2021_bis_zum_31.12.2021
Herrmann Ultraschalltechnik,Karlsbad,"1.427.724,00","1.801.020,00","4.237.696,51","4.245.924,51",01.04.2011,31.03.2012,bundesanzeiger_local_maschinenbau/Herrmann_Ultraschalltechnik/Jahresabschluss_zum_Geschaeftsjahr_vom_01.04.2011_bis_zum_31.03.2012
LET Meschede GmbH,Meschede,NA,NA,"708.494,00","755.812,00",01.01.2021,31.12.2021,bundesanzeiger_local_maschinenbau/LET_Meschede_GmbH/Jahresabschluss_zum_Geschaeftsjahr_vom_01.01.2021_bis_zum_31.12.2021
Liebig GmbH,Bamberg,NA,NA,"1.068.213,00","1.382.836,00",01.01.2021,31.12.2021,bundesanzeiger_local_maschinenbau/Liebig_GmbH/Jahresabschluss_zum_Geschaeftsjahr_vom_01.01.2021_bis_zum_31.12.2021
seepex GmbH,Bottrop,"2.749.931,00","3.528.813,00","11.921.021,62","12.833.374,07",01.01.2021,31.12.2021,bundesanzeiger_local_maschinenbau/seepex_GmbH/Jahresabschluss_zum_Geschaeftsjahr_vom_01.01.2021_bis_zum_31.12.2021
Röltgen GmbH & Co. KG,Solingen,NA,NA,"170.994,74","182.320,74",01.01.2021,31.12.2021,bundesanzeiger_local_maschinenbau/Roeltgen_GmbH_and_Co._KG/Jahresabschluss_zum_Geschaeftsjahr_vom_01.01.2021_bis_zum_31.12.2021
German Bionic Systems GmbH,Augsburg,NA,NA,NA,NA,-,-,
Helmers Maschinenbau GmbH,Osnabrück,"28.775,00","30.357,00","177.954,00","164.353,00",31.12.2021,31.12.2020,bundesanzeiger_local_maschinenbau/Helmers_Maschinenbau_GmbH/Jahresabschluss_zum_Geschaeftsjahr_vom_01.01.2021_bis_zum_31.12.2021
Grün GmbH Spezialmaschinenfabrik,Wilnsdorf,"162.018,00","160.948,00","162.019,00","160.948,00",01.01.2021,31.12.2021,bundesanzeiger_local_maschinenbau/Gruen_GmbH_Spezialmaschinenfabrik/Jahresabschluss_zum_Geschaeftsjahr_vom_01.01.2021_bis_zum_31.12.2021
H. F. Meyer Maschinenbau GmbH & Co. KG,Neustadt in Holstein,"80.486,00",66,"6.231.056,60",5.071,31.12.2021,31.12.2021,bundesanzeiger_local_maschinenbau/H._F._Meyer_Maschinenbau_GmbH_and_Co._KG/Jahresabschluss_zum_Geschaeftsjahr_vom_01.01.2021_bis_zum_31.12.2021
Clemens GmbH & Co. KG,Wittlich,NA,NA,"25.000,00","281.935,00",01.01.2021,31.12.2021,bundesanzeiger_local_maschinenbau/Clemens_GmbH_and_Co._KG/Jahresabschluss_zum_Geschaeftsjahr_vom_01.01.2021_bis_zum_31.12.2021
Sumitomo (SHI),Markt Indersdorf,"6.462.793,00","6.834.400,00","61.593.186,14","58.769.698,57",01.01.2021,31.12.2021,bundesanzeiger_local_maschinenbau/Sumitomo_(SHI)/Jahresabschluss_zum_Geschaeftsjahr_vom_01.01.2021_bis_zum_31.12.2021
Merz Verpackungsmaschinen GmbH,Lich,"14,00","17,00","14.584.772,59","7.994.750,55",01.01.2021,31.12.2021,bundesanzeiger_local_maschinenbau/Merz_Verpackungsmaschinen_GmbH/Jahresabschluss_zum_Geschaeftsjahr_vom_01.01.2021_bis_zum_31.12.2021
SHW Werkzeugmaschinen GmbH,Aalen,"60.785,00","77.179,00","882.142,00","987.402,00",01.01.2021,31.12.2021,bundesanzeiger_local_maschinenbau/SHW_Werkzeugmaschinen_GmbH/Jahresabschluss_zum_Geschaeftsjahr_vom_01.01.2021_bis_zum_31.12.2021
Wohlenberg Buchbindesysteme GmbH,Verden (Aller),NA,NA,NA,NA,-,-,
Dr. Schulze GmbH,Wilnsdorf,NA,NA,"1.614.148,34","1.635.283,34",01.01.2021,31.12.2021,bundesanzeiger_local_maschinenbau/Dr._Schulze_GmbH/Jahresabschluss_zum_Geschaeftsjahr_vom_01.01.2021_bis_zum_31.12.2021
FilaTech Filament,Remagen,NA,NA,"2.564.113,00","2.667.312,00",31.12.2021,31.12.2020,bundesanzeiger_local_maschinenbau/FilaTech_Filament/Jahresabschluss_zum_Geschaeftsjahr_vom_01.01.2021_bis_zum_31.12.2021
Pohle + Rehling GmbH,Oer-Erkenschwick,NA,NA,"2.672.103,00","2.831.194,00",01.01.2021,31.12.2021,bundesanzeiger_local_maschinenbau/Pohle_+_Rehling_GmbH/Jahresabschluss_zum_Geschaeftsjahr_vom_01.01.2021_bis_zum_31.12.2021
OLBRICH GmbH,Bocholt,"1.416.672,95","1.848.583,29","7.057.692,94","7.608.842,93",01.01.2021,31.12.2021,bundesanzeiger_local_maschinenbau/OLBRICH_GmbH/Jahresabschluss_zum_Geschaeftsjahr_vom_01.01.2021_bis_zum_31.12.2021
Pematech AG,Radolfzell am Bodensee,"203.476,87","143.049,31","2.583.319,97","2.614.954,90",01.01.2020,31.12.2020,bundesanzeiger_local_maschinenbau/Pematech_AG/Jahresabschluss_zum_Geschaeftsjahr_vom_01.01.2020_bis_zum_31.12.2020
MFT Maschinenfabrik Thale GmbH,Thale,"1.631.165,00","1.595.422,00","3.024.820,80","3.265.319,23",01.01.2020,31.12.2020,bundesanzeiger_local_maschinenbau/MFT_Maschinenfabrik_Thale_GmbH/Jahresabschluss_zum_Geschaeftsjahr_vom_01.01.2020_bis_zum_31.12.2020
Rieckermann GmbH,Hamburg,NA,NA,"545.259,36","604.149,34",01.01.2021,31.12.2021,bundesanzeiger_local_maschinenbau/Rieckermann_GmbH/Jahresabschluss_zum_Geschaeftsjahr_vom_01.01.2021_bis_zum_31.12.2021
KABATEC GmbH & Co. KG,Burghaun,"589.938,66","440.948,21","8.309.702,46","8.427.399,01",01.01.2021,31.12.2021,bundesanzeiger_local_maschinenbau/KABATEC_GmbH_and_Co._KG/Jahresabschluss_zum_Geschaeftsjahr_vom_01.01.2021_bis_zum_31.12.2021
Held Technologie GmbH,Trossingen,"2.197.848,66","2.409.814,11","5.753.465,54","5.926.296,40",01.01.2021,31.12.2021,bundesanzeiger_local_maschinenbau/Held_Technologie_GmbH/Jahresabschluss_zum_Geschaeftsjahr_vom_01.01.2021_bis_zum_31.12.2021
SKET Verseilmaschinenbau GmbH,Magdeburg,"12.142,00","57.487,00","879.664,00","1.617.524,00",01.01.2021,31.12.2021,bundesanzeiger_local_maschinenbau/SKET_Verseilmaschinenbau_GmbH/Jahresabschluss_zum_Geschaeftsjahr_vom_01.01.2021_bis_zum_31.12.2021
Renner Etikettiertechnik GmbH,Günzburg,NA,NA,NA,NA,01.10.2021,30.09.2022,bundesanzeiger_local_maschinenbau/Renner_Etikettiertechnik_GmbH/Jahresabschluss_zum_Geschaeftsjahr_vom_01.10.2021_bis_zum_30.09.2022
Stahl- und Maschinenbau,Buchholz in der Nordheide,NA,NA,NA,NA,-,-,
TESOMA GmbH,Lichtenau,NA,NA,"2.213.860,56","2.467.232,56",01.01.2021,31.12.2021,bundesanzeiger_local_maschinenbau/TESOMA_GmbH/Jahresabschluss_zum_Geschaeftsjahr_vom_01.01.2021_bis_zum_31.12.2021
Vulkan Technic GmbH,Wiesbaum,"146.441,00","163.867,00","3.868.889,18","3.884.273,48",01.01.2021,31.12.2021,bundesanzeiger_local_maschinenbau/Vulkan_Technic_GmbH/Jahresabschluss_zum_Geschaeftsjahr_vom_01.01.2021_bis_zum_31.12.2021
Sieber Maschinenbau GmbH,Hoya,NA,NA,"653.205,00","253.658,00",01.01.2021,31.12.2021,bundesanzeiger_local_maschinenbau/Sieber_Maschinenbau_GmbH/Jahresabschluss_zum_Geschaeftsjahr_vom_01.01.2021_bis_zum_31.12.2021
A & W Maschinenbau GmbH,Thyrnau,"2.704.364,00","3.083.161,00","10.470.641,78","11.168.190,91",01.01.2020,31.12.2020,bundesanzeiger_local_maschinenbau/A_and_W_Maschinenbau_GmbH/Jahresabschluss_zum_Geschaeftsjahr_vom_01.01.2020_bis_zum_31.12.2020
Berg & Co. GmbH,Bielefeld,NA,NA,NA,NA,-,-,
KELLER HCW GmbH,Ibbenbüren,"483.786,00","695.297,00","3.408.859,87","3.971.777,84",01.01.2021,31.12.2021,bundesanzeiger_local_maschinenbau/KELLER_HCW_GmbH/Jahresabschluss_zum_Geschaeftsjahr_vom_01.01.2021_bis_zum_31.12.2021
PPS Dietle GmbH,Haiterbach,NA,NA,434.884,334,01.01.2021,31.12.2021,bundesanzeiger_local_maschinenbau/PPS_Dietle_GmbH/Jahresabschluss_zum_Geschaeftsjahr_vom_01.01.2021_bis_zum_31.12.2021
Joachim Richter Systeme und Maschinen,Konken,NA,NA,"11.175,50","18.250,00",01.01.2021,31.12.2021,bundesanzeiger_local_maschinenbau/Joachim_Richter_Systeme_und_Maschinen/Jahresabschluss_zum_Geschaeftsjahr_vom_01.01.2021_bis_zum_31.12.2021
Dr. Fritsch Sondermaschinen GmbH,Fellbach,NA,NA,"320.675,00","310.519,00",01.01.2021,31.12.2021,bundesanzeiger_local_maschinenbau/Dr._Fritsch_Sondermaschinen_GmbH/Jahresabschluss_zum_Geschaeftsjahr_vom_01.01.2021_bis_zum_31.12.2021
ACCRETECH (Europe) GmbH,München,"90.553,66","92.623,42","740.404,84","630.413,30",01.04.2021,31.03.2022,bundesanzeiger_local_maschinenbau/ACCRETECH_(Europe)_GmbH/Jahresabschluss_zum_Geschaeftsjahr_vom_01.04.2021_bis_zum_31.03.2022
Carrier Transicold Deutschland GmbH,Georgsmarienhütte,NA,NA,"364.825,71","425.136,50",01.01.2021,31.12.2021,bundesanzeiger_local_maschinenbau/Carrier_Transicold_Deutschland_GmbH/Jahresabschluss_zum_Geschaeftsjahr_vom_01.01.2021_bis_zum_31.12.2021
Maschinenfabrik H. Schlüter GmbH,Neustadt am Rübenberge,NA,NA,NA,NA,-,-,
ISRA VISION GmbH,Darmstadt,NA,NA,"8.461,04","3.691,84",01.10.2020,30.09.2021,bundesanzeiger_local_maschinenbau/ISRA_VISION_GmbH/Jahresabschluss_zum_Geschaeftsjahr_vom_01.10.2020_bis_zum_30.09.2021
Hennecke GmbH,Sankt Augustin,NA,NA,NA,NA,01.01.2019,31.12.2019,bundesanzeiger_local_maschinenbau/Hennecke_GmbH/Jahresabschluss_zum_Geschaeftsjahr_vom_01.01.2019_bis_zum_31.12.2019
INKA System GmbH,Heiligenstadt in Oberfranken,NA,NA,NA,NA,-,-,
BBG GmbH & Co. KG,Mindelheim,"6.325.917,49","6.325.917,49","11.541.568,95",11.071,01.01.2021,31.12.2021,bundesanzeiger_local_maschinenbau/BBG_GmbH_and_Co._KG/Jahresabschluss_zum_Geschaeftsjahr_vom_01.01.2021_bis_zum_31.12.2021
J. Engelsmann AG,Ludwigshafen am Rhein,"20.934,16","23.396,30","3.056.525,66","3.224.941,24",01.01.2021,31.12.2021,bundesanzeiger_local_maschinenbau/J._Engelsmann_AG/Jahresabschluss_zum_Geschaeftsjahr_vom_01.01.2021_bis_zum_31.12.2021
D + E GmbH,Neuwied,NA,NA,NA,NA,-,-,
HAMUEL Maschinenbau GmbH & Co. KG,Meeder,NA,NA,NA,NA,-,-,
MAKA Systems GmbH,Nersingen,"5.658,67","7.209,00","60.710,55","84.710,04",31.12.2021,31.12.2020,bundesanzeiger_local_maschinenbau/MAKA_Systems_GmbH/Jahresabschluss_zum_Geschaeftsjahr_vom_01.01.2021_bis_zum_31.12.2021
Huning Maschinenbau GmbH,Melle,"1.940.270,00","2.286.933,00","13.434.663,43","13.952.796,72",01.01.2021,31.12.2021,bundesanzeiger_local_maschinenbau/Huning_Maschinenbau_GmbH/Jahresabschluss_zum_Geschaeftsjahr_vom_01.01.2021_bis_zum_31.12.2021
Gebr. Schmid GmbH,Freudenstadt,"1.422.290,22","1.954.375,32","12.919.258,91","14.310.764,98",01.01.2021,31.12.2021,bundesanzeiger_local_maschinenbau/Gebr._Schmid_GmbH/Jahresabschluss_zum_Geschaeftsjahr_vom_01.01.2021_bis_zum_31.12.2021
Fooke GmbH,Borken,NA,NA,"10.810.601,51","11.558.849,51",01.01.2021,31.12.2021,bundesanzeiger_local_maschinenbau/Fooke_GmbH/Jahresabschluss_zum_Geschaeftsjahr_vom_01.01.2021_bis_zum_31.12.2021
Rögelberg Getriebe GmbH & Co. KG,Meppen,NA,NA,NA,NA,01.01.2019,31.12.2019,bundesanzeiger_local_maschinenbau/Roegelberg_Getriebe_GmbH_and_Co._KG/Jahresabschluss_zum_Geschaeftsjahr_vom_01.01.2019_bis_zum_31.12.2019
Pedax GmbH,Bitburg,NA,NA,NA,NA,01.01.2011,31.12.2011,bundesanzeiger_local_maschinenbau/Pedax_GmbH/Jahresabschluss_zum_Geschaeftsjahr_vom_01.01.2011_bis_zum_31.12.2011
Schechtl Maschinenbau GmbH,Edling,"648.898,50","623.424,00","2.251.524,62","1.767.723,62",01.01.2020,31.12.2020,bundesanzeiger_local_maschinenbau/Schechtl_Maschinenbau_GmbH/Jahresabschluss_zum_Geschaeftsjahr_vom_01.01.2020_bis_zum_31.12.2020
Salzhausener Maschinenbautechnik,Gödenstorf,"30.241,00","4,00","20.965.139,20",16.928,01.01.2021,31.12.2021,bundesanzeiger_local_maschinenbau/Salzhausener_Maschinenbautechnik/Jahresabschluss_zum_Geschaeftsjahr_vom_01.01.2021_bis_zum_31.12.2021
Nagel,Nürtingen,"4.308.803,00","5.381.759,00","60.071.683,44","60.813.227,86",31.12.2021,31.12.2021,bundesanzeiger_local_maschinenbau/Nagel/Jahresabschluss_zum_Geschaeftsjahr_vom_01.01.2021_bis_zum_31.12.2021
Buhmann Systeme GmbH,Weiler-Simmerberg,"200.778,00","438.164,00","438.449,26","470.227,00",31.12.2006,31.12.2006,bundesanzeiger_local_maschinenbau/Buhmann_Systeme_GmbH/Jahresabschluss_zum_31.12.2006
Werner Rathmann Maschinenbau GmbH,Ritterhude,NA,NA,"799.646,00","1.044.051,00",01.01.2021,31.12.2021,bundesanzeiger_local_maschinenbau/Werner_Rathmann_Maschinenbau_GmbH/Jahresabschluss_zum_Geschaeftsjahr_vom_01.01.2021_bis_zum_31.12.2021
Robert Koch GmbH,Meßstetten,NA,NA,"1.439.195,00","1.729.707,00",01.01.2021,31.12.2021,bundesanzeiger_local_maschinenbau/Robert_Koch_GmbH/Jahresabschluss_zum_Geschaeftsjahr_vom_01.01.2021_bis_zum_31.12.2021
Heckmann Maschinenbau,Dörverden,NA,NA,"1.240.844,50","1.245.628,50",01.01.2021,31.12.2021,bundesanzeiger_local_maschinenbau/Heckmann_Maschinenbau/Jahresabschluss_zum_Geschaeftsjahr_vom_01.01.2021_bis_zum_31.12.2021
TS Henschel GmbH,Kassel,NA,NA,NA,NA,-,-,
Maschinenbau Scholz GmbH & Co. KG,Coesfeld,"4.356.220,53","4.518.516,06","27.945.509,91","28.475.290,46",30.09.2022,30.09.2021,bundesanzeiger_local_maschinenbau/Maschinenbau_Scholz_GmbH_and_Co._KG/Jahresabschluss_zum_Geschaeftsjahr_vom_01.10.2021_bis_zum_30.09.2022
Korsch Aktiengesellschaft,Berlin,"2.032.020,15",2.831,"74.364.233,46",68.871,01.01.2021,31.12.2021,bundesanzeiger_local_maschinenbau/Korsch_Aktiengesellschaft/Jahresabschluss_zum_Geschaeftsjahr_vom_01.01.2021_bis_zum_31.12.2021
Bühler GmbH,Beilngries,"5.384.448,27",6.264,"21.062.542,95",23.053,01.01.2021,31.12.2021,bundesanzeiger_local_maschinenbau/Buehler_GmbH/Jahresabschluss_zum_Geschaeftsjahr_vom_01.01.2021_bis_zum_31.12.2021
Bühler GmbH,Braunschweig,"5.384.448,27",6.264,"21.062.542,95",23.053,01.01.2021,31.12.2021,bundesanzeiger_local_maschinenbau/Buehler_GmbH/Jahresabschluss_zum_Geschaeftsjahr_vom_01.01.2021_bis_zum_31.12.2021
Schnaithmann Maschinenbau GmbH,Remshalden,"449.551,50",421,"2.283.789,00",2.479,31.12.2021,31.12.2020,bundesanzeiger_local_maschinenbau/Schnaithmann_Maschinenbau_GmbH/Jahresabschluss_zum_Geschaeftsjahr_vom_01.01.2021_bis_zum_31.12.2021
Maschinenbau Wüst GmbH,Ötzingen,NA,NA,"660.677,00","588.167,50",01.01.2021,31.12.2021,bundesanzeiger_local_maschinenbau/Maschinenbau_Wuest_GmbH/Jahresabschluss_zum_Geschaeftsjahr_vom_01.01.2021_bis_zum_31.12.2021
DMA Maschinen- und Anlagenbau,Höxter,NA,NA,NA,NA,01.01.2011,31.12.2011,bundesanzeiger_local_maschinenbau/DMA_Maschinen-_und_Anlagenbau/Jahresabschluss_zum_Geschaeftsjahr_vom_01.01.2011_bis_zum_31.12.2011
Adolf Müller GmbH u. Co. KG,Scheeßel,"158.310,00","142.041,00","6,00","6,00",01.01.2021,31.12.2021,bundesanzeiger_local_maschinenbau/Adolf_Mueller_GmbH_u._Co._KG/Jahresabschluss_zum_Geschaeftsjahr_vom_01.01.2021_bis_zum_31.12.2021
Hedrich GmbH,Ehringshausen,NA,NA,"24,00","24,00",01.01.2019,31.12.2019,bundesanzeiger_local_maschinenbau/Hedrich_GmbH/Jahresabschluss_zum_Geschaeftsjahr_vom_01.01.2019_bis_zum_31.12.2019
Alfa Laval Mid Europe GmbH,Glinde,"38.493,32","57.158,92","192.767,92","526.611,87",01.01.2021,31.12.2021,bundesanzeiger_local_maschinenbau/Alfa_Laval_Mid_Europe_GmbH/Jahresabschluss_zum_Geschaeftsjahr_vom_01.01.2021_bis_zum_31.12.2021
Reich GmbH,Mellrichstadt,NA,NA,"20.191.510,72","21.335.242,94",01.01.2021,31.12.2021,bundesanzeiger_local_maschinenbau/Reich_GmbH/Jahresabschluss_zum_Geschaeftsjahr_vom_01.01.2021_bis_zum_31.12.2021
Bernhard Upmann,Rheine,"174.862,68","75.509,90","515.012,47","317.099,86",01.01.2021,31.12.2021,bundesanzeiger_local_maschinenbau/Bernhard_Upmann/Jahresabschluss_zum_Geschaeftsjahr_vom_01.01.2021_bis_zum_31.12.2021
FGB: Präzisionsmaschinenbau,Zella-Mehlis,NA,NA,"1.013.144,69","1.152.884,69",01.01.2021,31.12.2021,bundesanzeiger_local_maschinenbau/FGB:_Praezisionsmaschinenbau/Jahresabschluss_zum_Geschaeftsjahr_vom_01.01.2021_bis_zum_31.12.2021
FONG'S EUROPE GMBH,Michelbach an der Bilz,NA,NA,NA,NA,-,-,
Brother Sewing Machines Europe GmbH,Bad Vilbel,NA,NA,"421.351,78","404.335,67",01.04.2020,31.03.2021,bundesanzeiger_local_maschinenbau/Brother_Sewing_Machines_Europe_GmbH/Jahresabschluss_zum_Geschaeftsjahr_vom_01.04.2020_bis_zum_31.03.2021
DMT Demminer Maschinenbau Technik GmbH,Demmin,1,80,"77.657,00","374.707,00",31.12.2021,31.12.2020,bundesanzeiger_local_maschinenbau/DMT_Demminer_Maschinenbau_Technik_GmbH/Jahresabschluss_zum_Geschaeftsjahr_vom_01.01.2021_bis_zum_31.12.2021
SEMA Mechanik GmbH & Co. KG,Kirchlengern,NA,NA,"2.785.115,40","2.918.421,40",01.01.2021,31.12.2021,bundesanzeiger_local_maschinenbau/SEMA_Mechanik_GmbH_and_Co._KG/Jahresabschluss_zum_Geschaeftsjahr_vom_01.01.2021_bis_zum_31.12.2021
Edwards GmbH,Feldkirchen,NA,NA,"6.786.067,04",5.646,01.01.2018,31.12.2018,bundesanzeiger_local_maschinenbau/Edwards_GmbH/Jahresabschluss_zum_Geschaeftsjahr_vom_01.01.2018_bis_zum_31.12.2018
Rotodecor GmbH,Lage,NA,NA,"0,00","0,00",01.01.2021,31.12.2021,bundesanzeiger_local_maschinenbau/Rotodecor_GmbH/Jahresabschluss_zum_Geschaeftsjahr_vom_01.01.2021_bis_zum_31.12.2021
Pharmaplan GmbH,Bad Homburg v. d. Höhe,NA,NA,"7.257.402,22","7.784.502,14",01.01.2021,31.12.2021,bundesanzeiger_local_maschinenbau/Pharmaplan_GmbH/Jahresabschluss_zum_Geschaeftsjahr_vom_01.01.2021_bis_zum_31.12.2021
Krallmann GmbH,Hiddenhausen,"22.180,00","35.348,00","65.134,00","78.520,00",01.01.2019,31.12.2019,bundesanzeiger_local_maschinenbau/Krallmann_GmbH/Jahresabschluss_zum_Geschaeftsjahr_vom_01.01.2019_bis_zum_31.12.2019
DEBAG Deutsche Backofenbau GmbH,Bautzen,NA,NA,NA,NA,-,-,
Mayer GmbH & Co. KG,Heidenheim an der Brenz,NA,NA,NA,NA,-,-,
Sandvik Holding GmbH,Düsseldorf,NA,NA,"887.641,50","1.013.497,51",01.01.2021,31.12.2021,bundesanzeiger_local_maschinenbau/Sandvik_Holding_GmbH/Jahresabschluss_zum_Geschaeftsjahr_vom_01.01.2021_bis_zum_31.12.2021
Haimer GmbH,Igenhausen,"2.572.377,00","2.547.201,00","5.877.027,00","5.481.094,00",01.01.2021,31.12.2021,bundesanzeiger_local_maschinenbau/Haimer_GmbH/Jahresabschluss_zum_Geschaeftsjahr_vom_01.01.2021_bis_zum_31.12.2021
Nederman GmbH,Köngen,"3.457,02","0,00",01.01.2019,31.12.2019,01.01.2019,31.12.2019,bundesanzeiger_local_maschinenbau/Nederman_GmbH/Jahresabschluss_zum_Geschaeftsjahr_vom_01.01.2019_bis_zum_31.12.2019
Troester GmbH & Co. KG,Hannover,"2.829.056,00","2.621.002,00","5.086.211,00","6.064.945,52",31.12.2012,31.12.2011,bundesanzeiger_local_maschinenbau/Troester_GmbH_and_Co._KG/Jahresabschluss_zum_Geschaeftsjahr_vom_01.01.2012_bis_zum_31.12.2012
PERFECTA,Bautzen,"1.463.995,24","92.304,61","1.588.630,84","1.496.765,44",01.01.2021,31.12.2021,bundesanzeiger_local_maschinenbau/PERFECTA/Jahresabschluss_zum_Geschaeftsjahr_vom_01.01.2021_bis_zum_31.12.2021
Neugart GmbH,Kippenheim,NA,NA,NA,NA,01.01.2021,31.12.2021,bundesanzeiger_local_maschinenbau/Neugart_GmbH/Jahresabschluss_zum_Geschaeftsjahr_vom_01.01.2021_bis_zum_31.12.2021
SCHMIDT Technology GmbH,St. Georgen im Schwarzwald,"0,00","4.986,00","2.635.016,50","2.767.287,45",01.01.2021,31.12.2021,bundesanzeiger_local_maschinenbau/SCHMIDT_Technology_GmbH/Jahresabschluss_zum_Geschaeftsjahr_vom_01.01.2021_bis_zum_31.12.2021
Albert & Hummel GmbH,Bamberg,NA,NA,"200.558,00","297.600,50",01.01.2021,31.12.2021,bundesanzeiger_local_maschinenbau/Albert_and_Hummel_GmbH/Jahresabschluss_zum_Geschaeftsjahr_vom_01.01.2021_bis_zum_31.12.2021
Glaston Germany GmbH,Neuhausen (Enzkreis),NA,NA,NA,NA,-,-,
Spatz & Heitmüller GmbH & Co. KG,Bremen,NA,NA,"28.579,02",25,01.01.2011,31.12.2011,bundesanzeiger_local_maschinenbau/Spatz_and_Heitmueller_GmbH_and_Co._KG/Jahresabschluss_zum_Geschaeftsjahr_vom_01.01.2011_bis_zum_31.12.2011
Häcker Automation GmbH,Waltershausen,"228.400,00","851.836,50","2.510.456,65","3.164.862,88",01.01.2021,31.12.2021,bundesanzeiger_local_maschinenbau/Haecker_Automation_GmbH/Jahresabschluss_zum_Geschaeftsjahr_vom_01.01.2021_bis_zum_31.12.2021
EKATO HOLDING GmbH,Freiburg im Breisgau,NA,NA,"22.564.415,70","22.594.392,51",01.04.2021,31.03.2022,bundesanzeiger_local_maschinenbau/EKATO_HOLDING_GmbH/Jahresabschluss_zum_Geschaeftsjahr_vom_01.04.2021_bis_zum_31.03.2022
elumatec AG,Mühlacker,"507.883,58",807,"1.891.087,81",1.847,30.06.2022,30.04.2021,bundesanzeiger_local_maschinenbau/elumatec_AG/Jahresabschluss_zum_Geschaeftsjahr_vom_01.01.2021_bis_zum_31.12.2021
ROVEMA GmbH,Fernwald,"1.999.426,00","1.385.350,00","6.843.651,21","4.747.166,41",01.01.2017,31.12.2017,bundesanzeiger_local_maschinenbau/ROVEMA_GmbH/Jahresabschluss_zum_Geschaeftsjahr_vom_01.01.2017_bis_zum_31.12.2017
Neue ZWL Zahnradwerk Leipzig GmbH,Leipzig,NA,NA,"255,50","296,50",01.01.2021,31.12.2021,bundesanzeiger_local_maschinenbau/Neue_ZWL_Zahnradwerk_Leipzig_GmbH/Jahresabschluss_zum_Geschaeftsjahr_vom_01.01.2021_bis_zum_31.12.2021
RONO Maschinenbau GmbH,Selmsdorf,"1.095.178,76","1.279.107,76","4.002.849,96","4.129.848,82",01.01.2021,31.12.2021,bundesanzeiger_local_maschinenbau/RONO_Maschinenbau_GmbH/Jahresabschluss_zum_Geschaeftsjahr_vom_01.01.2021_bis_zum_31.12.2021
HEKUMA GmbH,Hallbergmoos,"510.757,00","588.659,00",25.902,26.377,01.01.2021,30.07.2021,bundesanzeiger_local_maschinenbau/HEKUMA_GmbH/Jahresabschluss_zum_Geschaeftsjahr_vom_01.01.2021_bis_zum_30.07.2021
SWF Krantechnik GmbH,Mannheim,NA,NA,NA,NA,01.01.2021,31.12.2021,bundesanzeiger_local_maschinenbau/SWF_Krantechnik_GmbH/Jahresabschluss_zum_Geschaeftsjahr_vom_01.01.2021_bis_zum_31.12.2021
B&B Verpackungstechnik GmbH,Hopsten,"2.038.299,95","353.322,43","1.158.635,00","879.599,00",01.01.2021,31.12.2021,bundesanzeiger_local_maschinenbau/BandB_Verpackungstechnik_GmbH/Jahresabschluss_zum_Geschaeftsjahr_vom_01.01.2021_bis_zum_31.12.2021
Christian Pfeiffer,Beckum,"785.581,03","479.048,84","4.062.416,51","3.765.132,00",01.01.2021,31.12.2021,bundesanzeiger_local_maschinenbau/Christian_Pfeiffer/Jahresabschluss_zum_Geschaeftsjahr_vom_01.01.2021_bis_zum_31.12.2021
SFA Mechanische Fertigung,Aichstetten,NA,NA,"1.211.103,62","1.179.805,62",01.01.2021,31.12.2021,bundesanzeiger_local_maschinenbau/SFA_Mechanische_Fertigung/Jahresabschluss_zum_Geschaeftsjahr_vom_01.01.2021_bis_zum_31.12.2021
Sumitomo (SHI) Demag,Schwaig,13.119,11.298,27.222,28.813,01.01.2021,31.12.2021,bundesanzeiger_local_maschinenbau/Sumitomo_(SHI)_Demag/Jahresabschluss_zum_Geschaeftsjahr_vom_01.01.2021_bis_zum_31.12.2021
Baljer & Zembrod GmbH & Co. KG,Altshausen,"465.667,00","396.203,00","4.055.983,28","3.756.467,28",01.01.2021,31.12.2021,bundesanzeiger_local_maschinenbau/Baljer_and_Zembrod_GmbH_and_Co._KG/Jahresabschluss_zum_Geschaeftsjahr_vom_01.01.2021_bis_zum_31.12.2021
Bihl + Wiedemann GmbH,Mannheim,"384.212,00","255.881,00","3.124.144,39","3.071.192,33",01.01.2021,31.12.2021,bundesanzeiger_local_maschinenbau/Bihl_+_Wiedemann_GmbH/Jahresabschluss_zum_Geschaeftsjahr_vom_01.01.2021_bis_zum_31.12.2021
Dürkopp Fördertechnik GmbH,Bielefeld,"1.706.381,00","1.860.172,00","15.720.313,48","9.571.274,55",01.04.2021,31.03.2022,bundesanzeiger_local_maschinenbau/Duerkopp_Foerdertechnik_GmbH/Jahresabschluss_zum_Geschaeftsjahr_vom_01.04.2021_bis_zum_31.03.2022
Avermann Maschinenfabrik GmbH & Co. KG,Osnabrück,NA,NA,"21.891,47","25.175,19",31.12.2019,31.12.2018,bundesanzeiger_local_maschinenbau/Avermann_Maschinenfabrik_GmbH_and_Co._KG/Jahresabschluss_zum_Geschaeftsjahr_vom_01.01.2019_bis_zum_31.12.2019
Schwarz Elektromotoren GmbH,Rehau,"2.392.776,66","1.628.472,00","3.030.436,24","2.150.082,00",01.01.2021,31.12.2021,bundesanzeiger_local_maschinenbau/Schwarz_Elektromotoren_GmbH/Jahresabschluss_zum_Geschaeftsjahr_vom_01.01.2021_bis_zum_31.12.2021
THIES GmbH & Co. KG,Coesfeld,NA,NA,NA,NA,-,-,
Bertschinger GmbH & Co. KG,Aldingen,NA,NA,"2.769.931,09","2.403.141,09",01.01.2021,31.12.2021,bundesanzeiger_local_maschinenbau/Bertschinger_GmbH_and_Co._KG/Jahresabschluss_zum_Geschaeftsjahr_vom_01.01.2021_bis_zum_31.12.2021
FlexLink Systems GmbH,Offenbach am Main,NA,NA,"442.523,72","867.002,70",01.01.2021,31.12.2021,bundesanzeiger_local_maschinenbau/FlexLink_Systems_GmbH/Jahresabschluss_zum_Geschaeftsjahr_vom_01.01.2021_bis_zum_31.12.2021
KTR Systems GmbH,Rheine,"1.777.912,00","1.899,1","4.728.692,80","4.715,0",01.01.2021,31.12.2021,bundesanzeiger_local_maschinenbau/KTR_Systems_GmbH/Jahresabschluss_zum_Geschaeftsjahr_vom_01.01.2021_bis_zum_31.12.2021
Heinzmann GmbH & Co. KG,Schönau im Schwarzwald,NA,NA,NA,NA,-,-,
Sander Maschinenbau GmbH & Co. KG,Ibbenbüren,NA,NA,"580.282,00","648.119,00",01.01.2020,31.12.2020,bundesanzeiger_local_maschinenbau/Sander_Maschinenbau_GmbH_and_Co._KG/Jahresabschluss_zum_Geschaeftsjahr_vom_01.01.2020_bis_zum_31.12.2020
HECHT Technologie GmbH,Pfaffenhofen an der Ilm,NA,NA,NA,NA,-,-,
GLAMA Maschinenbau GmbH,Gladbeck,"468.096,00","490.331,50","38.958.933,40","37.125.366,98",01.01.2021,31.12.2021,bundesanzeiger_local_maschinenbau/GLAMA_Maschinenbau_GmbH/Jahresabschluss_zum_Geschaeftsjahr_vom_01.01.2021_bis_zum_31.12.2021
Eugen Arnold GmbH.,Filderstadt,"889.966,00","1.024.707,00","1.751.902,22","1.894.682,22",01.01.2021,31.12.2021,bundesanzeiger_local_maschinenbau/Eugen_Arnold_GmbH./Jahresabschluss_zum_Geschaeftsjahr_vom_01.01.2021_bis_zum_31.12.2021
Janz Tec AG,Paderborn,NA,NA,"1.003.643,11","880.942,11",01.01.2021,31.12.2021,bundesanzeiger_local_maschinenbau/Janz_Tec_AG/Jahresabschluss_zum_Geschaeftsjahr_vom_01.01.2021_bis_zum_31.12.2021
VAF Gesellschaft für Verkettungsanlagen,Bopfingen,"2.301.413,81","3.829.185,93","24.817.256,15","28.269.112,80",01.01.2021,31.12.2021,bundesanzeiger_local_maschinenbau/VAF_Gesellschaft_fuer_Verkettungsanlagen/Jahresabschluss_zum_Geschaeftsjahr_vom_01.01.2021_bis_zum_31.12.2021
WEKAL Maschinenbau GmbH,St. Egidien,NA,NA,"755.527,85",943,31.12.2021,31.12.2020,bundesanzeiger_local_maschinenbau/WEKAL_Maschinenbau_GmbH/Jahresabschluss_zum_Geschaeftsjahr_vom_01.01.2021_bis_zum_31.12.2021
komax Kabelverarbeitungs-,Nürnberg,NA,NA,NA,NA,01.01.2020,31.12.2020,bundesanzeiger_local_maschinenbau/komax_Kabelverarbeitungs-/Jahresabschluss_zum_Geschaeftsjahr_vom_01.01.2020_bis_zum_31.12.2020
MBM Industrie GmbH,Mühldorf a. Inn,NA,NA,NA,NA,-,-,
Gämmerler GmbH,Geretsried,NA,NA,"52.250,18","65.561,42",01.01.2021,31.12.2021,bundesanzeiger_local_maschinenbau/Gaemmerler_GmbH/Jahresabschluss_zum_Geschaeftsjahr_vom_01.01.2021_bis_zum_31.12.2021
airinotec GmbH,Bayreuth,"79.431,90","89.454,57","1.778.656,27","1.867.091,81",01.01.2021,31.12.2021,bundesanzeiger_local_maschinenbau/airinotec_GmbH/Jahresabschluss_zum_Geschaeftsjahr_vom_01.01.2021_bis_zum_31.12.2021
Maschinenfabrik Herkules GmbH & Co. KG,Siegen,NA,NA,"4.274.491,40","17.039.328,38",01.01.2014,31.12.2014,bundesanzeiger_local_maschinenbau/Maschinenfabrik_Herkules_GmbH_and_Co._KG/Jahresabschluss_zum_Geschaeftsjahr_vom_01.01.2014_bis_zum_31.12.2014
Rollon GmbH,Düsseldorf,"380.693,33","408.435,23","997.309,08","1.133.160,35",01.01.2021,31.12.2021,bundesanzeiger_local_maschinenbau/Rollon_GmbH/Jahresabschluss_zum_Geschaeftsjahr_vom_01.01.2021_bis_zum_31.12.2021
WESPA Metallsägenfabrik,Melsungen,"1.490.294,46","1.982.839,99","1.517.984,06","1.988.795,04",01.01.2021,31.12.2021,bundesanzeiger_local_maschinenbau/WESPA_Metallsaegenfabrik/Jahresabschluss_zum_Geschaeftsjahr_vom_01.01.2021_bis_zum_31.12.2021
Unterschütz Sondermaschinenbau GmbH,Hettstedt,"3.689.300,00","2.764.181,00","4.086.394,00",3.128,01.01.2021,31.12.2021,bundesanzeiger_local_maschinenbau/Unterschuetz_Sondermaschinenbau_GmbH/Jahresabschluss_zum_Geschaeftsjahr_vom_01.01.2021_bis_zum_31.12.2021
AMOVA GmbH,Hilchenbach,NA,NA,NA,NA,-,-,
Engel Deutschland GmbH,Nürnberg,"1.397.129,00","744.894,00","13.650.352,50","13.649.496,50",01.04.2021,31.03.2022,bundesanzeiger_local_maschinenbau/Engel_Deutschland_GmbH/Jahresabschluss_zum_Geschaeftsjahr_vom_01.04.2021_bis_zum_31.03.2022
Supfina Grieshaber GmbH & Co. KG,Wolfach,"8.086.351,38","553.238,83","13.228.922,26",12.665,01.01.2021,31.12.2021,bundesanzeiger_local_maschinenbau/Supfina_Grieshaber_GmbH_and_Co._KG/Jahresabschluss_zum_Geschaeftsjahr_vom_01.01.2021_bis_zum_31.12.2021
Franz Kessler GmbH,Bad Buchau,NA,NA,"2,00","2,00",01.01.2021,31.12.2021,bundesanzeiger_local_maschinenbau/Franz_Kessler_GmbH/Jahresabschluss_zum_Geschaeftsjahr_vom_01.01.2021_bis_zum_31.12.2021
Bauer Unternehmensgruppe GmbH & Co. KG,Weilheim i.OB,NA,NA,NA,NA,-,-,
Ludwig Schwerdtel GmbH,Karlsfeld,"129.292,50",247,"651.187,92",716,01.01.2021,31.12.2021,bundesanzeiger_local_maschinenbau/Ludwig_Schwerdtel_GmbH/Jahresabschluss_zum_Geschaeftsjahr_vom_01.01.2021_bis_zum_31.12.2021
PLAKOMA GmbH Hütten- und Walzwerktechnik,Nalbach,"398.293,72",533,"593.390,42",796,01.01.2021,31.12.2021,bundesanzeiger_local_maschinenbau/PLAKOMA_GmbH_Huetten-_und_Walzwerktechnik/Jahresabschluss_zum_Geschaeftsjahr_vom_01.01.2021_bis_zum_31.12.2021
BBM Maschinenbau und Vertriebs GmbH,Langenberg,"1.181.379,00","301.919,00","4.972.500,43","4.226.514,63",01.01.2021,31.12.2021,bundesanzeiger_local_maschinenbau/BBM_Maschinenbau_und_Vertriebs_GmbH/Jahresabschluss_zum_Geschaeftsjahr_vom_01.01.2021_bis_zum_31.12.2021
Hinterkopf GmbH,Eislingen/Fils,NA,NA,NA,NA,-,-,
Robert Bürkle GmbH,Freudenstadt,"215.860,00",243,"6.840.058,02",7.069,01.01.2021,31.12.2021,bundesanzeiger_local_maschinenbau/Robert_Buerkle_GmbH/Jahresabschluss_zum_Geschaeftsjahr_vom_01.01.2021_bis_zum_31.12.2021
GoGaS Goch GmbH & Co. KG,Dortmund,"74.459,00","34.880,00","704.895,25","687.011,10",01.10.2019,30.09.2020,bundesanzeiger_local_maschinenbau/GoGaS_Goch_GmbH_and_Co._KG/Jahresabschluss_zum_Geschaeftsjahr_vom_01.10.2019_bis_zum_30.09.2020
Günther Maschinenbau GmbH,Eppertshausen,"17.554,00","49.374,00","677.137,67","197.358,67",01.01.2021,31.12.2021,bundesanzeiger_local_maschinenbau/Guenther_Maschinenbau_GmbH/Jahresabschluss_zum_Geschaeftsjahr_vom_01.01.2021_bis_zum_31.12.2021
Kuper Maschinen und Anlagen GmbH,Rietberg,NA,NA,"1.234,00","1.716,00",01.01.2017,31.12.2017,bundesanzeiger_local_maschinenbau/Kuper_Maschinen_und_Anlagen_GmbH/Jahresabschluss_zum_Geschaeftsjahr_vom_01.01.2017_bis_zum_31.12.2017
Carl Kurt Walther GmbH & Co. KG,Haan,NA,NA,NA,NA,01.01.2021,31.12.2021,bundesanzeiger_local_maschinenbau/Carl_Kurt_Walther_GmbH_and_Co._KG/Jahresabschluss_zum_Geschaeftsjahr_vom_01.01.2021_bis_zum_31.12.2021
bielomatik GmbH,Römerstein,"823.024,74","921.672,59","1.318.987,97","1.584.713,88",01.01.2021,31.12.2021,bundesanzeiger_local_maschinenbau/bielomatik_GmbH/Jahresabschluss_zum_Geschaeftsjahr_vom_01.01.2021_bis_zum_31.12.2021
Holz-Her GmbH,Nürtingen,NA,NA,"3.228.390,00",3.255,01.01.2021,31.12.2021,bundesanzeiger_local_maschinenbau/Holz-Her_GmbH/Jahresabschluss_zum_Geschaeftsjahr_vom_01.01.2021_bis_zum_31.12.2021
Borsig GmbH,Berlin,NA,NA,"0,00","66,00",01.01.2021,31.12.2021,bundesanzeiger_local_maschinenbau/Borsig_GmbH/Jahresabschluss_zum_Geschaeftsjahr_vom_01.01.2021_bis_zum_31.12.2021
Heinrich Georg GmbH Maschinenfabrik,Kreuztal,"7.387.116,00","6.666.887,00","10.623.161,00","9.430.220,00",01.01.2021,31.12.2021,bundesanzeiger_local_maschinenbau/Heinrich_Georg_GmbH_Maschinenfabrik/Jahresabschluss_zum_Geschaeftsjahr_vom_01.01.2021_bis_zum_31.12.2021
Richter GmbH & Co. KG,Hürtgenwald,NA,NA,"972.036,57","754.594,66",01.01.2021,31.12.2021,bundesanzeiger_local_maschinenbau/Richter_GmbH_and_Co._KG/Jahresabschluss_zum_Geschaeftsjahr_vom_01.01.2021_bis_zum_31.12.2021
Rodriguez GmbH,Eschweiler,"383.368,43","215.557,42","2.206.763,92","2.122.273,17",01.01.2021,31.12.2021,bundesanzeiger_local_maschinenbau/Rodriguez_GmbH/Jahresabschluss_zum_Geschaeftsjahr_vom_01.01.2021_bis_zum_31.12.2021
MSB GmbH & Co. KG,Bischofsheim a.d.Rhön,"241.025,00","319.169,00","7.543.806,67","7.887.526,67",01.01.2021,31.12.2021,bundesanzeiger_local_maschinenbau/MSB_GmbH_and_Co._KG/Jahresabschluss_zum_Geschaeftsjahr_vom_01.01.2021_bis_zum_31.12.2021
VIBRA MASCHINENFABRIK,Offenbach am Main,"2.703.191,46","2.033.161,46","6.767.772,38","7.437.364,86",01.01.2021,31.12.2021,bundesanzeiger_local_maschinenbau/VIBRA_MASCHINENFABRIK/Jahresabschluss_zum_Geschaeftsjahr_vom_01.01.2021_bis_zum_31.12.2021
EWAB Engineering GmbH,Hann. Münden,"106.678,15","81.959,74",2021,2020,01.01.2021,31.12.2021,bundesanzeiger_local_maschinenbau/EWAB_Engineering_GmbH/Jahresabschluss_zum_Geschaeftsjahr_vom_01.01.2021_bis_zum_31.12.2021
IGENO Fahrzeug-,Nordhausen,NA,NA,"665.138,04","664.415,04",01.01.2021,31.12.2021,bundesanzeiger_local_maschinenbau/IGENO_Fahrzeug-/Jahresabschluss_zum_Geschaeftsjahr_vom_01.01.2021_bis_zum_31.12.2021
A.T.A. Anlagentechnik Aschersleben,Aschersleben,NA,NA,"1.325.736,51","1.413.479,51",01.01.2021,31.12.2021,bundesanzeiger_local_maschinenbau/A.T.A._Anlagentechnik_Aschersleben/Jahresabschluss_zum_Geschaeftsjahr_vom_01.01.2021_bis_zum_31.12.2021
PROFILMETALL GmbH,Hirrlingen,"3.538.250,56","3.467.878,56","386.901,16","346.695,16",01.01.2021,31.12.2021,bundesanzeiger_local_maschinenbau/PROFILMETALL_GmbH/Jahresabschluss_zum_Geschaeftsjahr_vom_01.01.2021_bis_zum_31.12.2021
Mall + Herlan GmbH,Pfinztal,"132.506,69",137,"5.788.969,68",6.174,01.01.2021,31.12.2021,bundesanzeiger_local_maschinenbau/Mall_+_Herlan_GmbH/Jahresabschluss_zum_Geschaeftsjahr_vom_01.01.2021_bis_zum_31.12.2021
Wartinger Maschinenbau GmbH,Ebnath,NA,NA,"655.157,83","671.661,83",01.01.2021,31.12.2021,bundesanzeiger_local_maschinenbau/Wartinger_Maschinenbau_GmbH/Jahresabschluss_zum_Geschaeftsjahr_vom_01.01.2021_bis_zum_31.12.2021
KAMA GmbH,Dresden,NA,NA,NA,NA,01.01.2021,31.12.2021,bundesanzeiger_local_maschinenbau/KAMA_GmbH/Jahresabschluss_zum_Geschaeftsjahr_vom_01.01.2021_bis_zum_31.12.2021
Steremat Induktion GmbH,Schöneiche bei Berlin,NA,NA,"474.878,16","28,96",01.01.2021,31.12.2021,bundesanzeiger_local_maschinenbau/Steremat_Induktion_GmbH/Jahresabschluss_zum_Geschaeftsjahr_vom_01.01.2021_bis_zum_31.12.2021
Grimm Maschinenbau GmbH,Apen,NA,NA,"481.677,00","613.933,00",01.01.2021,31.12.2021,bundesanzeiger_local_maschinenbau/Grimm_Maschinenbau_GmbH/Jahresabschluss_zum_Geschaeftsjahr_vom_01.01.2021_bis_zum_31.12.2021
Haugg-Kühlerfabrik GmbH,Aachen,"389.112,50","307.734,00","2.159.589,17","2.137.258,37",01.01.2021,31.12.2021,bundesanzeiger_local_maschinenbau/Haugg-Kuehlerfabrik_GmbH/Jahresabschluss_zum_Geschaeftsjahr_vom_01.01.2021_bis_zum_31.12.2021
WAFIOS Aktiengesellschaft,Reutlingen,"1.362.779,00","1.984.906,00","10.978.980,34","11.684.983,77",01.01.2021,31.12.2021,bundesanzeiger_local_maschinenbau/WAFIOS_Aktiengesellschaft/Jahresabschluss_Jahresfinanzbericht_zum_Geschaeftsjahr_vom_01.01.2021_bis_zum_31.12.2021
Aachener Maschinenbau GmbH,Alsdorf,"242.971,00","302.372,00","2.779.070,16","2.835.008,50",01.01.2021,31.12.2021,bundesanzeiger_local_maschinenbau/Aachener_Maschinenbau_GmbH/Jahresabschluss_zum_Geschaeftsjahr_vom_01.01.2021_bis_zum_31.12.2021
Kranservice Rheinberg GmbH,Duisburg,NA,NA,NA,NA,01.01.2021,31.12.2021,bundesanzeiger_local_maschinenbau/Kranservice_Rheinberg_GmbH/Jahresabschluss_zum_Geschaeftsjahr_vom_01.01.2021_bis_zum_31.12.2021
Cohu GmbH,Kolbermoor,NA,NA,"14.883,54","35.545,49",01.01.2021,31.12.2021,bundesanzeiger_local_maschinenbau/Cohu_GmbH/Jahresabschluss_zum_Geschaeftsjahr_vom_01.01.2021_bis_zum_31.12.2021
SMB Spezialmaschinenbau GmbH& Co. KG,Marienberg,NA,NA,"200.092,00","257.573,00",01.01.2014,31.12.2014,bundesanzeiger_local_maschinenbau/SMB_Spezialmaschinenbau_GmbHand_Co._KG/Jahresabschluss_zum_Geschaeftsjahr_vom_01.01.2014_bis_zum_31.12.2014
SCHUKO H. Schulte-Südhoff GmbH,Bad Laer,"841.752,00","958.567,00","1.429.359,00","1.389.207,45",01.02.2021,31.01.2022,bundesanzeiger_local_maschinenbau/SCHUKO_H._Schulte-Suedhoff_GmbH/Jahresabschluss_zum_Geschaeftsjahr_vom_01.02.2021_bis_zum_31.01.2022
Manfred Blind GmbH,Hassel (Weser),NA,NA,NA,NA,-,-,
Karl Eugen Fischer GmbH,Burgkunstadt,"1.818.256,00","2.347.590,00","6.301.225,85","5.488.169,00",01.01.2008,31.12.2008,bundesanzeiger_local_maschinenbau/Karl_Eugen_Fischer_GmbH/Jahresabschluss_zum_Geschaeftsjahr_vom_01.01.2008_bis_zum_31.12.2008
DREHMO GmbH,Wenden,"759.377,07",773,"10.808.927,21",11.019,01.01.2020,31.12.2020,bundesanzeiger_local_maschinenbau/DREHMO_GmbH/Jahresabschluss_zum_Geschaeftsjahr_vom_01.01.2020_bis_zum_31.12.2020
Kiefel GmbH,Freilassing,"8.177.044,22","5.975.875,00","49.271.893,60","49.911.133,17",01.01.2021,31.12.2021,bundesanzeiger_local_maschinenbau/Kiefel_GmbH/Jahresabschluss_zum_Geschaeftsjahr_vom_01.01.2021_bis_zum_31.12.2021
Waldrich Siegen,Siegen,"7.703.058,00","6.568.493,00","12.426.921,10","14.995.290,83",01.01.2018,31.12.2018,bundesanzeiger_local_maschinenbau/Waldrich_Siegen/Jahresabschluss_zum_Geschaeftsjahr_vom_01.01.2018_bis_zum_31.12.2018
FLP Microfinishing GmbH,Zörbig,NA,NA,"578.712,68","1.608.245,84",01.01.2021,31.12.2021,bundesanzeiger_local_maschinenbau/FLP_Microfinishing_GmbH/Jahresabschluss_zum_Geschaeftsjahr_vom_01.01.2021_bis_zum_31.12.2021
Brother,Emmerich am Rhein,NA,NA,"2.499.959,03","2.573.476,85",01.04.2021,31.03.2022,bundesanzeiger_local_maschinenbau/Brother/Jahresabschluss_zum_Geschaeftsjahr_vom_01.04.2021_bis_zum_31.03.2022
A B Graphic International GmbH,Baesweiler,NA,NA,"168.227,00","215.630,00",01.05.2021,30.04.2022,bundesanzeiger_local_maschinenbau/A_B_Graphic_International_GmbH/Jahresabschluss_zum_Geschaeftsjahr_vom_01.05.2021_bis_zum_30.04.2022
Friedrich Hippe,Hagen am Teutoburger Wald,NA,NA,NA,NA,-,-,
ETW Energietechnik GmbH,Moers,"63.846,63","58.661,63","5.745.446,00","4.985.076,84",01.04.2021,31.03.2022,bundesanzeiger_local_maschinenbau/ETW_Energietechnik_GmbH/Jahresabschluss_zum_Geschaeftsjahr_vom_01.04.2021_bis_zum_31.03.2022
Autotherm,Waxweiler,NA,NA,"194.744,21","209.434,76",01.01.2020,31.12.2020,bundesanzeiger_local_maschinenbau/Autotherm/Jahresabschluss_zum_Geschaeftsjahr_vom_01.01.2020_bis_zum_31.12.2020
STAMA Stahl- und Maschinenbau,Bad Saarow,NA,NA,"1.771.105,71","1.797.378,50",01.01.2021,31.12.2021,bundesanzeiger_local_maschinenbau/STAMA_Stahl-_und_Maschinenbau/Jahresabschluss_zum_Geschaeftsjahr_vom_01.01.2021_bis_zum_31.12.2021
JENSEN GmbH,Harsum,2.111,2.117,4.838,5.262,01.01.2021,31.12.2021,bundesanzeiger_local_maschinenbau/JENSEN_GmbH/Jahresabschluss_zum_Geschaeftsjahr_vom_01.01.2021_bis_zum_31.12.2021
Härtwig Maschinenbau GmbH & Co. KG,Cunewalde,NA,NA,"4.415,00","8.546,00",01.01.2021,31.12.2021,bundesanzeiger_local_maschinenbau/Haertwig_Maschinenbau_GmbH_and_Co._KG/Jahresabschluss_zum_Geschaeftsjahr_vom_01.01.2021_bis_zum_31.12.2021
Weisstaler Bödenpresswerke GmbH,Burbach,"1.755.498,00",2.052,"8.109.379,70",7.457,01.01.2021,31.12.2021,bundesanzeiger_local_maschinenbau/Weisstaler_Boedenpresswerke_GmbH/Jahresabschluss_zum_Geschaeftsjahr_vom_01.01.2021_bis_zum_31.12.2021
ENGMATEC GmbH,Radolfzell am Bodensee,"176.149,50","429.004,50","1.043.441,27","1.498.575,27",01.01.2021,31.12.2021,bundesanzeiger_local_maschinenbau/ENGMATEC_GmbH/Jahresabschluss_zum_Geschaeftsjahr_vom_01.01.2021_bis_zum_31.12.2021
Toss GmbH & Co KG Verpackungssysteme,Buseck,NA,NA,"748.657,00","786.381,00",31.12.2007,31.12.2007,bundesanzeiger_local_maschinenbau/Toss_GmbH_and_Co_KG_Verpackungssysteme/Jahresabschluss_zum_Geschaeftsjahr_vom_01.01.2007_bis_zum_31.12.2007
Schneider Maschinenbau GmbH + Co. KG,Lennestadt,NA,NA,"1.931.245,21","1.042.894,93",01.01.2020,31.12.2020,bundesanzeiger_local_maschinenbau/Schneider_Maschinenbau_GmbH_+_Co._KG/Jahresabschluss_zum_Geschaeftsjahr_vom_01.01.2020_bis_zum_31.12.2020
WIDOS Wilhelm Dommer Söhne GmbH,Ditzingen,"20.989,00","28.655,00","3.161.218,21","3.247.928,21",01.01.2021,31.12.2021,bundesanzeiger_local_maschinenbau/WIDOS_Wilhelm_Dommer_Soehne_GmbH/Jahresabschluss_zum_Geschaeftsjahr_vom_01.01.2021_bis_zum_31.12.2021
NTG Neue Technologien GmbH & Co. KG,Gelnhausen,"4.245.230,00","2.668.708,40","6.157.239,87","4.568.994,17",01.01.2021,31.12.2021,bundesanzeiger_local_maschinenbau/NTG_Neue_Technologien_GmbH_and_Co._KG/Jahresabschluss_zum_Geschaeftsjahr_vom_01.01.2021_bis_zum_31.12.2021
Loeser GmbH,Speyer,NA,NA,"875.293,70","937.812,70",01.01.2021,31.12.2021,bundesanzeiger_local_maschinenbau/Loeser_GmbH/Jahresabschluss_zum_Geschaeftsjahr_vom_01.01.2021_bis_zum_31.12.2021
Uth GmbH,Fulda,"384.669,50","477.013,50","652.078,50","790.313,50",01.01.2021,31.12.2021,bundesanzeiger_local_maschinenbau/Uth_GmbH/Jahresabschluss_zum_Geschaeftsjahr_vom_01.01.2021_bis_zum_31.12.2021
Schubert Maschinen- und Anlagenbau GmbH,Ennepetal,NA,NA,"555.359,53","548.055,53",01.01.2021,31.12.2021,bundesanzeiger_local_maschinenbau/Schubert_Maschinen-_und_Anlagenbau_GmbH/Jahresabschluss_zum_Geschaeftsjahr_vom_01.01.2021_bis_zum_31.12.2021
WUMAG TEXROLL GmbH & Co. KG,Krefeld,"122.729,00","149.652,00","7.569.006,64","9.796.353,82",01.01.2017,31.12.2017,bundesanzeiger_local_maschinenbau/WUMAG_TEXROLL_GmbH_and_Co._KG/Jahresabschluss_zum_Geschaeftsjahr_vom_01.01.2017_bis_zum_31.12.2017
MBH Maschinenbau & Blechtechnik GmbH,Ibbenbüren,"2.171.316,82","993.660,58","2.620.293,16","1.501.241,30",01.01.2021,31.12.2021,bundesanzeiger_local_maschinenbau/MBH_Maschinenbau_and_Blechtechnik_GmbH/Jahresabschluss_zum_Geschaeftsjahr_vom_01.01.2021_bis_zum_31.12.2021
KINKELE GmbH & Co. KG,Ochsenfurt,NA,NA,"438.501,00","122.256,00",01.01.2021,31.12.2021,bundesanzeiger_local_maschinenbau/KINKELE_GmbH_and_Co._KG/Jahresabschluss_zum_Geschaeftsjahr_vom_01.01.2021_bis_zum_31.12.2021
Grunwald GmbH,Wangen im Allgäu,"471.834,00","642.715,00","2.769.687,00","3.222.550,00",01.01.2021,31.12.2021,bundesanzeiger_local_maschinenbau/Grunwald_GmbH/Jahresabschluss_zum_Geschaeftsjahr_vom_01.01.2021_bis_zum_31.12.2021
b + b Automations- und,Oberzent OT Beerfelden,NA,NA,NA,NA,-,-,
FPT Robotik GmbH & Co. KG,Amtzell,"15.028,00","18.969,00","319.070,34","275.767,91",01.01.2021,31.12.2021,bundesanzeiger_local_maschinenbau/FPT_Robotik_GmbH_and_Co._KG/Jahresabschluss_zum_Geschaeftsjahr_vom_01.01.2021_bis_zum_31.12.2021
Knecht Maschinenbau GmbH,Bergatreute,NA,NA,"1.714.990,00","1.188.381,00",01.01.2021,31.12.2021,bundesanzeiger_local_maschinenbau/Knecht_Maschinenbau_GmbH/Jahresabschluss_zum_Geschaeftsjahr_vom_01.01.2021_bis_zum_31.12.2021
BMA Braunschweigische,Braunschweig,"5.263.733,54",6.584,"12.312.557,00",13.923,01.10.2021,30.09.2022,bundesanzeiger_local_maschinenbau/BMA_Braunschweigische/Jahresabschluss_zum_Geschaeftsjahr_vom_01.10.2021_bis_zum_30.09.2022
BVM BRUNNER GMBH & Co. KG,Reutlingen,"16.493,00",17.394,"6.442.205,74",5.262.122,01.01.2021,31.12.2021,bundesanzeiger_local_maschinenbau/BVM_BRUNNER_GMBH_and_Co._KG/Jahresabschluss_zum_Geschaeftsjahr_vom_01.01.2021_bis_zum_31.12.2021
Aschaffenburger Maschinenfabrik,Aschaffenburg,NA,NA,NA,NA,01.01.2019,31.12.2019,bundesanzeiger_local_maschinenbau/Aschaffenburger_Maschinenfabrik/Jahresabschluss_zum_Geschaeftsjahr_vom_01.01.2019_bis_zum_31.12.2019
MADO GmbH,Dornhan,"2.453.452,86","277.384,19","1.636.196,00","1.472.249,00",01.01.2021,31.12.2021,bundesanzeiger_local_maschinenbau/MADO_GmbH/Jahresabschluss_zum_Geschaeftsjahr_vom_01.01.2021_bis_zum_31.12.2021
Schepers GmbH & Co. KG,Vreden,"25.600,00.",5.,"244.739,00","273.643,00",01.01.2010,31.12.2010,bundesanzeiger_local_maschinenbau/Schepers_GmbH_and_Co._KG/Jahresabschluss_zum_Geschaeftsjahr_vom_01.01.2010_bis_zum_31.12.2010
STEINERT GmbH,Köln,"3.133.390,51","3.403.839,51","12.114.163,36","11.158.626,04",01.01.2021,31.12.2021,bundesanzeiger_local_maschinenbau/STEINERT_GmbH/Jahresabschluss_zum_Geschaeftsjahr_vom_01.01.2021_bis_zum_31.12.2021
Motoreninstandsetzungswerk,Kiel,"555.128,28","633.767,00","651.734,37","727.387,80",01.01.2021,31.12.2021,bundesanzeiger_local_maschinenbau/Motoreninstandsetzungswerk/Jahresabschluss_zum_Geschaeftsjahr_vom_01.01.2021_bis_zum_31.12.2021
PFAFF Industriesysteme und Maschinen,Kaiserslautern,"693.306,15","664.378,75","1.776.955,58","1.843.369,37",01.01.2018,31.12.2018,bundesanzeiger_local_maschinenbau/PFAFF_Industriesysteme_und_Maschinen/Jahresabschluss_zum_Geschaeftsjahr_vom_01.01.2018_bis_zum_31.12.2018
Hemro Manufacturing Germany GmbH,Hamburg,NA,NA,NA,NA,01.01.2021,31.12.2021,bundesanzeiger_local_maschinenbau/Hemro_Manufacturing_Germany_GmbH/Jahresabschluss_zum_Geschaeftsjahr_vom_01.01.2021_bis_zum_31.12.2021
KAPP GmbH & Co. KG,Coburg,"32.432,00","42.280,00","10.161.371,20","10.535.740,62",01.07.2015,30.06.2016,bundesanzeiger_local_maschinenbau/KAPP_GmbH_and_Co._KG/Jahresabschluss_zum_Geschaeftsjahr_vom_01.07.2015_bis_zum_30.06.2016
Miksch GmbH,Göppingen,NA,NA,"547.299,75","568.494,72",01.01.2021,31.12.2021,bundesanzeiger_local_maschinenbau/Miksch_GmbH/Jahresabschluss_zum_Geschaeftsjahr_vom_01.01.2021_bis_zum_31.12.2021
K.R. Pfiffner GmbH,Zimmern ob Rottweil,"224.209,00","343.394,00","720.976,00","795.907,00",01.01.2021,31.12.2021,bundesanzeiger_local_maschinenbau/K.R._Pfiffner_GmbH/Jahresabschluss_zum_Geschaeftsjahr_vom_01.01.2021_bis_zum_31.12.2021
Stromag GmbH,Unna,"2.377.885,50",2.963,"8.846.875,00",9.813,01.01.2021,31.12.2021,bundesanzeiger_local_maschinenbau/Stromag_GmbH/Jahresabschluss_zum_Geschaeftsjahr_vom_01.01.2021_bis_zum_31.12.2021
Herzog GmbH,Oldenburg (Oldenburg),NA,NA,"1,00","1,00",01.01.2021,31.12.2021,bundesanzeiger_local_maschinenbau/Herzog_GmbH/Jahresabschluss_zum_Geschaeftsjahr_vom_01.01.2021_bis_zum_31.12.2021
bedo Verpackungstechnik GmbH,Lübeck,NA,NA,"196.051,80","245,2",01.01.2021,31.12.2021,bundesanzeiger_local_maschinenbau/bedo_Verpackungstechnik_GmbH/Jahresabschluss_zum_Geschaeftsjahr_vom_01.01.2021_bis_zum_31.12.2021
STIEBER GmbH,Heidelberg,NA,NA,"7.405,00","9.681,00",01.01.2021,31.12.2021,bundesanzeiger_local_maschinenbau/STIEBER_GmbH/Jahresabschluss_zum_Geschaeftsjahr_vom_01.01.2021_bis_zum_31.12.2021
H.I.T. Maschinenbau GmbH + Co. KG,Ettringen,"412.591,00","456.100,00","857.856,45","919.246,45",01.01.2021,31.12.2021,bundesanzeiger_local_maschinenbau/H.I.T._Maschinenbau_GmbH_+_Co._KG/Jahresabschluss_zum_Geschaeftsjahr_vom_01.01.2021_bis_zum_31.12.2021
Gebr. Reinfurt GmbH Co. KG,Rimpar,"7.871.824,92","8.007.232,55","19.658.305,28","20.262.573,84",01.01.2021,31.12.2021,bundesanzeiger_local_maschinenbau/Gebr._Reinfurt_GmbH_Co._KG/Jahresabschluss_zum_Geschaeftsjahr_vom_01.01.2021_bis_zum_31.12.2021
CERTUSS Dampfautomaten GmbH & Co. KG,Krefeld,"0,00","0,00","1.590.030,55","1.509.179,62",01.05.2021,30.04.2022,bundesanzeiger_local_maschinenbau/CERTUSS_Dampfautomaten_GmbH_and_Co._KG/Jahresabschluss_zum_Geschaeftsjahr_vom_01.05.2021_bis_zum_30.04.2022
RIPPERT GmbH & Co. KG,Herzebrock-Clarholz,NA,NA,"7.939.800,08","7.998.530,52",01.01.2021,31.12.2021,bundesanzeiger_local_maschinenbau/RIPPERT_GmbH_and_Co._KG/Jahresabschluss_zum_Geschaeftsjahr_vom_01.01.2021_bis_zum_31.12.2021
HEESS GmbH & Co KG,Lampertheim,"69.578,00","86.790,00","325.539,50","363.919,00",01.01.2021,31.12.2021,bundesanzeiger_local_maschinenbau/HEESS_GmbH_and_Co_KG/Jahresabschluss_zum_Geschaeftsjahr_vom_01.01.2021_bis_zum_31.12.2021
KOBRA Formen GmbH,Lengenfeld,"13.496.640,24","12.031.464,36","27.947.583,73","27.354.654,03",01.01.2021,31.12.2021,bundesanzeiger_local_maschinenbau/KOBRA_Formen_GmbH/Jahresabschluss_zum_Geschaeftsjahr_vom_01.01.2021_bis_zum_31.12.2021
MITEX GmbH,Erkrath,NA,NA,"1.963.806,45","1.924.333,61",01.01.2021,31.12.2021,bundesanzeiger_local_maschinenbau/MITEX_GmbH/Jahresabschluss_zum_Geschaeftsjahr_vom_01.01.2021_bis_zum_31.12.2021
Josef Meissner GmbH & Co. KG,Köln,"139.440,44","157.712,44","31.877,81","31.877,81",01.01.2021,31.12.2021,bundesanzeiger_local_maschinenbau/Josef_Meissner_GmbH_and_Co._KG/Jahresabschluss_zum_Geschaeftsjahr_vom_01.01.2021_bis_zum_31.12.2021
BÜLTMANN GmbH,Neuenrade,"1,00","1,00","209.249,00","97.450,00",01.07.2021,30.06.2022,bundesanzeiger_local_maschinenbau/BUeLTMANN_GmbH/Jahresabschluss_zum_Geschaeftsjahr_vom_01.07.2021_bis_zum_30.06.2022
REFORM Grinding Technology GmbH,Fulda,"1.516,00","1.748,00","16.081,00","19.693,00",01.01.2021,31.12.2021,bundesanzeiger_local_maschinenbau/REFORM_Grinding_Technology_GmbH/Jahresabschluss_zum_Geschaeftsjahr_vom_01.01.2021_bis_zum_31.12.2021
LANG GmbH & Co. KG,Hüttenberg,"0,50","0,50","824.380,55","756.191,05",01.01.2021,31.12.2021,bundesanzeiger_local_maschinenbau/LANG_GmbH_and_Co._KG/Jahresabschluss_zum_Geschaeftsjahr_vom_01.01.2021_bis_zum_31.12.2021
Zeulenroda Presstechnik GmbH,Zeulenroda-Triebes,"1.133.735,97","1.300.555,97","1.286.758,13","1.444.652,13",01.01.2021,31.12.2021,bundesanzeiger_local_maschinenbau/Zeulenroda_Presstechnik_GmbH/Jahresabschluss_zum_Geschaeftsjahr_vom_01.01.2021_bis_zum_31.12.2021
AMADA WELD TECH GmbH,Puchheim,"215.820,17","295.047,18","447.569,34","565.592,15",01.04.2020,31.03.2021,bundesanzeiger_local_maschinenbau/AMADA_WELD_TECH_GmbH/Jahresabschluss_zum_Geschaeftsjahr_vom_01.04.2020_bis_zum_31.03.2021
Kawasaki Gas Turbine Europe GmbH,Bad Homburg v. d. Höhe,"13.006,00","19.431,00","311.360,68","365.363,68",01.01.2021,31.12.2021,bundesanzeiger_local_maschinenbau/Kawasaki_Gas_Turbine_Europe_GmbH/Jahresabschluss_zum_Geschaeftsjahr_vom_01.01.2021_bis_zum_31.12.2021
W. Müller GmbH,Troisdorf,"1.510.035,00","1.716.805,00","2.679.663,01","2.763.543,86",01.01.2021,31.12.2021,bundesanzeiger_local_maschinenbau/W._Mueller_GmbH/Jahresabschluss_zum_Geschaeftsjahr_vom_01.01.2021_bis_zum_31.12.2021
Columbus McKinnon,Kissing,"544.242,08","532.640,47","1.143.811,50","1.321.331,77",01.04.2021,31.03.2022,bundesanzeiger_local_maschinenbau/Columbus_McKinnon/Jahresabschluss_zum_Geschaeftsjahr_vom_01.04.2021_bis_zum_31.03.2022
MAXIMATOR GmbH,Nordhausen,NA,NA,"7.516.872,73","1.947.380,18",01.01.2021,31.12.2021,bundesanzeiger_local_maschinenbau/MAXIMATOR_GmbH/Jahresabschluss_zum_Geschaeftsjahr_vom_01.01.2021_bis_zum_31.12.2021
Pressta-Eisele GmbH,Bullay,NA,NA,"2.491.251,98","2.062.893,91",01.01.2021,31.12.2021,bundesanzeiger_local_maschinenbau/Pressta-Eisele_GmbH/Jahresabschluss_zum_Geschaeftsjahr_vom_01.01.2021_bis_zum_31.12.2021
Polyplan-GmbH Polyurethan-Maschinen,Straßlach,"88.309,00","111.547,00","199.100,00","248.419,00",01.01.2021,31.12.2021,bundesanzeiger_local_maschinenbau/Polyplan-GmbH_Polyurethan-Maschinen/Jahresabschluss_zum_Geschaeftsjahr_vom_01.01.2021_bis_zum_31.12.2021
Hans Wanner GmbH,Wangen im Allgäu,NA,NA,"1.036.800,90","885.727,00",01.10.2021,30.09.2022,bundesanzeiger_local_maschinenbau/Hans_Wanner_GmbH/Jahresabschluss_zum_Geschaeftsjahr_vom_01.10.2021_bis_zum_30.09.2022
GEMAG Gelenauer Maschinenbau AG,Gelenau/Erzgeb.,NA,NA,NA,NA,-,-,
Boart Longyear GmbH & Co. KG,Eiterfeld,"1.760.477,44","1.295.194,06","2.608.142,80","1.364.451,92",01.01.2021,31.12.2021,bundesanzeiger_local_maschinenbau/Boart_Longyear_GmbH_and_Co._KG/Jahresabschluss_zum_Geschaeftsjahr_vom_01.01.2021_bis_zum_31.12.2021
AMSBECK-Maschinentechnik GmbH,Everswinkel,NA,NA,"841.132,53","942.477,14",01.01.2021,31.12.2021,bundesanzeiger_local_maschinenbau/AMSBECK-Maschinentechnik_GmbH/Jahresabschluss_zum_Geschaeftsjahr_vom_01.01.2021_bis_zum_31.12.2021
RESA Systems GmbH,Saarwellingen,"125,50","1.927,50","8.194.967,79","7.387.620,13",01.01.2021,31.12.2021,bundesanzeiger_local_maschinenbau/RESA_Systems_GmbH/Jahresabschluss_zum_Geschaeftsjahr_vom_01.01.2021_bis_zum_31.12.2021
WMV Apparatebau GmbH,Windeck,"687.439,03","767.061,00","2.503.444,67","2.651.239,97",01.01.2021,31.12.2021,bundesanzeiger_local_maschinenbau/WMV_Apparatebau_GmbH/Jahresabschluss_zum_Geschaeftsjahr_vom_01.01.2021_bis_zum_31.12.2021
Maschinen & Formenbau,Neustadt am Rübenberge,NA,NA,NA,NA,-,-,
Heinen Freezing Gmbh & Co. KG,Varel,NA,NA,NA,NA,29.04.2009,31.12.2009,bundesanzeiger_local_maschinenbau/Heinen_Freezing_Gmbh_and_Co._KG/Jahresabschluss_zum_Geschaeftsjahr_vom_29.04.2009_bis_zum_31.12.2009
JÖST GmbH + Co. KG,Dülmen,NA,NA,NA,NA,-,-,
Masa GmbH,Andernach,"1.079.182,93","1.289.220,93","7.371.892,23","7.538.217,92",01.01.2021,31.12.2021,bundesanzeiger_local_maschinenbau/Masa_GmbH/Jahresabschluss_zum_Geschaeftsjahr_vom_01.01.2021_bis_zum_31.12.2021
Gala Kunststoff- und Kautschukmaschinen,Xanten,"436.840,50",472,"4.410.905,07",4.519,01.10.2015,31.12.2015,bundesanzeiger_local_maschinenbau/Gala_Kunststoff-_und_Kautschukmaschinen/Jahresabschluss_zum_Geschaeftsjahr_vom_01.10.2015_bis_zum_31.12.2015
Fertigungstechnik Weißenfels GmbH,Weißenfels,"713.599,44","771.538,44","806.136,80","881.072,76",01.01.2021,31.12.2021,bundesanzeiger_local_maschinenbau/Fertigungstechnik_Weissenfels_GmbH/Jahresabschluss_zum_Geschaeftsjahr_vom_01.01.2021_bis_zum_31.12.2021
KÖRA-PACKMAT Maschinenbau GmbH,Villingendorf,"511.959,57","39.159,53","166.075,52",139,01.01.2021,31.12.2021,bundesanzeiger_local_maschinenbau/KOeRA-PACKMAT_Maschinenbau_GmbH/Jahresabschluss_zum_Geschaeftsjahr_vom_01.01.2021_bis_zum_31.12.2021
Ilmberger,Straubing,1.442,300,"3.894.956,00","2.702.345,00",01.01.2021,31.12.2021,bundesanzeiger_local_maschinenbau/Ilmberger/Jahresabschluss_zum_Geschaeftsjahr_vom_01.01.2021_bis_zum_31.12.2021
Tietjen Verfahrenstechnik GmbH,Hemdingen,NA,NA,"1.813.593,96","1.504.843,39",01.01.2021,31.12.2021,bundesanzeiger_local_maschinenbau/Tietjen_Verfahrenstechnik_GmbH/Jahresabschluss_zum_Geschaeftsjahr_vom_01.01.2021_bis_zum_31.12.2021
Zwick GmbH & Co. KG,Ulm,NA,NA,NA,NA,-,-,
Kalman Hafner GmbH Schmuckschleuderguss,Pforzheim,NA,NA,"866.836,63","889.685,51",01.01.2021,31.12.2021,bundesanzeiger_local_maschinenbau/Kalman_Hafner_GmbH_Schmuckschleuderguss/Jahresabschluss_zum_Geschaeftsjahr_vom_01.01.2021_bis_zum_31.12.2021
Vollmer Werke Maschinenfabrik GmbH,Biberach an der Riß,"972.181,97","914.310,03","12.579.009,30","13.077.742,37",01.01.2021,31.12.2021,bundesanzeiger_local_maschinenbau/Vollmer_Werke_Maschinenfabrik_GmbH/Jahresabschluss_zum_Geschaeftsjahr_vom_01.01.2021_bis_zum_31.12.2021
Schmalenberger GmbH + Co. KG,Tübingen,"123.373,14","126.902,14","1.070.454,00","1.267.967,00",01.01.2021,31.12.2021,bundesanzeiger_local_maschinenbau/Schmalenberger_GmbH_+_Co._KG/Jahresabschluss_zum_Geschaeftsjahr_vom_01.01.2021_bis_zum_31.12.2021
Burgsmüller GmbH,Einbeck,3.868,3.861,7.411,7.984,01.01.2021,31.12.2021,bundesanzeiger_local_maschinenbau/Burgsmueller_GmbH/Jahresabschluss_zum_Geschaeftsjahr_vom_01.01.2021_bis_zum_31.12.2021
NIMAK GmbH,Wissen,"1.242.862,53","654.805,51","2.911.180,53","2.612.125,51",01.01.2020,31.12.2020,bundesanzeiger_local_maschinenbau/NIMAK_GmbH/Jahresabschluss_zum_Geschaeftsjahr_vom_01.01.2020_bis_zum_31.12.2020
Hecker Werke GmbH,Weil im Schönbuch,NA,NA,NA,NA,31.12.2021,31.12.2020,bundesanzeiger_local_maschinenbau/Hecker_Werke_GmbH/Jahresabschluss_zum_Geschaeftsjahr_vom_01.01.2021_bis_zum_31.12.2021
Bernhard Ide Werkzeug- und Maschinenbau,Ostfildern,NA,NA,"650.929,49","731.196,49",01.01.2021,31.12.2021,bundesanzeiger_local_maschinenbau/Bernhard_Ide_Werkzeug-_und_Maschinenbau/Jahresabschluss_zum_Geschaeftsjahr_vom_01.01.2021_bis_zum_31.12.2021
Werkzeugmaschinenfabrik,Coburg,"881.432,00","1.250.366,00","7.784.455,10","7.361.652,00",01.01.2007,31.12.2007,bundesanzeiger_local_maschinenbau/Werkzeugmaschinenfabrik/Jahresabschluss_zum_Geschaeftsjahr_vom_01.01.2007_bis_zum_31.12.2007
Zirbus technology GmbH,Bad Grund (Harz),NA,NA,NA,NA,-,-,
Flottweg SE,Vilsbiburg,"8.794.116,78","6.618.213,66","91.313.771,08","80.611.924,90",01.01.2021,31.12.2021,bundesanzeiger_local_maschinenbau/Flottweg_SE/Jahresabschluss_zum_Geschaeftsjahr_vom_01.01.2021_bis_zum_31.12.2021
Kracht GmbH,Werdohl,"8.617.940,00","9.783.393,00","28.448.561,13","31.212.857,53",01.01.2021,31.12.2021,bundesanzeiger_local_maschinenbau/Kracht_GmbH/Jahresabschluss_zum_Geschaeftsjahr_vom_01.01.2021_bis_zum_31.12.2021
GEDA GmbH,Asbach-Bäumenheim,NA,NA,NA,NA,01.01.2021,31.12.2021,bundesanzeiger_local_maschinenbau/GEDA_GmbH/Jahresabschluss_zum_Geschaeftsjahr_vom_01.01.2021_bis_zum_31.12.2021
Normpack GmbH,Küssaberg,"0,00",3.,"22.492,00","32.677,00",01.01.2021,31.12.2021,bundesanzeiger_local_maschinenbau/Normpack_GmbH/Jahresabschluss_zum_Geschaeftsjahr_vom_01.01.2021_bis_zum_31.12.2021
Oswald Elektromotoren GmbH,Miltenberg,"499.344,00","899.868,00","735.177,86","1.274.036,00",01.01.2021,31.12.2021,bundesanzeiger_local_maschinenbau/Oswald_Elektromotoren_GmbH/Jahresabschluss_zum_Geschaeftsjahr_vom_01.01.2021_bis_zum_31.12.2021
PSA Technology GmbH,Bitburg,NA,NA,"220.788,00","253.641,00",01.01.2021,31.12.2021,bundesanzeiger_local_maschinenbau/PSA_Technology_GmbH/Jahresabschluss_zum_Geschaeftsjahr_vom_01.01.2021_bis_zum_31.12.2021
Mikron Germany GmbH,Rottweil,5.946.171,6.589.383,6.622.509,7.129.487,01.01.2021,31.12.2021,bundesanzeiger_local_maschinenbau/Mikron_Germany_GmbH/Jahresabschluss_zum_Geschaeftsjahr_vom_01.01.2021_bis_zum_31.12.2021
ZIPPE Industrieanlagen GmbH,Wertheim,NA,NA,"88.021,00","174.682,00",01.01.2021,31.12.2021,bundesanzeiger_local_maschinenbau/ZIPPE_Industrieanlagen_GmbH/Jahresabschluss_zum_Geschaeftsjahr_vom_01.01.2021_bis_zum_31.12.2021
Friedrich Sailer GmbH,Neu-Ulm,NA,NA,"2.299.449,43","2.036.247,71",01.01.2021,31.12.2021,bundesanzeiger_local_maschinenbau/Friedrich_Sailer_GmbH/Jahresabschluss_zum_Geschaeftsjahr_vom_01.01.2021_bis_zum_31.12.2021
Schäfer und Flottmann,Gevelsberg,"545.366,00","595.477,00","1.724.401,01","1.742.294,00",01.01.2021,31.12.2021,bundesanzeiger_local_maschinenbau/Schaefer_und_Flottmann/Jahresabschluss_zum_Geschaeftsjahr_vom_01.01.2021_bis_zum_31.12.2021
Intego GmbH,Erlangen,NA,NA,"373.768,00","359.217,50",01.01.2021,31.12.2021,bundesanzeiger_local_maschinenbau/Intego_GmbH/Jahresabschluss_zum_Geschaeftsjahr_vom_01.01.2021_bis_zum_31.12.2021
Seuthe GmbH,Hemer,NA,NA,"2.757.983,69","2.866.117,32",31.03.2022,31.03.2022,bundesanzeiger_local_maschinenbau/Seuthe_GmbH/Jahresabschluss_zum_Geschaeftsjahr_vom_01.04.2021_bis_zum_31.03.2022
Nordson BKG GmbH,Münster,"2.264.260,00",2.688,"5.355.461,63",5.308,01.11.2021,31.10.2022,bundesanzeiger_local_maschinenbau/Nordson_BKG_GmbH/Jahresabschluss_zum_Geschaeftsjahr_vom_01.11.2021_bis_zum_31.10.2022
M. Jürgensen GmbH & Co KG,Sörup,NA,NA,NA,NA,-,-,
EHRET GmbH Life Science Solutions,Freiburg im Breisgau,NA,NA,NA,NA,01.06.2021,31.05.2022,bundesanzeiger_local_maschinenbau/EHRET_GmbH_Life_Science_Solutions/Jahresabschluss_zum_Geschaeftsjahr_vom_01.06.2021_bis_zum_31.05.2022
WF-Maschinenbau und Blechformtechnik,Sendenhorst,"1.224.596,50",1.360,"3.741.085,15",3.905,01.01.2021,31.12.2021,bundesanzeiger_local_maschinenbau/WF-Maschinenbau_und_Blechformtechnik/Jahresabschluss_zum_Geschaeftsjahr_vom_01.01.2021_bis_zum_31.12.2021
WTH-Wärmetechnik,Hildesheim,NA,NA,"2.050,00","1.513,00",01.01.2021,31.12.2021,bundesanzeiger_local_maschinenbau/WTH-Waermetechnik/Jahresabschluss_zum_Geschaeftsjahr_vom_01.01.2021_bis_zum_31.12.2021
vhf camfacture AG,Ammerbuch,"1.448.482,00","1.348.229,00","7.774.598,17","7.559.529,83",01.01.2021,31.12.2021,bundesanzeiger_local_maschinenbau/vhf_camfacture_AG/Jahresabschluss_zum_Geschaeftsjahr_vom_01.01.2021_bis_zum_31.12.2021
BÖWE SYSTEC GmbH,Augsburg,NA,NA,NA,NA,01.11.2011,31.10.2012,bundesanzeiger_local_maschinenbau/BOeWE_SYSTEC_GmbH/Jahresabschluss_zum_Geschaeftsjahr_vom_01.11.2011_bis_zum_31.10.2012
Schneider GmbH & Co. KG,Fronhausen,"1.587.645,00","1.075.294,00",31.12.2021,31.12.2020,01.01.2021,31.12.2021,bundesanzeiger_local_maschinenbau/Schneider_GmbH_and_Co._KG/Jahresabschluss_zum_Geschaeftsjahr_vom_01.01.2021_bis_zum_31.12.2021
Hako GmbH,Bad Oldesloe,"5.148.947,15",5.228,"33.231.251,84",22.141,01.01.2021,31.12.2021,bundesanzeiger_local_maschinenbau/Hako_GmbH/Jahresabschluss_zum_Geschaeftsjahr_vom_01.01.2021_bis_zum_31.12.2021
Anthon GmbH,Flensburg,"454.636,00","609.019,00","1.087.962,00","1.119.642,00",01.01.2021,31.12.2021,bundesanzeiger_local_maschinenbau/Anthon_GmbH/Jahresabschluss_zum_Geschaeftsjahr_vom_01.01.2021_bis_zum_31.12.2021
Maschinenfabrik Johann Leimbach GmbH,Wuppertal,NA,NA,"410.004,00","210.950,00",01.01.2021,31.12.2021,bundesanzeiger_local_maschinenbau/Maschinenfabrik_Johann_Leimbach_GmbH/Jahresabschluss_zum_Geschaeftsjahr_vom_01.01.2021_bis_zum_31.12.2021
Karl Klink GmbH,Niefern-Öschelbronn,"2.167.010,00","2.858.284,00","4.315.251,36","5.169.175,36",01.01.2021,31.12.2021,bundesanzeiger_local_maschinenbau/Karl_Klink_GmbH/Jahresabschluss_zum_Geschaeftsjahr_vom_01.01.2021_bis_zum_31.12.2021
SKR Antriebstechnik GmbH Antriebselemente,Gomadingen,"1.367.234,00","1.363.583,00","3.400.768,85","3.481.702,85",01.01.2021,31.12.2021,bundesanzeiger_local_maschinenbau/SKR_Antriebstechnik_GmbH_Antriebselemente/Jahresabschluss_zum_Geschaeftsjahr_vom_01.01.2021_bis_zum_31.12.2021
Intercontinentale Ziegra Eismaschinen,Isernhagen,"761.896,10","27.520,98","388.269,85","425.237,75",01.01.2021,31.12.2021,bundesanzeiger_local_maschinenbau/Intercontinentale_Ziegra_Eismaschinen/Jahresabschluss_zum_Geschaeftsjahr_vom_01.01.2021_bis_zum_31.12.2021
Rühle GmbH,Grafenhausen,NA,NA,"1.277.037,95","1.326.178,95",01.04.2021,31.03.2022,bundesanzeiger_local_maschinenbau/Ruehle_GmbH/Jahresabschluss_zum_Geschaeftsjahr_vom_01.04.2021_bis_zum_31.03.2022
Lindauer DORNIER GmbH,Lindau (Bodensee),"2.920.467,00",3.416,"30.403.630,24",26.670,31.12.2005,31.12.2006,bundesanzeiger_local_maschinenbau/Lindauer_DORNIER_GmbH/Jahresabschluss_zum_31.12.2006
Lang Technik GmbH,Holzmaden,"6.059.698,00","5.187.993,00","17.796.254,92","17.681.521,55",01.01.2021,31.12.2021,bundesanzeiger_local_maschinenbau/Lang_Technik_GmbH/Jahresabschluss_zum_Geschaeftsjahr_vom_01.01.2021_bis_zum_31.12.2021
Spaleck GmbH & Co. KG,Bocholt,NA,NA,"9.391.188,64","9.745.431,33",01.01.2021,31.12.2021,bundesanzeiger_local_maschinenbau/Spaleck_GmbH_and_Co._KG/Jahresabschluss_zum_Geschaeftsjahr_vom_01.01.2021_bis_zum_31.12.2021
E. Zimmermann GmbH,Öhringen,"2.326.156,00","1.211.951,00","7.445.112,44","1.710.506,69",01.01.2021,31.12.2021,bundesanzeiger_local_maschinenbau/E._Zimmermann_GmbH/Jahresabschluss_zum_Geschaeftsjahr_vom_01.01.2021_bis_zum_31.12.2021
topex GmbH,Erkenbrechtsweiler,NA,NA,"489.996,17","623.774,78",01.01.2021,31.12.2021,bundesanzeiger_local_maschinenbau/topex_GmbH/Jahresabschluss_zum_Geschaeftsjahr_vom_01.01.2021_bis_zum_31.12.2021
Dr. Boy GmbH & Co. KG,Neustadt (Wied),NA,NA,NA,NA,-,-,
Breyer GmbH Maschinenfabrik,Singen (Hohentwiel),"464.774,70","565.547,90","464.776,20","565.549,40",01.01.2021,31.12.2021,bundesanzeiger_local_maschinenbau/Breyer_GmbH_Maschinenfabrik/Jahresabschluss_zum_Geschaeftsjahr_vom_01.01.2021_bis_zum_31.12.2021
PRESTO GmbH & Co. KG,Bad Laer,"297.765,50","364.320,50","10.104.207,76","10.200.660,29",01.01.2021,31.12.2021,bundesanzeiger_local_maschinenbau/PRESTO_GmbH_and_Co._KG/Jahresabschluss_zum_Geschaeftsjahr_vom_01.01.2021_bis_zum_31.12.2021
Heyligenstaedt Werkzeugmaschinen GmbH,Gießen,"1.690.875,00","1.910.404,00","2.038.383,00","2.331.728,44",01.01.2021,31.12.2021,bundesanzeiger_local_maschinenbau/Heyligenstaedt_Werkzeugmaschinen_GmbH/Jahresabschluss_zum_Geschaeftsjahr_vom_01.01.2021_bis_zum_31.12.2021
BSB Metallverformung,Burgau,"4.294.182,92","5.610.708,75","4.978.683,35","6.232.010,18",01.01.2021,31.12.2021,bundesanzeiger_local_maschinenbau/BSB_Metallverformung/Jahresabschluss_zum_Geschaeftsjahr_vom_01.01.2021_bis_zum_31.12.2021
KALLFASS Verpackungsmaschinen GmbH,Nürtingen,"534.907,00","595.906,00",2021,2020,01.01.2021,31.12.2021,bundesanzeiger_local_maschinenbau/KALLFASS_Verpackungsmaschinen_GmbH/Jahresabschluss_zum_Geschaeftsjahr_vom_01.01.2021_bis_zum_31.12.2021
Müller Maschinen und Anlagen,Gefrees,NA,NA,"629.581,49","695.405,49",01.01.2021,31.12.2021,bundesanzeiger_local_maschinenbau/Mueller_Maschinen_und_Anlagen/Jahresabschluss_zum_Geschaeftsjahr_vom_01.01.2021_bis_zum_31.12.2021
Dittrich & Greipl GmbH,Grafenau,"5.234.215,66","406.342,90","4.032.295,00","4.009.675,00",01.01.2021,31.12.2021,bundesanzeiger_local_maschinenbau/Dittrich_and_Greipl_GmbH/Jahresabschluss_zum_Geschaeftsjahr_vom_01.01.2021_bis_zum_31.12.2021
Sturm Holding GmbH,Salching,NA,NA,"202.836,00","140.745,00",31.12.2021,31.12.2020,bundesanzeiger_local_maschinenbau/Sturm_Holding_GmbH/Jahresabschluss_zum_Geschaeftsjahr_vom_01.01.2021_bis_zum_31.12.2021
SMS Maschinenbau GmbH,Albstadt,"706.728,91","654.773,29","3.289.423,44","2.833.371,44",01.01.2021,31.12.2021,bundesanzeiger_local_maschinenbau/SMS_Maschinenbau_GmbH/Jahresabschluss_zum_Geschaeftsjahr_vom_01.01.2021_bis_zum_31.12.2021
Motan GmbH,Friedrichsdorf,"68.569,68","127.608,26","979.735,74","1.255.110,51",01.01.2021,31.12.2021,bundesanzeiger_local_maschinenbau/Motan_GmbH/Jahresabschluss_zum_Geschaeftsjahr_vom_01.01.2021_bis_zum_31.12.2021
KOHLER Maschinenbau GmbH,Lahr/Schwarzwald,NA,NA,NA,NA,-,-,
Theegarten-Pactec GmbH & Co. KG,Dresden,"830.429,57","1.001.757,04","21.541.664,42","23.081.707,91",01.01.2021,31.12.2021,bundesanzeiger_local_maschinenbau/Theegarten-Pactec_GmbH_and_Co._KG/Jahresabschluss_zum_Geschaeftsjahr_vom_01.01.2021_bis_zum_31.12.2021
Reichmann & Sohn GmbH,Weißenhorn,"41.852,00","40.246,00","11.651.203,36","11.461,6",01.07.2021,30.06.2022,bundesanzeiger_local_maschinenbau/Reichmann_and_Sohn_GmbH/Jahresabschluss_zum_Geschaeftsjahr_vom_01.07.2021_bis_zum_30.06.2022
Baumann Maschinenbau,Solms,NA,NA,"336.139,20","394.657,00",01.01.2021,31.12.2021,bundesanzeiger_local_maschinenbau/Baumann_Maschinenbau/Jahresabschluss_zum_Geschaeftsjahr_vom_01.01.2021_bis_zum_31.12.2021
ALMIG Kompressoren GmbH,Köngen,NA,NA,NA,NA,01.01.2021,31.12.2021,bundesanzeiger_local_maschinenbau/ALMIG_Kompressoren_GmbH/Jahresabschluss_zum_Geschaeftsjahr_vom_01.01.2021_bis_zum_31.12.2021
Mosca GmbH,Waldbrunn,"203.516,27","1.349.282,58","1.053.871,63","2.573.443,83",01.01.2021,31.12.2021,bundesanzeiger_local_maschinenbau/Mosca_GmbH/Jahresabschluss_zum_Geschaeftsjahr_vom_01.01.2021_bis_zum_31.12.2021
Bardenhagen Maschinenbau u.,Horneburg,NA,NA,"869.427,00","947.217,72",01.01.2021,31.12.2021,bundesanzeiger_local_maschinenbau/Bardenhagen_Maschinenbau_u./Jahresabschluss_zum_Geschaeftsjahr_vom_01.01.2021_bis_zum_31.12.2021
Maschinenbau Leicht GmbH,Hallstadt,"6.438.991,00","8.273.617,00","11.147.072,35","12.933.606,24",01.01.2021,31.12.2021,bundesanzeiger_local_maschinenbau/Maschinenbau_Leicht_GmbH/Jahresabschluss_zum_Geschaeftsjahr_vom_01.01.2021_bis_zum_31.12.2021
Wehrhahn GmbH,Delmenhorst,NA,NA,"3.590.879,89","2.014.822,99",01.01.2021,31.12.2021,bundesanzeiger_local_maschinenbau/Wehrhahn_GmbH/Jahresabschluss_zum_Geschaeftsjahr_vom_01.01.2021_bis_zum_31.12.2021
Vom Hagen & Funke GmbH,Sprockhövel,NA,NA,"2.578.307,31","2.720.493,31",01.01.2021,31.12.2021,bundesanzeiger_local_maschinenbau/Vom_Hagen_and_Funke_GmbH/Jahresabschluss_zum_Geschaeftsjahr_vom_01.01.2021_bis_zum_31.12.2021
Weil Technology GmbH,Müllheim,"830.484,40","9.294,26","2.176.241,45","2.387.811,45",01.05.2021,30.04.2022,bundesanzeiger_local_maschinenbau/Weil_Technology_GmbH/Jahresabschluss_zum_Geschaeftsjahr_vom_01.05.2021_bis_zum_30.04.2022
Rexnord GmbH,Betzdorf,NA,NA,"143.712.516,66","144.021.713,66",01.01.2021,31.12.2021,bundesanzeiger_local_maschinenbau/Rexnord_GmbH/Jahresabschluss_zum_Geschaeftsjahr_vom_01.01.2021_bis_zum_31.12.2021
WEISS GmbH,Buchen (Odenwald),"1.119.593,11","1.328.441,14","3.363.067,78","3.213.231,06",01.01.2021,31.12.2021,bundesanzeiger_local_maschinenbau/WEISS_GmbH/Jahresabschluss_zum_Geschaeftsjahr_vom_01.01.2021_bis_zum_31.12.2021
GHH Rand Schraubenkompressoren GmbH,Oberhausen,"36.921,50","37.440,65","12.083,66","5.073,75",01.01.2021,31.12.2021,bundesanzeiger_local_maschinenbau/GHH_Rand_Schraubenkompressoren_GmbH/Jahresabschluss_zum_Geschaeftsjahr_vom_01.01.2021_bis_zum_31.12.2021
Wetzel GmbH,Grenzach-Wyhlen,"3.052.430,76","2.537.509,83","6.821.520,19","6.827.779,55",01.10.2017,30.09.2018,bundesanzeiger_local_maschinenbau/Wetzel_GmbH/Jahresabschluss_zum_Geschaeftsjahr_vom_01.10.2017_bis_zum_30.09.2018
T R E I F - Maschinenbau GmbH,Oberlahr,"1.340.535,50","1.673.634,00","2.956.581,76","3.439.054,99",01.09.2019,31.08.2020,bundesanzeiger_local_maschinenbau/T_R_E_I_F_-_Maschinenbau_GmbH/Jahresabschluss_zum_Geschaeftsjahr_vom_01.09.2019_bis_zum_31.08.2020
Eilhauer Maschinenbau GmbH,Langenhagen,NA,NA,"633.998,00","751.642,00",01.01.2021,31.12.2021,bundesanzeiger_local_maschinenbau/Eilhauer_Maschinenbau_GmbH/Jahresabschluss_zum_Geschaeftsjahr_vom_01.01.2021_bis_zum_31.12.2021
Haulick + Roos GmbH,Pforzheim,NA,NA,"670.788,78","753.914,78",01.01.2021,31.12.2021,bundesanzeiger_local_maschinenbau/Haulick_+_Roos_GmbH/Jahresabschluss_zum_Geschaeftsjahr_vom_01.01.2021_bis_zum_31.12.2021
Langguth GmbH,Senden,NA,NA,NA,NA,01.01.2021,31.12.2021,bundesanzeiger_local_maschinenbau/Langguth_GmbH/Jahresabschluss_zum_Geschaeftsjahr_vom_01.01.2021_bis_zum_31.12.2021
K. Sandern GmbH Maschinenbau,Geeste,NA,NA,"667.102,50","797.837,50",01.01.2021,31.12.2021,bundesanzeiger_local_maschinenbau/K._Sandern_GmbH_Maschinenbau/Jahresabschluss_zum_Geschaeftsjahr_vom_01.01.2021_bis_zum_31.12.2021
M. Brück GmbH & Co. KG,Düren,"581.071,67","832.931,39","2.996.897,19","3.344.416,53",31.12.2021,01.01.2021,bundesanzeiger_local_maschinenbau/M._Brueck_GmbH_and_Co._KG/Jahresabschluss_zum_Geschaeftsjahr_vom_01.01.2021_bis_zum_31.12.2021
Behringer GmbH,Kirchardt,"2.655.364,96","3.036.402,04","22.723.028,58","23.859.526,83",01.01.2021,31.12.2021,bundesanzeiger_local_maschinenbau/Behringer_GmbH/Jahresabschluss_zum_Geschaeftsjahr_vom_01.01.2021_bis_zum_31.12.2021
telerob Gesellschaft für,Ostfildern,"37.875,61",35,"484.989,35",441,01.01.2021,31.12.2021,bundesanzeiger_local_maschinenbau/telerob_Gesellschaft_fuer/Jahresabschluss_zum_Geschaeftsjahr_vom_01.01.2021_bis_zum_31.12.2021
Brosa GmbH,Tettnang,"1.341.429,00","1.367.054,00","2.028.254,00","2.126.874,00",01.01.2021,31.12.2021,bundesanzeiger_local_maschinenbau/Brosa_GmbH/Jahresabschluss_zum_Geschaeftsjahr_vom_01.01.2021_bis_zum_31.12.2021
VEMAG Maschinenbau GmbH,Verden (Aller),NA,NA,NA,NA,-,-,
Manfred Kaiser Maschinenbau GmbH,Vrees,NA,NA,"558.550,00","625.621,00",01.01.2021,31.12.2021,bundesanzeiger_local_maschinenbau/Manfred_Kaiser_Maschinenbau_GmbH/Jahresabschluss_zum_Geschaeftsjahr_vom_01.01.2021_bis_zum_31.12.2021
MBK Maschinenbau GmbH,Kißlegg,"815.502,00","783.610,00","1.112.777,68","985.464,18",28.07.2022,31.12.2021,bundesanzeiger_local_maschinenbau/MBK_Maschinenbau_GmbH/Jahresabschluss_zum_Geschaeftsjahr_vom_01.01.2021_bis_zum_31.12.2021
DMG MORI Global Marketing GmbH,Wernau (Neckar),"4.162,21","5.424,86","12.078.135,32",12.140,01.01.2021,31.12.2021,bundesanzeiger_local_maschinenbau/DMG_MORI_Global_Marketing_GmbH/Jahresabschluss_zum_Geschaeftsjahr_vom_01.01.2021_bis_zum_31.12.2021
Heinz Bergmann,Lathen,NA,NA,"3.766.528,00","3.548.695,00",01.01.2021,31.12.2021,bundesanzeiger_local_maschinenbau/Heinz_Bergmann/Jahresabschluss_zum_Geschaeftsjahr_vom_01.01.2021_bis_zum_31.12.2021
Stiebel-Getriebebau GmbH & Co. KG,Waldbröl,"1.502.549,00","1.925.826,00","4.753.640,51","4.453.618,73",01.01.2021,31.12.2021,bundesanzeiger_local_maschinenbau/Stiebel-Getriebebau_GmbH_and_Co._KG/Jahresabschluss_zum_Geschaeftsjahr_vom_01.01.2021_bis_zum_31.12.2021
Walter Maschinenbau GmbH,Tübingen,NA,NA,NA,NA,-,-,
Linn High Therm GmbH,Hirschbach,NA,NA,"348.980,35","395.261,35",01.01.2020,31.12.2020,bundesanzeiger_local_maschinenbau/Linn_High_Therm_GmbH/Jahresabschluss_zum_Geschaeftsjahr_vom_01.01.2020_bis_zum_31.12.2020
BAT Bohr- und Anlagentechnik GmbH,Krayenberggemeinde OT Merkers,NA,NA,NA,NA,-,-,
Dürkopp Adler GmbH,Bielefeld,7.404,7.402,18.138,19.252,31.12.2021,31.12.2020,bundesanzeiger_local_maschinenbau/Duerkopp_Adler_GmbH/Jahresabschluss_zum_Geschaeftsjahr_vom_01.01.2021_bis_zum_31.12.2021
HOBART GmbH,Offenburg,NA,NA,NA,NA,-,-,
Greidenweis GmbH,Spaichingen,NA,NA,"815.180,27","1.199.893,27",01.01.2021,31.12.2021,bundesanzeiger_local_maschinenbau/Greidenweis_GmbH/Jahresabschluss_zum_Geschaeftsjahr_vom_01.01.2021_bis_zum_31.12.2021
Winkel GmbH,Illingen,"3.013.694,00","3.443.600,00","4.188.304,64","4.641.695,00",01.01.2020,31.12.2020,bundesanzeiger_local_maschinenbau/Winkel_GmbH/Jahresabschluss_zum_Geschaeftsjahr_vom_01.01.2020_bis_zum_31.12.2020
Bräutigam Bergbau-,Moers,NA,NA,"40.315,52","298.686,62",01.01.2014,31.12.2014,bundesanzeiger_local_maschinenbau/Braeutigam_Bergbau-/Jahresabschluss_zum_Geschaeftsjahr_vom_01.01.2014_bis_zum_31.12.2014
Maschinenfabrik,Bochum,NA,NA,"6.827.071,76","1.152.750,80",01.01.2021,31.12.2021,bundesanzeiger_local_maschinenbau/Maschinenfabrik/Jahresabschluss_zum_Geschaeftsjahr_vom_01.01.2021_bis_zum_31.12.2021
Freund Maschinenfabrik GmbH & Co. KG,Paderborn,NA,NA,"516.591,33","633.765,15",01.01.2021,31.12.2021,bundesanzeiger_local_maschinenbau/Freund_Maschinenfabrik_GmbH_and_Co._KG/Jahresabschluss_zum_Geschaeftsjahr_vom_01.01.2021_bis_zum_31.12.2021
Merz Maschinenfabrik GmbH,Hechingen,"244.721,27","255.426,78","1.427.542,08",1.532,01.01.2021,31.12.2021,bundesanzeiger_local_maschinenbau/Merz_Maschinenfabrik_GmbH/Jahresabschluss_zum_Geschaeftsjahr_vom_01.01.2021_bis_zum_31.12.2021
SOMIC Verpackungsmaschinen GmbH & Co. KG,Amerang,"926.075,00","999.583,00","4.056.536,20","2.137.340,02",01.07.2021,30.06.2022,bundesanzeiger_local_maschinenbau/SOMIC_Verpackungsmaschinen_GmbH_and_Co._KG/Jahresabschluss_zum_Geschaeftsjahr_vom_01.07.2021_bis_zum_30.06.2022
SÜMA Maschinengesellschaft GmbH,Nordhausen,NA,NA,"31.791,00","50.367,00",01.01.2021,31.12.2021,bundesanzeiger_local_maschinenbau/SUeMA_Maschinengesellschaft_GmbH/Jahresabschluss_zum_Geschaeftsjahr_vom_01.01.2021_bis_zum_31.12.2021
KRONEN GmbH,Kehl,"724.913,04",772,"1.303.197,62",1.303,01.01.2021,31.12.2021,bundesanzeiger_local_maschinenbau/KRONEN_GmbH/Jahresabschluss_zum_Geschaeftsjahr_vom_01.01.2021_bis_zum_31.12.2021
SHB Hebezeugbau GmbH,Saalfeld/Saale,NA,NA,NA,NA,-,-,
RUFF GmbH,Grafing bei München,NA,NA,NA,NA,-,-,
Klingelnberg GmbH,Hückeswagen,"5.675.024,00","8.469.042,00","38.683.906,41","41.597.930,01",01.04.2021,31.03.2022,bundesanzeiger_local_maschinenbau/Klingelnberg_GmbH/Jahresabschluss_zum_Geschaeftsjahr_vom_01.04.2021_bis_zum_31.03.2022
AMS Arneburger,Arneburg,NA,NA,"473.945,00","635.055,00",01.01.2021,31.12.2021,bundesanzeiger_local_maschinenbau/AMS_Arneburger/Jahresabschluss_zum_Geschaeftsjahr_vom_01.01.2021_bis_zum_31.12.2021
Binder GmbH,Tuttlingen,NA,NA,"428.424,21","414.917,90",01.01.2021,31.12.2021,bundesanzeiger_local_maschinenbau/Binder_GmbH/Jahresabschluss_zum_Geschaeftsjahr_vom_01.01.2021_bis_zum_31.12.2021
Trützschler Group SE,Mönchengladbach,NA,NA,NA,NA,01.01.2021,31.12.2021,bundesanzeiger_local_maschinenbau/Truetzschler_Group_SE/Jahresabschluss_zum_Geschaeftsjahr_vom_01.01.2021_bis_zum_31.12.2021
Emmendinger Maschinenbau GmbH,Emmendingen,NA,NA,"203.926,74","202.320,49",01.01.2021,31.12.2021,bundesanzeiger_local_maschinenbau/Emmendinger_Maschinenbau_GmbH/Jahresabschluss_zum_Geschaeftsjahr_vom_01.01.2021_bis_zum_31.12.2021
sera GmbH,Immenhausen,"1.629.354,24","1.764.721,16",2021,2020,31.12.2021,31.12.2020,bundesanzeiger_local_maschinenbau/sera_GmbH/Jahresabschluss_zum_Geschaeftsjahr_vom_01.01.2021_bis_zum_31.12.2021
LEMMER-FULLWOOD GmbH,Lohmar,"35.149,00","43.441,00","389.397,00","369.681,00",01.01.2021,31.12.2021,bundesanzeiger_local_maschinenbau/LEMMER-FULLWOOD_GmbH/Jahresabschluss_zum_Geschaeftsjahr_vom_01.01.2021_bis_zum_31.12.2021
Elektrowerk Hannover,Hannover,NA,NA,"275.311,00","75.702,00",01.01.2021,31.12.2021,bundesanzeiger_local_maschinenbau/Elektrowerk_Hannover/Jahresabschluss_zum_Geschaeftsjahr_vom_01.01.2021_bis_zum_31.12.2021
FEUTRON Klimasimulation GMBH,Langenwetzendorf,NA,NA,"1.883.390,91","610.939,82",01.01.2021,31.12.2021,bundesanzeiger_local_maschinenbau/FEUTRON_Klimasimulation_GMBH/Jahresabschluss_zum_Geschaeftsjahr_vom_01.01.2021_bis_zum_31.12.2021
KOLLER Maschinen- und Anlagenbau GmbH,Celle,NA,NA,NA,NA,01.01.2021,31.12.2021,bundesanzeiger_local_maschinenbau/KOLLER_Maschinen-_und_Anlagenbau_GmbH/Jahresabschluss_zum_Geschaeftsjahr_vom_01.01.2021_bis_zum_31.12.2021
ZIMM Germany GmbH,Ohorn,"23.098.578,38","46.196,29","8.286.969,05","9.572.555,98",01.01.2021,31.12.2021,bundesanzeiger_local_maschinenbau/ZIMM_Germany_GmbH/Jahresabschluss_zum_Geschaeftsjahr_vom_01.01.2021_bis_zum_31.12.2021
Affeldt - Maschinenbau GmbH,Neuendorf bei Elmshorn,NA,NA,"23.718,00","25.273,00",01.01.2021,31.12.2021,bundesanzeiger_local_maschinenbau/Affeldt_-_Maschinenbau_GmbH/Jahresabschluss_zum_Geschaeftsjahr_vom_01.01.2021_bis_zum_31.12.2021
IPTE Germany GmbH,Heroldsberg,"61.001,33","77.238,87","403.338,23","320.577,62",01.01.2021,31.12.2021,bundesanzeiger_local_maschinenbau/IPTE_Germany_GmbH/Jahresabschluss_zum_Geschaeftsjahr_vom_01.01.2021_bis_zum_31.12.2021
TRAPO GmbH,Gescher,NA,NA,NA,NA,-,-,
UNICOR GmbH,Haßfurt,28.02.2022,28.02.2021,"508.684,69","599.135,01",28.02.2022,28.02.2021,bundesanzeiger_local_maschinenbau/UNICOR_GmbH/Jahresabschluss_zum_Geschaeftsjahr_vom_01.03.2021_bis_zum_28.02.2022
Hager Sondermaschinenbau GmbH,Möttingen,"6.731.886,25","7.598,60","6.599.721,53","7.214.927,53",01.10.2021,30.09.2022,bundesanzeiger_local_maschinenbau/Hager_Sondermaschinenbau_GmbH/Jahresabschluss_zum_Geschaeftsjahr_vom_01.10.2021_bis_zum_30.09.2022
SMG Sportplatzmaschinenbau GmbH,Vöhringen,"1.658.679,00","88.514,00","3.473.986,00","742,2",01.01.2020,31.12.2020,bundesanzeiger_local_maschinenbau/SMG_Sportplatzmaschinenbau_GmbH/Jahresabschluss_zum_Geschaeftsjahr_vom_01.01.2020_bis_zum_31.12.2020
MIWE Michael Wenz GmbH,Arnstein,"1.668.312,00","1.980.265,00","155.892,00","234.341,00",31.12.2021,31.12.2021,bundesanzeiger_local_maschinenbau/MIWE_Michael_Wenz_GmbH/Jahresabschluss_zum_Geschaeftsjahr_vom_01.01.2021_bis_zum_31.12.2021
Schrage GmbH Maschinen- u. Apparatebau,Soest,NA,NA,"90.217,00","95.248,00",01.01.2021,31.12.2021,bundesanzeiger_local_maschinenbau/Schrage_GmbH_Maschinen-_u._Apparatebau/Jahresabschluss_zum_Geschaeftsjahr_vom_01.01.2021_bis_zum_31.12.2021
Renold GmbH,Einbeck,NA,NA,"0,00","0,00",31.03.2022,31.03.2022,bundesanzeiger_local_maschinenbau/Renold_GmbH/Jahresabschluss_zum_Geschaeftsjahr_vom_01.04.2021_bis_zum_31.03.2022
VENTAPP GmbH,Kempen,"336.206,48","397.352,48","1.449.715,10","1.590.016,83",01.01.2021,31.12.2021,bundesanzeiger_local_maschinenbau/VENTAPP_GmbH/Jahresabschluss_zum_Geschaeftsjahr_vom_01.01.2021_bis_zum_31.12.2021
WEBER Schraubautomaten GmbH,Wolfratshausen,"1.109.333,00","1.335.955,00","35.073.087,01","30.983.112,71",01.04.2021,31.03.2022,bundesanzeiger_local_maschinenbau/WEBER_Schraubautomaten_GmbH/Jahresabschluss_zum_Geschaeftsjahr_vom_01.04.2021_bis_zum_31.03.2022
KALTENBACH GmbH + Co. KG,Lörrach,"79.891,76","101.595,83","1.266.964,49","1.473.685,86",01.01.2021,31.12.2021,bundesanzeiger_local_maschinenbau/KALTENBACH_GmbH_+_Co._KG/Jahresabschluss_zum_Geschaeftsjahr_vom_01.01.2021_bis_zum_31.12.2021
Albrecht Bäumer,Freudenberg,"1.118.210,00","861.063,00","7.216.716,62","7.141.220,78",01.01.2021,31.12.2021,bundesanzeiger_local_maschinenbau/Albrecht_Baeumer/Jahresabschluss_zum_Geschaeftsjahr_vom_01.01.2021_bis_zum_31.12.2021
Kruse + Sohn,Edewecht,NA,NA,"201.345,38","137.138,38",01.01.2021,31.12.2021,bundesanzeiger_local_maschinenbau/Kruse_+_Sohn/Jahresabschluss_zum_Geschaeftsjahr_vom_01.01.2021_bis_zum_31.12.2021
Palamides GmbH,Renningen,31.12.2021,"306.895,00","126.792,33","136.494,96",01.01.2021,31.12.2021,bundesanzeiger_local_maschinenbau/Palamides_GmbH/Jahresabschluss_zum_Geschaeftsjahr_vom_01.01.2021_bis_zum_31.12.2021
Karl Menzel Maschinenfabrik GmbH & Co.,Bielefeld,NA,NA,"258.839,50",269,01.01.2021,31.12.2021,bundesanzeiger_local_maschinenbau/Karl_Menzel_Maschinenfabrik_GmbH_and_Co./Jahresabschluss_zum_Geschaeftsjahr_vom_01.01.2021_bis_zum_31.12.2021
DELLNER BUBENZER GERMANY GmbH,Kirchen (Sieg),NA,NA,NA,NA,-,-,
Markem-Imaje GmbH,Stuttgart,NA,NA,NA,NA,-,-,
voestalpine Böhler Welding,Eisenberg (Pfalz),NA,NA,NA,NA,-,-,
FRIEDRICH KOCKS GmbH & Co. KG,Hilden,NA,NA,"307.941,00","408.569,00",01.01.2021,31.12.2021,bundesanzeiger_local_maschinenbau/FRIEDRICH_KOCKS_GmbH_and_Co._KG/Jahresabschluss_zum_Geschaeftsjahr_vom_01.01.2021_bis_zum_31.12.2021
MINDA Industrieanlagen GmbH,Minden,"566.951,00","619.982,00","9.772.892,00","10.124.700,00",31.12.2021,31.12.2020,bundesanzeiger_local_maschinenbau/MINDA_Industrieanlagen_GmbH/Jahresabschluss_zum_Geschaeftsjahr_vom_01.01.2021_bis_zum_31.12.2021
Zwickauer Werkzeug- und,Zwickau,NA,NA,"2.538.528,46","2.758.691,46",01.01.2021,31.12.2021,bundesanzeiger_local_maschinenbau/Zwickauer_Werkzeug-_und/Jahresabschluss_zum_Geschaeftsjahr_vom_01.01.2021_bis_zum_31.12.2021
Renner GmbH,Güglingen,"9.168,00","14.386,50","887.186,50","801.401,50",01.01.2021,31.12.2021,bundesanzeiger_local_maschinenbau/Renner_GmbH/Jahresabschluss_zum_Geschaeftsjahr_vom_01.01.2021_bis_zum_31.12.2021
