Company name,Company Url,Lohnfertigung(True/False),Produkte_1,Produkte_2,Produkte_3,Maschinen_1,Maschinen_2,Maschinen_3,Prozess_1,Prozess_2,Prozess_3,Ort,technische Anlagen und Maschinen 2021/22,Maschinen_Park_Size,Maschinen_Park_var,hours_of_saving
Ottmar Buchberger GmbH,https://www.buchberger-gmbh.de,True,Bohrungen,Drehteile,Frästeile,Drehmaschinen,Erodiermaschinen,Fräsmaschinen,Bohrungen,Drehungen,Fräsungen,Tuchenbach,7202569.0,200-350,200,75000
DELO Industrie Klebstoffe GmbH & Co.,https://www.delo.de,False,Aushärtesysteme,Dosiersysteme,Klebstoffe,,,,,,,Windach,9286351.0,200-350,200,75000
Stemmann-Technik GmbH,https://www.stemmann.com/de/,False,Leitungstrommeln,Leitungswagensysteme,Schleifringübertrager,,,,,,,Schüttorf,1838262.0,80-120,80,30000
MPT Präzisionsteile GmbH Mittweida,https://www.mpt-group.com,True,CNC-Bearbeitungen,Gusskompetenzen,Umformtechnologien,CNC-Drehmaschinen,CNC-Fräsmaschinen,Pressen,Bohrungen,Drehungen,Fräsungen,Mittweida,3530372.0,120-200,120,45000
Harald Böhl GmbH,https://www.haboe.de,True,Baugruppen,Drehteile,Frästeile,Bearbeitungszentren,Dreh-Fräszentren,Drehmaschinen,Drehungen,Fräsungen,Montagen,Rosenthal,2856898.0,120-200,120,45000
Hutzel Seidewitztal GmbH,https://www.hutzeltechnics.de,True,Komponenten,Medizinprodukte,Präzisionsteile,CNC-Maschinen,Fräsmaschinen,Schleifmaschinen,Drehungen,Fräsungen,Schleifungen,Liebstadt,5679364.0,200-350,200,75000
Otto SPANNER GmbH,https://www.spanner.de,True,Baugruppen,Blechteile,Platinen,Biegemaschinen,Laserschneidemaschinen,Pressen,Biegen,Laserschneiden,Pressen,Bayerbach b.Ergoldsbach,3869899.0,120-200,120,45000
Benninger AG,https://www.benningergroup.com/de/,False,Anlagen,Lösungen,Textilmaschinen,Bleichmaschinen,Färbemaschinen,Waschmaschinen,Bleichungen,Färbungen,Waschungen,Zittau,232261.0,No Match,,
Langenbach & Köster GmbH & Co. KG,https://langenbachkoester.com,False,Baugruppenteile,Schmiedeteile,Stanzteile,Schmiedemaschinen,Stanzmaschinen,Umformmaschinen,Präzisionsfertigungen,Warmumformungen,spanabhebende Nachbearbeitungen,Plettenberg,706683.0,15-20,15,5625
KEHREN GmbH,https://www.kehren.com,True,Rundtisch-Flachschleifmaschinen,Schleifspindeln,Vertikalschleifzentren,Schleifmaschinen,Schleifspindeln,Schleifzentren,Schleifen,,,Troisdorf,134146.0,No Match,,
FRANK GmbH,https://www.frank-gmbh.de/de/,False,Armaturen,Behälter,Rohrsysteme,,,,,,,Mörfelden-Walldorf,596412.0,10-15,10,3750
NTN Kugellagerfabrik (Deutschland) GmbH,https://www.ntn-snr.com,False,Lager,Linearmodule,Roller,,,,,,,Mettmann,213519.0,No Match,,
CONSTAB Polyolefin Additives GmbH,https://constab.com,True,Additive,Masterbatches,Verbindungen,,,,,,,Rüthen,4164747.0,120-200,120,45000
JVK Filtration Systems GmbH,https://www.jvk.de,False,Kammerplatten,Membranplatten,spezielle Filterelemente,,,,,,,Georgensgmünd,2370468.0,80-120,80,30000
Reinert-Ritz GmbH,https://www.reinert-ritz.de,False,Flanschverbindungen,Hydrantenfittings,Revisionsöffnungen,Extrusionsmaschinen,Schweißmaschinen,Spritzgießmaschinen,Extrudierungen,Schweißungen,Spritzgießungen,Nordhorn,5496328.0,200-350,200,75000
KMK Metallwerke GmbH,https://www.kmk-metalltechnik.de,True,Baugruppen,Blechverarbeitungen,Systemlösungen,Fräsmaschinen,Kantmaschinen,Schweißmaschinen,Biegen,Laserschneiden,Schweißen,Kirchberg an der Iller,110462.0,No Match,,
STEINEL Normalien AG,https://www.steinel.com,True,Führungselemente,Gewindeformen,Stickstoffsysteme,Erodiermaschinen,Fräsmaschinen,Schleifmaschinen,Erodieren,Fräsen,Schleifen,Villingen-Schwenningen,3793998.0,120-200,120,45000
G. A. Röders GmbH & Co. KG,https://roeders.com,True,Aluminium-Druckgussteile,Kunststoff-Spritzgussteile,Zink-Druckgussteile,CNC-Fräsmaschinen,Druckgussmaschinen,Schleifmaschinen,Anwendungsforschungen,Druckgüsse,Simulationen,Soltau,498259.0,10-15,10,3750
A. Schüth GmbH,https://schueth.de,False,Belüftungselemente,Dichtungen,gestanzte Teile,,,,,,,Schotten,859734.0,15-20,15,5625
Pentair Südmo GmbH,https://foodandbeverage.pentair.com,False,Anwendungen,Dienstleistungen,Lösungen,,,,,,,Riesbürg,3148024.0,120-200,120,45000
Ketten-Wulf Betriebs GmbH,https://www.kettenwulf.com,True,Antriebsketten,Förderketten,Kettenräder,CNC-Maschinen,Schleifmaschinen,Schweißanlagen,Fräsen,Schleifen,Schweißen,Eslohe (Sauerland),4002245.0,120-200,120,45000
Der Grüne Punkt – Duales System Deutschland GmbH,https://www.gruener-punkt.de,False,Nachhaltige Verpackungen,Systalen® Rezyklate,Verpackungslizenzierungen,,,,,,,Eisfeld,9036136.0,200-350,200,75000
Albert Pielhau GmbH & Co. KG,http://www.pielhau.de,True,Schmiedestücke,Schweißkonstruktionen,gehärtete Werkstücke,Induktionshärteanlagen,Schmiedepressen,Schweißgeräte,Härten,Schmieden,Schweißen,Halver,877962.0,15-20,15,5625
Sekisui Alveo BS GmbH,https://www.sekisuialveo.com,False,Funktionale Oberflächenprodukte,Polyolefin-basierte Schaumlösungen,Schaumstoffe,,,,,,,Bad Sobernheim,4904771.0,120-200,120,45000
BTE Biegetechnik Engineering GmbH,https://www.bte-biegetechnik.com,True,Biegen,Schweißen,Umformen,Biegemaschinen,Prototypenbaumaschinen,Schweißmaschinen,Biegen,Prototypenbau,Schweißen,Ilshofen,387421.0,10-15,10,3750
Müller Präzision GmbH,https://www.mueller-praezision.de,True,Drehungen,Fräsungen,Schleifungen,Drehmaschinen,Fräsmaschinen,Schleifmaschinen,Drehungen,Fräsungen,Schleifungen,Cham,11959500.0,350-600,350,131250
Fidlock GmbH,https://www.fidlock.com,False,magnetische Verschlüsse,,,,,,,,,Hannover,1069211.0,21-40,21,7875
GLEASON-PFAUTER Maschinenfabrik GmbH,https://www.gleason.com,False,Automatisierungen,Maschinen,Werkzeuge,Fasenmaschinen,Messtechniksysteme,Zylindermaschinen,Hobben,Mahlen,Schneiden,Ludwigsburg,3939671.0,120-200,120,45000
SZW Prophet GmbH,http://www.seilzugwerk.de,False,,,,,,,,,,Ilmenau,2312692.0,80-120,80,30000
DLB Oberviechtach GmbH & Co. KG,https://www.dlb-ovi.com,False,Litzen,Mehrfachdrähte,Seile,,,,,,,Oberviechtach,2692504.0,120-200,120,45000
ELAFLEX HIBY GmbH & Co. KG,https://elaflex.de,False,Armaturen,Schlauchleitungen,Zapfventile,Metallgussmaschinen,Montagemaschinen,Schraubmaschinen,Gießens,Mechanische Bearbeitungen,Montierens,Hamburg,3698752.0,120-200,120,45000
Meteor Umformtechnik GmbH & Co. KG,https://www.mendritzki.de,False,Broschüren,Präzisionsteile,Schneidwerkzeuge,,,,,,,Zella-Mehlis,2226906.0,80-120,80,30000
Cartonplast Group GmbH,https://www.cartonplast.com,False,Lagenpolster,Oberkappen,Paletten,,,,Desinfektionen,Inspektionen,Reinigungen,Dietzenbach,2862289.0,120-200,120,45000
F & G Normteile Dresden GmbH,https://fug-normteile.de,True,Drehteile,Kontaktstifte,Präzisionsdrehteile,Drehmaschinen,Kerbmaschinen,Schleifmaschinen,Drehungen,Kerben,Schleifen,Arnsdorf,2072353.0,80-120,80,30000
Boyd Corporation GmbH,https://www.boydcorp.com,False,Ingenieurmaterialien,Materialwissenschaften,Thermomanagementlösungen,,,,,,,Syke,900695.0,21-40,21,7875
Corodur Verschleiß-Schutz GmbH,https://www.corodur-thale.de,True,Auftragschweißungen,Fülldrähte,Panzerblechfertigungen,CNC-Maschinen,Drehmaschinen,Fräsmaschinen,Auftragschweißens,Innenrohrbeschichtungen,Lichtbogenspritzens,Thale,902211.0,21-40,21,7875
horizont group gmbh,http://group.horizont.com,False,Elektronische Spezialprodukte,Verkehrssicherheitstechnik,Weidezaunprodukte,,,,,,,Korbach,3547072.0,120-200,120,45000
Hans Pfeiffer GmbH,https://pfeiffer-praezision.com,True,Drehmaschinen,Fräsmaschinen,Schleifmaschinen,Drehmaschinen,Fräsmaschinen,Schleifmaschinen,Drehungen,Fräsungen,Schleifungen,Friedenweiler,3032455.0,120-200,120,45000
MAFAC - E. Schwarz GmbH & Co. KG,https://www.mafac.de,True,Lohnreinigungen,Reinigungsanlagen,Sonderanlagen,,,,,,,Alpirsbach,1729938.0,60-80,60,22500
R + B Filter GmbH,http://www.rb-filter.de,False,Filterkassetten,Filterpatronen,Filterplatten,,,,,,,Langenbrettach,1177490.0,21-40,21,7875
Heismann Drehtechnik GmbH,https://www.heismann.de,True,Baugruppen,Drehteile,Präzisionsdrehteile,CNC-Drehmaschinen,Drehfräszentren,Lasertechniken,Drehungen,Fräsungen,Montagen,Velbert,1294763.0,40-60,40,15000
Härter Werkzeugbau GmbH,https://haerter.com,True,Metall-Kunststoff-Komponenten,Stanzteile,Werkzeuge,Erodiermaschinen,Fräsmaschinen,Laserschneidmaschinen,Einpresstechniken,Stanztechniken,Werkzeugbauten,Königsbach-Stein,458401.0,10-15,10,3750
Metallveredelungswerk Sulz a.N. GmbH,https://www.mv-sulz.de,True,Beschichtungen,Oberflächenveredelungen,Verfahren,Bandstrahlanlagen,Beschichtungsanlagen,Galvanikanlagen,Beschichtungen,Galvanisierungen,Oberflächenbehandlungen,Sulz am Neckar,4022711.0,120-200,120,45000
KOLEKTOR CONTTEK GmbH,https://conttek.de,False,Kontaktteile,Metall-Kunststoff-Verbundteile,Präzisionsstanzteile,Biegeautomaten,Spritzgussmaschinen,Stanzautomaten,Montagen,Spritzgüsse,Stanztechniken,Pforzheim,4292020.0,120-200,120,45000
Blech- und Technologiezentrum Linda GmbH,https://www.blectec.de,True,Biegemaschinen,Laserschneider,Stanzmaschinen,Abkantpressen,Laserschneidanlagen,Stanzen,Biegen,Laserschneiden,Stanzen,Jessen (Elster),5726193.0,200-350,200,75000
Brandenburger Liner GmbH & Co. KG,https://brandenburger-liner.com,False,Schlauchliner,UV-lichthärtende GfK-Schlauchliner,grabenlose Kanalsanierungen,,,,Imprägnierungen,UV-Härtungen,Wickeltechniken,Landau in der Pfalz,125266.0,No Match,,
Deutsche Mechatronics GmbH,https://dtmt.de/de/,True,Anlagen,Baugruppen,Systeme,Laserschneidmaschinen,Stanzmaschinen,Umformmaschinen,Laserschneiden,Stanzen,Umformen,Mechernich,1749153.0,60-80,60,22500
Hans Berg GmbH & Co. KG,https://www.berg-kg.de/de/,False,Präzisionskomponenten,Rohrkomponenten,Tiefziehteile,Bearbeitungsmaschinen,Pressen,Sondermaschinen,Fügetechniken,Kaltumformungen,Zerspanungstechniken,Reichshof,1598983.0,60-80,60,22500
Wiedemann GmbH,https://www.wiedemann-technik.de,False,Crashguards,Entwässerungstechnologien,Türen,,,,,,,Husum,1467272.0,40-60,40,15000
Wiedemann GmbH,https://www.wiedemann-technik.de,False,Crashguards,Entwässerungstechnologien,Türen,,,,,,,Deggendorf,1467272.0,40-60,40,15000
SD GmbH Klaus Hirsch,http://www.sdhirsch.de,False,,,,,,,,,,Türkheim,814492.0,15-20,15,5625
Steinmeyer Mechatronik GmbH,https://www.steinmeyer-mechatronik.de,False,Antriebe,Controller,Positioniersysteme,CNC-Bearbeitungszentren,Messsysteme,Montagemaschinen,Fräsen,Montierungen,Schleifen,Dresden,261803.0,No Match,,
Desoi GmbH,https://www.desoi.de,False,Injektionsgeräte,Injektionspacker,Injektionsschlauchsysteme,Drehmaschinen,Fräsmaschinen,Schweißmaschinen,Drehungen,Fräsungen,Schweißungen,Kalbach,472545.0,10-15,10,3750
Sill Optics GmbH & Co. KG,https://www.silloptics.de,False,Abbildende Optiken,Kundenspezifische Optiken,Laseroptiken,Fräsmaschinen,Poliermaschinen,Schleifmaschinen,Fräsen,Polieren,Schleifen,Wendelstein,4122647.0,120-200,120,45000
Baisch GmbH,https://www.baisch-metall.de,True,Gitterkonstruktionen,Schweißbaugruppen,Sonderkonstruktionen,Bohrmaschinen,Fräsmaschinen,Schleifmaschinen,Montagen,Oberflächenbehandlungen,Schweißens,Riedlingen,1247574.0,40-60,40,15000
HÄHL GmbH,http://www.haehl.com,False,Beschichtungen,Rollen,Verbundwerkstoffe,,,,,,,Kieselbronn,428501.0,10-15,10,3750
Sudhaus GmbH,https://sudhaus.de,False,Möbelschlösser,Sicherheitsprodukte,Verschlusskomponenten,Kunststoffspritzgussmaschinen,Zerspanungsmaschinen,Zinkdruckgussmaschinen,Kunststoffspritzgüsse,Zerspanungen,Zinkdruckgüsse,Iserlohn,1975575.0,80-120,80,30000
FORMTEC Kunststofftechnik GmbH,https://www.formtec-kt.com/de/,True,Baugruppen,Bauteile,Lösungen,CNC-Fräsen,Oberflächenveredelungen,PUR-Verbundsysteme,Montagen,Polyurethanverarbeitungen,Thermoformen,Dornstetten,1135241.0,21-40,21,7875
Bruks Klöckner GmbH,https://www.bruks-siwertell.com,False,Förderbänder,Schiffsentlader,Schiffslader,Förderbänder,Schiffsentlader,Schiffslader,Mischen,Pressen,Sieben,Alpenrod OT Hirtscheid,110546.0,No Match,,
GEBA Kunststoffcompounds GmbH,http://www.geba.eu,True,Kunststoffgranulate,Verbindungen,Wiederverbindungen,Compoundiermaschinen,Extruder,Mischmaschinen,Compoundierungen,Extrusionen,Mischungen,Ennigerloh,1048500.0,21-40,21,7875
Ortlinghaus-Werke GmbH,https://www.ortlinghaus.com,False,Bremsen,Kupplungen,Lamellen,,,,,,,Wermelskirchen,2567038.0,120-200,120,45000
Deventer Profile GmbH,https://www.deventer-profile.com,False,Fensterdichtungen,Innentürdichtungen,Türdichtungen,,,,,,,Berlin,1309593.0,40-60,40,15000
PRIMO Profile GmbH,https://www.primodeutschland.de,False,Extrusionsprofile,Kunststoffprofile,Polymerkomponenten,Extrusionsmaschinen,Kalibriermaschinen,Schneidemaschinen,Co-Extrusionen,Kunststoffextrusionen,Profilierungen,Blankenfelde-Mahlow,2292214.0,80-120,80,30000
Miba Industrial Bearings Germany GmbH,https://www.miba.com/de/,False,Gleitlager,Reibbeläge,Sinterformteile,,,,,,,Göttingen,1040871.0,21-40,21,7875
GTMB Metallteilfertigung GmbH,https://www.gtmb.de,True,Baugruppen,CNC-Drehteile,CNC-Frästeile,Automatendrehmaschinen,Drehmaschinen,Fräsmaschinen,Drehen,Fräsen,Montagen,Treuenbrietzen,1238121.0,40-60,40,15000
REMA TIP TOP AG,https://www.rema-tiptop.de,False,Fördergurte,Reifenreparaturmaterialien,Verschleißschutzmaßnahmen,,,,,,,Poing,5564402.0,200-350,200,75000
Hutzel DrehTech GmbH,https://www.hutzel.de,False,,,,,,,,,,Steinenbronn,5679364.0,200-350,200,75000
Sixt GmbH Werkzeugbau und Stanzerei,https://www.sixt-gmbh.de,True,Folgeverbundteile,Stanzteile,Tiefziehteile,Exzenterpressen,Hydraulikpressen,Stanzautomaten,Stanzen,Tiefziehen,Umformen,Magstadt,2006098.0,80-120,80,30000
KMA Umwelttechnik GmbH,https://www.kma-filter.de,False,Elektrofilter Plattenfilter,Elektrofilter Röhrenfilter,Filter-Reinigungssystem,,,,,,,Königswinter,757720.0,15-20,15,5625
Precision Dispensing Solutions,https://www.precisionglobal.com,False,Aerosolaktoren,Aerosoldosenkappen,Aerosolventile,,,,,,,Hattersheim am Main,3569818.0,120-200,120,45000
Wunderlich GmbH,https://www.wunderlich.de,False,Ersatzteile,Geschenkgutscheine,Zubehör,,,,,,,Grafschaft,292388.0,No Match,,
gh AUER GUSS GmbH,https://www.auer-guss.de,True,Baugruppen,Druckgussteile,Prototypen,CNC-Bearbeitungsmaschinen,Gießmaschinen,Stanzmaschinen,CNC-Bearbeitungen,Gießens,Stanzungen,Amberg,1265264.0,40-60,40,15000
Heinz Dreeskornfeld GmbH & Co. KG,https://www.dreeskornfeld.de,True,Baugruppen,Blechteile,Metallverarbeitungen,Abkantmaschinen,Laserschneidmaschinen,Stanzmaschinen,Abkanten,Laserschneiden,Stanzen,Bielefeld,2832914.0,120-200,120,45000
DRADURA Holding GmbH & Co. KG,https://www.dradura.com/de/,True,elektropolierte drähte,galvanisierte drähte,stahldrahtprodukte,automatisierte produktionslinien,automatisierte verpackungssysteme,digitale qualitätsprüfsysteme,automatisierte herstellungen,digitale qualitätskontrollen,lean-managements,Altleiningen,1869948.0,80-120,80,30000
OVALO GmbH,https://www.ovalo.de,False,Drehtische,Präzisionsgetriebe,Wellgetriebe,,,,,,,Limburg an der Lahn,5381313.0,200-350,200,75000
MAAS Profilzentrum GmbH,https://www.maasprofile.de,False,Kantteile,Trapezbleche,Wellbleche,,,,,,,Ilshofen,232268.0,No Match,,
Harbort GmbH & Co. KG,https://www.harbort.de,False,Bauteile,Schaumstoffe,Vliesstoffe,,,,,,,Schneverdingen,1072410.0,21-40,21,7875
ASMPT AMICRA GmbH,https://amicra.semi.asmpt.com,False,Die Flip Chip Bonder,High Speed Dispense Systeme,,,,,,,,Regensburg,910163.0,21-40,21,7875
HFB Wälzlager-Gehäusetechnik GmbH,https://www.hfb-waelzlager.de,False,Blocklager,Pendelrollenlager,Stehlager,5-Achsen-Bearbeitungszentren,CNC-Drehmaschinen,Schleifmaschinen,Drehungen,Fräsungen,Schleifungen,Buchen (Odenwald),340584.0,10-15,10,3750
WMH Herion Antriebstechnik GmbH,https://www.wmh-herion.de,False,Antriebselemente,Getriebetechniken,Zahnstangen,,,,,,,Wolnzach,2516827.0,120-200,120,45000
HKS Dreh-Antriebe GmbH,https://www.hks-partner.com,True,Drehantriebe,Schwenkmotoren,TiltRotatoren,CNC-Drehmaschinen,CNC-Fräsmaschinen,Zylindermaschinen,Drehen,Fräsen,Montagen,Wächtersbach,2900317.0,120-200,120,45000
GUMMI-WELZ GmbH u. Co. KG,http://www.gummi-welz.de,False,Einklemmschutzprofile,Gummiformteile,Gummiprofile,,,,Gummivulkanisationsverfahren,Klebe,,Neu-Ulm,152971.0,No Match,,
BOKELA GmbH,https://www.bokela.com,False,Crossflowfilter,Druckfilter,Vakuumfilter,,,,,,,Karlsruhe,244757.0,No Match,,
SWG Metallverarbeitung,http://www.swg-gmbh.com,True,CNC-Bearbeitungen,Rundtaktbearbeitungen,Sägetechniken,CNC-Bearbeitungszentren,Profilbearbeitungsmaschinen,Rundtaktautomaten,CNC-Bearbeitungen,Rundtaktbearbeitungen,Sägetechniken,Herborn,3259628.0,120-200,120,45000
LACROIX + KRESS GmbH,https://lacroixundkress.de,False,Kupferbeschichtete Aluminiums,Kupferbeschichtete Stähle,Kupferdrahterzeugnisse,Drahtziehmaschinen,Flechtmaschinen,Walzmaschinen,Flechten,Walzen,Ziehen,Bramsche,6845945.0,200-350,200,75000
Oehmetic GmbH,https://oehmetic.com,True,Pressungen,Punchings,Zeichnungen,Automatische Stanzpressen,Exzenterpressen,Hydraulikpressen,Pressungen,Stanzungen,Zeichnungen,Wilnsdorf,1598509.0,60-80,60,22500
VINCENZ WIEDERHOLT GmbH,https://www.wiederholt.com,False,Genaulängen,Kaltgezogene Sonderprofile,Präzisionsstahlrohre,Richtmaschinen,Schweißanlagen,Ziehbänke,Richten,Schweißen,Ziehen,Holzwickede,5779118.0,200-350,200,75000
NEUWEG Fertigung GmbH,https://www.nskeurope.de,False,Kugellager,Lineare Produkte,Rollenlager,,,,,,,Munderkingen,3275506.0,120-200,120,45000
Gartner Extrusion GmbH,http://www.gutmann-group.com,False,Aluminiumprofile,Bausysteme,Fassadensysteme,Extrusionsmaschinen,Oberflächenbehandlungsmaschinen,Weiterverarbeitungsmaschinen,Extrudierungen,Oberflächenbehandlungen,Weiterverarbeitungen,Gundelfingen,7725012.0,200-350,200,75000
Chemnitzer Zahnradfabrik GmbH & Co. KG,https://www.czf-getriebe.de,False,Sondergetriebe,Standardgetriebe,Verzahnungsteile,,,,,,,Chemnitz,2613084.0,120-200,120,45000
Bartolosch GmbH,https://www.bartolosch.de,True,Drehteile,Frästeile,Montagen,Drehmaschinen,Fräsmaschinen,,Drehungen,Fräsungen,Montagen,Friedewald,634050.0,10-15,10,3750
Jäger GmbH,https://www.jaeger-mengen.de,True,Bearbeitungsverfahren,Fertigungen,Oberflächenbehandlungen,,,,,,,Mengen,286558.0,No Match,,
Cytec Zylindertechnik GmbH,http://www.cytec.de,False,Spanntechniken,Spindeln,Zylinder,,,,,,,Jülich,955310.0,21-40,21,7875
Solmax Geosynthetics GmbH,https://www.solmaxgeosynthetics.de,False,Broschüren,Geokunststoffe,Technische Datenblätter,,,,,,,Hamburg,3926708.0,120-200,120,45000
DIRAK Dieter Ramsauer Konstruktionselemente GmbH,https://dirak.com,False,Lösungen,Maschinengriffe,Mechatronische Schließsysteme,,,,,,,Ennepetal,2151804.0,80-120,80,30000
GROB GmbH,https://www.grob-antriebstechnik.de,False,Elektrozylinder,Schubketten,Spindelhubgetriebe,,,,,,,Sinsheim,1256311.0,40-60,40,15000
Karl Popp GmbH & Co. KG,https://www.spaeh.de,True,Dichtungen,Gummiteile,Halbzeuge,CNC-Drehautomaten,Fräszentren,Stanzmaschinen,Drehen,Fräsen,Stanzen,Bad Bevensen,225978.0,No Match,,
Heber GmbH,https://www.heber.de,False,Dachzentralen,Rahmengeräte,Trocknungsanlagen,Biegemaschinen,Blechbearbeitungsmaschinen,Stanzmaschinen,Biegearbeiten,Blechbearbeitungen,Stanzarbeiten,Rotthalmünster,1090398.0,21-40,21,7875
STEINCO Paul vom Stein GmbH,https://www.steinco.com/de/,False,Rollen,Räder,Systemlösungen,,,,,,,Wermelskirchen,1782289.0,60-80,60,22500
f-tronic GmbH,https://www.f-tronic.de,False,Dosen,Verteiler,Zählerschränke,,,,,,,Saarbrücken,5894072.0,200-350,200,75000
EagleBurgmann Espey GmbH,https://www.eagleburgmann-espey.com,False,Dichtungslieferanlagen,Magnetkupplungen,Mechanische Dichtungen,,,,,,,Moers,2382323.0,80-120,80,30000
Deutsche Giessdraht GmbH,http://www.deutsche-giessdraht.de,False,Kupfergießwalzdraht,Kupferprodukte,Recyclingprodukte,Recyclinganlagen,Schmelzöfen,Walzmaschinen,Recycling,Schmelzen,Walzen,Emmerich am Rhein,2864234.0,120-200,120,45000
ST Extruded Products Germany GmbH,https://www.step-g.com/de/,True,Aluminium Komponenten,Aluminium Leichtbaulösungen,Aluminium Strangpressprofile,Oberflächenbehandlungsmaschinen,Strangpressmaschinen,Weiterverarbeitungsmaschinen,Oberflächenbehandlungen,Strangpressen,Weiterverarbeitungen,Vogt,38497770.0,350-600,350,131250
LEWA Attendorn GmbH,https://www.lewa-attendorn.com,True,Ausbildungsprogramme,Automationsanlagen,Zerspanungsmaschinen,CNC-Bohrwerke,Drehmaschinen,Fräsmaschinen,Bohrer,Dreher,Fräser,Attendorn,4107071.0,120-200,120,45000
Chart Industries,https://www.chartindustries.com,False,ISO-Container,Kryogene Transportanhänger,Schüttungsspeichertanks,,,,,,,Büttelborn,1140860.0,21-40,21,7875
Staiger GmbH & Co. KG,https://www.staiger.de,False,Magnetventile,Mikroventile,Proportionalventile,,,,,,,Erligheim,1257710.0,40-60,40,15000
Crane Process Flow Technologies GmbH,http://www.cranecpe.com,False,,,,,,,,,,Düsseldorf,283064.0,No Match,,
Rampf Formen GmbH,https://www.rampf.com,False,Formen,Pflastersteine,Platten,Erodiermaschinen,Fräsmaschinen,Schleifmaschinen,Erodieren,Fräsen,Schleifen,Allmendingen,1036470.0,21-40,21,7875
Endurance GmbH,http://www.enduranceoverseas.com,False,Automobilkomponenten,Bremssysteme,Getriebesysteme,Bearbeitungsgeräte,Gießmaschinen,Spritzgießpressen,Gießereien,Maschinenbau,Spritzgießverfahren,Massenbachhausen,12709650.0,350-600,350,131250
Paul Köster GmbH,https://www.paul-koester.de,False,Automationssysteme,Dichtheitsprüfungen,Montagetechniken,Fördertechniken,Portallösungen,Roboter,Automationen,Dichtheitsprüfungen,Montagen,Medebach,531691.0,10-15,10,3750
Raithel + Co. GmbH,https://www.raico-federn.de,True,Druckfedern,Schenkelfedern,Zugfedern,CNC-Biegemaschinen,CNC-Wickelmaschinen,CNC-Windemaschinen,Biegeprozesse,Wicklungen,Winden,Weißenstadt,691758.0,10-15,10,3750
Georg Martin GmbH,https://georgmartin.com/de/,False,Laserschneiden,Passelemente,Teile nach Zeichnungen,,,,Laserschneiden,,,Dietzenbach,1381833.0,40-60,40,15000
LST - Laserschneidtechnik GmbH,https://www.lstgmbh.de,True,Laserschneiden,Profilbearbeitungen,Rohrbearbeitungen,Biegemaschinen,Lasersysteme,Pressbremsen,Baugruppenfertigungen,Biegetechniken,Laserschneiden,Hövelhof,2566496.0,120-200,120,45000
Mozart AG,https://www.mozart-blades.com,False,Griffe,Klingen,Sonderanfertigungen,,,,,,,Solingen,1599679.0,60-80,60,22500
Weppler Filter GmbH,https://weppler-filter.com,False,Filter,Hightech-Filter,Mikrofilter,,,,,,,Oberursel (Taunus),538541.0,10-15,10,3750
Durbal Metallwarenfabrik GmbH,https://www.durbal.de,False,Gelenkköpfe,Gelenklager,Systemstangen,Drehmaschinen,Fräsmaschinen,Schleifmaschinen,Drehen,Fräsen,Schleifen,Öhringen,928037.0,21-40,21,7875
GEWO Feinmechanik GmbH,https://www.gewo.net,True,Laborgeräte,Pipettenspüler,Zubehör,Drehmaschinen,Erodiermaschinen,Fräsmaschinen,Drehungen,Erodierungen,Fräsen,Wörth,1736343.0,60-80,60,22500
Brady GmbH,https://www.brady.de,False,,,,,,,,,,Egelsbach,880409.0,15-20,15,5625
Fritz Brenner GmbH & Co. KG,https://brenner-blech.de,True,Konstruktionen,Prototypen,Serienwerkzeuge,CNC-Bearbeitungsmaschinen,Laserschneidmaschinen,Wasserstrahlschneidmaschinen,Bohren,Fräsen,Schleifen,Gaimersheim,1488086.0,40-60,40,15000
Aerocom GmbH & Co,https://www.aerocom.de/de/,False,Durchlaufstationen,Endstationen,Steuerungssysteme,,,,,,,Schwäbisch Gmünd,586423.0,10-15,10,3750
Hellma GmbH & Co. KG,https://www.hellma.com,False,Küvetten,Prozesssonden,UV/Vis-Referenzmaterialien,,,,,,,Müllheim,824625.0,15-20,15,5625
rogatti BEWEGUNGSTECHNIK GmbH & Co. KG,https://www.rogatti.de,False,Kundenspezifische Lösungen,Schlauchschneidemaschinen,Standardlösungen,5-Achsen Bearbeitungszentren,CNC-Maschinen,,Drehungen,Fräsungen,Schleifungen,Auenwald,274217.0,No Match,,
EZU-Metallwaren GmbH & Co. KG,https://www.ezu.de/de/,True,Hartzerspanungen,Präzisionsdrehteile,Rohlinge,Drehmaschinen,Fräsmaschinen,Schleifmaschinen,Drehungen,Fräsen,Schleifen,Königsheim,5550564.0,200-350,200,75000
Stahl Maschinenbau GmbH,https://www.stahl-mb.de,True,Montagearbeitsplätze,Präzisionswerkzeuge,Testadapter,CNC-Maschinen,Montagestationen,Testsysteme,Kalibrierungen,Montagen,Prüfungen,Pentling,32255.0,No Match,,
GSC-Schwörer GmbH,https://gsc-schwoerer.de,False,Getriebe,Getriebemotoren,Getriebeteile,Drehmaschinen,Fräsmaschinen,Schleifmaschinen,Drehen,Fräsen,Schleifen,Eisenbach (Hochschwarzwald),2672764.0,120-200,120,45000
Bernecker Umformtechnik GmbH,https://www.bernecker-group.com,True,Baugruppen,Werkzeugbau,geformte Teile,Erodiermaschinen,Fräsmaschinen,Schleifmaschinen,Biegen,Schweißen,Tiefziehn,Mühlacker,61838.0,No Match,,
OBO-Werke GmbH,https://www.obo-werke.de,False,Kleber,Pasten,Platten,,,,,,,Stadthagen,2403313.0,80-120,80,30000
Carl August Wirth GmbH,https://www.cawi.de,True,Baugruppen,Kunststoffteile,Metallbauteile,Pressen,Schweißanlagen,Spritzgießmaschinen,Schweißen,Spritzgießen,Stanzen,Kierspe,772476.0,15-20,15,5625
Mech-Tron GmbH & Co. KG,https://www.mech-tron.de,True,Elektronik-Equipments,Gehäusesysteme,Haltewinkel,Biegezellen,Laserschneidmaschinen,Laserschweißmaschinen,Biegetechniken,Laserschneiden,Laserschweißen,Roding,10279354.0,350-600,350,131250
Schauenburg Industrietechnik GmbH,https://www.schauenburg-industrietechnik.com/de/,True,Formteile,Schlauchtechniken,Stanzteile,Extrusionsmaschinen,Spritzgießmaschinen,Tiefziehmaschinen,Extrudierens,Spritzgießens,Tiefziehens,Nürnberg,616502.0,10-15,10,3750
Walter Förster GmbH,https://www.walter-foerster.de/de/,True,Metallverarbeitungen,Stanzteile,Ziehteile,Pressen,Stanzmaschinen,Werkzeugmaschinen,Laserschneidungen,Stanzungen,Tiefziehungen,Geesthacht,3080067.0,120-200,120,45000
Rudert Edelstahl-Technik GmbH,https://www.rudert-edelstahl.de,False,Spezialapparate,Warmwasserspeicher,Wärmetauscher,Laserschneidanlagen,Laserschweißanlagen,Orbitalschweißanlagen,Oberflächenbehandlungen,Schnitte,Schweißnähte,Crimmitschau,1307798.0,40-60,40,15000
J.D. Theile GmbH & Co. KG,https://www.jdt.de,True,Ketten,Schlösser,Zubehör,Drehmaschinen,Fräsmaschinen,Laserschneidmaschinen,Drehen,Fräsen,Laserschneiden,Schwerte,2985947.0,120-200,120,45000
Junkerwerk Linder GmbH & Co. KG,https://www.junkerwerk.de,False,Abdichtungen,Dichtungen,Schaumstoffteile,,,,Formpresstechniken,Stanztechniken,Vakuumtechniken,Solingen,2278937.0,80-120,80,30000
Hubert Stüken GmbH & Co. KG,https://stueken.com,True,Baugruppen,Stanzteile,Tiefziehteile,Automatische Stanzpressen,Spritzgießmaschinen,Transferpressen,Spritzgießens,Stanzens,Tiefziehens,Rinteln,18799005.0,350-600,350,131250
Schäfer-Technik GmbH,https://www.schaefer-technik.de,False,,,,,,,,,,Ulm,1468900.0,40-60,40,15000
Kremo Werke Hermanns GmbH & Co. KG,https://www.kremo-werke.de,False,Flansche,Rohrzubehör,Schauglasarmaturen,Drehautomaten,Pressen,Stanzen,Kaltumformungen,Stanztechniken,Streckprojizier-Techniken,Krefeld,1200872.0,40-60,40,15000
MN Kaltformteile Märkische Nietenfabrik,https://www.mn-kaltform.de,True,Achsen,Buchsen,Ventilrohlinge,Nachbearbeitungsmaschinen,Pressen,Werkzeugmaschinen,Nachbearbeitungen,Pressen,Wärmebehandlungen,Altena,3350710.0,120-200,120,45000
MUNK GmbH,https://www.steigtechnik.de,False,Arbeitsbühnen,Gerüste,Steigleitern,,,,,,,Günzburg,1175765.0,21-40,21,7875
Berghoff GmbH & Co. KG,http://www.berghoff.eu,True,Baugruppen,Komponenten,Module,Drehmaschinen,Fräsmaschinen,Schleifmaschinen,Drehen,Fräsen,Schleifen,Drolshagen,280039.0,No Match,,
Martin Höhn GmbH,https://www.hoehn-praezision.de,True,Drehteile,Frästeile,Schleifteile,Drehmaschinen,Fräsmaschinen,Schleifmaschinen,Drehungen,Fräsungen,Schleifungen,Rosenfeld,4121108.0,120-200,120,45000
Fritz Kübler GmbH,https://www.kuebler.com,False,Encoder,Motorfeedbacksysteme,lagerlose Encoder,,,,,,,Villingen-Schwenningen,4002013.0,120-200,120,45000
Vogt Umformtechnik GmbH,https://www.kaizhong-vogt.com,False,Komponenten,Präzisionskomponenten,Systemlösungen,Montagemaschinen,Multislidemaschinen,Stanzmaschinen,Härten,Montierungen,Stanzen,Reutlingen,1915536.0,80-120,80,30000
KUGEL Edelstahlverarbeitung GmbH,https://www.kugel-edelstahl.com/de/,False,,,,,,,,,,Viechtach,1512793.0,60-80,60,22500
Reiners + Fürst GmbH u. Co. KG,https://www.reinersfuerst.de,False,Geräte,Ringläufer,Spinnringe,,,,,,,Mönchengladbach,167823.0,No Match,,
GC-heat Gebhard GmbH & Co. KG,https://gc-heat.de,False,Heizelemente für Heißkanalsysteme,Spannjacken,Spiralenheizungen,,,,,,,Waldbröl,879409.0,15-20,15,5625
AWS Fertigungstechnik GmbH,https://www.aws-ft.de,True,Baugruppenmontagen,Drehteile,Frästeile,CNC-Drehmaschinen,CNC-Fräsmaschinen,Montagemaschinen,Drehungen,Fräsungen,Montagen,Niedernhall,2165895.0,80-120,80,30000
DVS Production GmbH,http://technology.dvs-gruppe.com,False,,,,,,,,,,Krauthausen,2652760.0,120-200,120,45000
SPN Schwaben Präzision Fritz Hopf GmbH,https://www.spn-drive.de,False,Antriebssysteme,Getriebe,Verzahnungsteile,Drehmaschinen,Erodiermaschinen,Fräsmaschinen,Drehen,Erodieren,Fräsen,Nördlingen,6030716.0,200-350,200,75000
Wilhelm Schröder GmbH,https://www.schroeder-hybrid.de/de/,True,Hybridbauteile,Spritzgussteile,Werkzeuge,Exzenterpressen,Spritzgießmaschinen,Stanzautomaten,Spritzgüsse,Stanztechniken,Werkzeugbauten,Herscheid,923202.0,21-40,21,7875
Müller Präzisionsteile GmbH,https://muepraez.de,True,Bauteile,Komponenten,Präzisionsteile,CNC-Maschinen,Drehmaschinen,Fräsmaschinen,Drehungen,Fräsungen,Oberflächenbehandlungen,Pyrbaum,2705762.0,120-200,120,45000
Erich Schäfer GmbH & Co. KG,http://www.e-schaefer-kg.de,False,Krane,Motoren,Services,,,,,,,Siegen,84701.0,No Match,,
Walter Bornmann GmbH,https://www.walter-bornmann.de,True,Baugruppen,Präzisionsdrehteile,Werkstoffe,Drehmaschinen,Fräsmaschinen,Schleifmaschinen,Drehungen,Fräsungen,Schleifungen,Ennepetal,1827833.0,80-120,80,30000
PTM Präzisionsteile GmbH Meiningen,https://www.ptm-meiningen.de,True,Präzisionsdrehteile,Präzisionserodierteile,Präzisionsfrästeile,Drehmaschinen,Erodiermaschinen,Fräsmaschinen,Drehungen,Erodierungen,Fräsungen,Meiningen,989295.0,21-40,21,7875
VACUUBRAND GMBH + CO KG,https://www.vacuubrand.com/de/,False,Membranpumpen,Rotationsflügelpumpen,Schraubensp pumps,,,,,,,Wertheim,3981061.0,120-200,120,45000
Schlösser GmbH & Co. KG,https://www.schloesser-dichtungen.de,True,DAE-Membranen,Dichtungen,OCA-Verklebungen,Laserschneidmaschinen,Stanzmaschinen,Wasserstrahlschneidmaschinen,Laserschneiden,Stanzen,Wasserstrahlschneiden,Mengen,2960415.0,120-200,120,45000
H. Gewing GmbH,https://gewing.de,True,Kanten,Lasern,Stanzen,CNC-Abkantpressen,Laseranlagen,Stanzanlagen,Biegen,Laserschneiden,Stanzen,Ahaus,3034135.0,120-200,120,45000
Kößler Technologie GmbH,https://www.koessler-technologie.com,True,Baugruppen,Komponenten,Präzisionsteile,Drehmaschinen,Fräsmaschinen,Schleifmaschinen,Drehen,Fräsen,Schleifen,Babenhausen,20596687.0,350-600,350,131250
Keulahütte GmbH,https://www.vonroll-hydro.world/de/,False,Armaturen,Hydranten,Rohre,,,,,,,Krauschwitz,1476032.0,40-60,40,15000
GEWEFA Josef C. Pfister GmbH & Co. KG,https://www.gewefa.de,False,Präzisionswerkzeuge,Spannfutter,Werkzeughalter,Drehmaschinen,Fräsmaschinen,Schleifmaschinen,Drehungen,Fräsungen,Schleifungen,Burladingen,1039140.0,21-40,21,7875
Lohner Kunststoffrecycling GmbH,https://recyclate.de,True,Aufbereitungskonzepte,Kunststoffgranulate,Recyclingdienstleistungen,Silomischanlagen,Trennanlagen,Vorzerkleinerer,Granulierungen,Trennungen,Zerkleinerungen,Vechta,1603792.0,60-80,60,22500
ECOROLL AG Werkzeugtechnik,https://www.ecoroll.de,False,Festwalzwerkzeuge,Glattwalzwerkzeuge,Hydrostatische Werkzeuge,Bearbeitungszentren,Bohrwerke,Drehmaschinen,Festwalzen,Glattwalzen,Schäl-Glattwalzen,Celle,1042226.0,21-40,21,7875
AUMA Drives GmbH,https://auma-drives.com,False,Antriebssysteme,Getriebe,Sondergetriebe,Abwälzfräsmaschinen,Anlagen zur Nasslackierung,CNC-Bearbeitungszentren,Drehungen,Fräsungen,Lackierungen,Coswig,4411104.0,120-200,120,45000
Feintool System Parts Jessen GmbH,https://www.feintool.com/de/,True,Elektroblechstanzteile,Feinschneidteile,Umformteile,Elektroblechstanzmaschinen,Feinschneidmaschinen,Umformmaschinen,Elektroblechstanzen,Feinschneiden,Umformen,Jessen (Elster),3195676.0,120-200,120,45000
Walter Steinbach GmbH & Co. KG,https://walter-steinbach.de,True,Baugruppen,Blechkomponenten,Metallkomponenten,CNC-Maschinen,Laserschneidmaschinen,Stanzmaschinen,CNC-Bearbeitungen,Laserschneiden,Stanzen,Donaueschingen,1535078.0,60-80,60,22500
INDUNORM Bewegungstechnik GmbH,https://www.indunorm.eu,False,Kugelgewindetriebe,Linearachsen,Teleskopführungen,,,,,,,Duisburg,965184.0,21-40,21,7875
Ing. Lang & Menke GmbH,http://www.langmenke.de,False,Kunststoff-technologien,Präzisions-Stanzteile,,,,,,,,Hemer,3613119.0,120-200,120,45000
Burger Industriewerk GmbH & Co. KG,https://biw-burger.de,True,Baugruppen,Komponenten,Module,Drehmaschinen,Fräsmaschinen,Schleifmaschinen,Drehungen,Fräsungen,Schleifungen,Schonach im Schwarzwald,1712930.0,60-80,60,22500
STICHT Technologie GmbH,https://www.sticht-technologie.com,True,Laserschweißmaschinen,Spritzgussmaschinen,Zerspanungsmaschinen,Laserschweißmaschinen,Spritzgussmaschinen,Zerspanungsmaschinen,Laserschweißens,Spritzgießen,Zerspanen,Schlangenbad,5040413.0,200-350,200,75000
Ernst Schad GmbH,https://www.ernst-schad.de,True,Sonderlösungen,Zahnräder nach Mustern,Zahnräder nach Zeichnungen,,,,,,,Dortmund,379471.0,10-15,10,3750
Heckler GmbH,https://www.heckler.de,False,Fließpressteile,Kaltformteile,Präzisionsformteile,Fertigungsmaschinen,Fließpressmaschinen,Werkzeugmaschinen,Fließpressen,Kaltmassivumformungen,Werkzeugbauten,Oberlungwitz,4263042.0,120-200,120,45000
Plasticon Germany GmbH,https://www.plasticoncomposites.com,False,Apparate,Gefäße,Rohrleitungen,Laminierungen,Pressungen,Schweißungen,Laminierungen,Pressungen,Schweißungen,Dinslaken,241291.0,No Match,,
FormFactor GmbH,https://www.formfactor.com,False,Probe Systeme,Proben,Prüfkarten,,,,,,,Thiendorf,1099178.0,21-40,21,7875
Grünewald Feinmaschinenbau GmbH & Co. KG,https://www.gelenkwellen.de,True,Gelenkwellen,Getriebekomponenten,Motorsportkomponenten,Fräsmaschinen,Laserschweißmaschinen,Schleifmaschinen,Fräsen,Schleifen,Schweißen,Grävenwiesbach,1328875.0,40-60,40,15000
Riedel Filtertechnik GmbH,https://www.riedel-filtertechnik.com/de/,False,Entstaubungsanlagen,Geruchsreduzierungsanlagen,Pneumatische Fördersysteme,,,,,,,Leopoldshöhe,129945.0,No Match,,
Carl Leipold GmbH,https://www.leipold.com,True,Präzisionskomponenten,gedrehte Teile,maßgeschneiderte Artikel,Drehmaschinen,Fräsmaschinen,Schleifmaschinen,Drehen,Fräsen,Schleifen,Wolfach,2995290.0,120-200,120,45000
Klinkau GmbH + Co. KG,https://www.klinkau.de/de/,False,Filterplatten,Membranfilterplatten,Sonderbauteile,,,,,,,Marktoberdorf,2375212.0,80-120,80,30000
RUD-SCHÖTTLER UMFORMTECHNIK,http://www.rud-schoettler.de,True,Konstruktionen,Lasthaken,Schmiedeteile,Exzenterpressen,Schmiedehämmer,Zerspanungsmaschinen,Mechanische Bearbeitungen,Schmieden,Wärmebehandlungen,Hagen,676255.0,10-15,10,3750
Bernhard Gotzeina & Co. GmbH,https://b-gotzeina.de,True,Baugruppen,CNC-Drehteile,Frästeile,CNC-Drehmaschinen,Fräsmaschinen,Langdrehautomaten,Drehungen,Fräsungen,Schleifungen,Eisfeld,2180555.0,80-120,80,30000
Feindrahtwerk Adolf Edelhoff GmbH & Co. KG,https://www.edelhoff-wire.de,False,Beschichtungswerkstoffe,Drahtmodifikationen,Kernwerkstoffe,,,,Feuerverzinnungen,Galvaniken,Glühungen,Iserlohn,2214422.0,80-120,80,30000
Spindelfabrik Suessen GmbH,https://www.suessen.com,False,Komponenten,Serviceleistungen,Spinnsysteme,,,,,,,Süßen,4445216.0,120-200,120,45000
HA-BE Gehäusebau GmbH,https://habe.de,True,Chassis,Frontplatten,Gehäuse,Bearbeitungszentren,Laserschneidmaschinen,Laserschweißmaschinen,Laserschneidverfahren,Laserschweißverfahren,Spanende Fertigungen,Essenbach OT Altheim,2343952.0,80-120,80,30000
SANI GmbH,https://www.sani.de,False,Modulbauten & Container,Referenzprojekte,Sanitäre Infrastrukturen,,,,,,,Borgstedt,436524.0,10-15,10,3750
Josef Henkenjohann GmbH,https://www.henkenjohann.de,False,Antriebselemente,Kettenräder,Stirnräder,Drehmaschinen,Fräsmaschinen,Schleifmaschinen,Drehen,Fräsen,Schleifen,Verl,623002.0,10-15,10,3750
HEKO Ketten GmbH,https://www.heko.com,False,Ersatzteile,Komponenten,Zugträger Rundstahlketten,Fräsmaschinen,Montagemaschinen,Schleifmaschinen,Fräsen,Montagen,Schleifen,Wickede (Ruhr),2418980.0,80-120,80,30000
Hujer Lasertechnik GmbH,https://www.hujer-lasertechnik.de,True,CNC-Abkantpressen,Laserschneidmaschinen,Laserschweißmaschinen,CNC-Abkantpressen,Laserschneidmaschinen,Laserschweißmaschinen,Abkanten,Laserschneiden,Laserschweißen,Harsewinkel,2622058.0,120-200,120,45000
Unifrax GmbH,https://www.unifrax.com/de/,False,,,,,,,,,,Mohlsdorf-Teichwolframsdorf,1200357.0,40-60,40,15000
Odenwälder Kunststoffwerke,https://www.okw.com,False,Abstimmknöpfe,Aluminiumgehäuse,Gehäuse,Extrudierens,Laserschneidens,Spritzgießens,Extrudieren,Laserschneiden,Spritzgießverfahren,Buchen (Odenwald),1171007.0,21-40,21,7875
POLI-TAPE Klebefolien GmbH,https://www.poli-tape.de,False,Digitaldruckfolien,Plotterfolien,Textil-Transferfolien,,,,Beschichtungen,Konfektionierungen,Lagerlogistiken,Remagen,8478660.0,200-350,200,75000
IBG HydroTech GmbH,https://www.ibg-hydro-tech.de,False,Fahrzeugausbauten,Inlinerprodukte,Systemkomponenten,,,,,,,Alzenau,676018.0,10-15,10,3750
IBS Filtran Kunststoff,https://www.ibs-filtran.com,False,Druckölfilter,Fluidfiltersysteme,Saugölfilter,Extrudiermaschinen,Laserschweißmaschinen,Spritzgießmaschinen,Extrudieren,Laserschweißverfahren,Spritzgießverfahren,Morsbach,9414712.0,200-350,200,75000
Jenaer Gewindetechnik GmbH,http://www.jena-tec.de,False,Kugelgewindetriebe,Linearmodule,Zahnräder,Fräsmaschinen,Präzisionswerkzeugmaschinen,Schleifmaschinen,Fräsen,Montagen,Schleifen,Jena,2830485.0,120-200,120,45000
Dynacast Deutschland GmbH,https://www.dynacast.com,True,Die Druckguss-Technologien,Metalle,Zusätzliche Fähigkeiten,Erodiermaschinen,Fräsmaschinen,Laserschneidmaschinen,Erodieren,Fräsen,Laserschneiden,Bräunlingen,3319737.0,120-200,120,45000
Weber Bürstensysteme GmbH,https://www.weberbrushes.com,False,Besen,Bürsten,Reinigungssysteme,,,,,,,Bad Camberg,1366219.0,40-60,40,15000
HAINBUCH GMBH,https://www.hainbuch.com,False,Spanndorne,Spannfutter,Spannmittel,,,,,,,Marbach am Neckar,8527347.0,200-350,200,75000
Schock Metallwerk GmbH,https://www.schock-group.com,True,Kugelführungen,Spezialprofile,Teleskopschienen,Biegen,Prägen,Schweißen,Metallverarbeitungen,Oberflächenveredelungen,Rollform-Techniken,Urbach (Rems),145247.0,No Match,,
MJM-Metallverarbeitung Mangner GmbH,https://mjm-metallverarbeitung.de,True,Drehmaschinen,Fräsmaschinen,Laserschneidemaschinen,Abkantbänke,Laseranlagen,Tieflochbohrzentren,Drehens,Fräsens,Laserschneidens,Dautphetal,11299579.0,350-600,350,131250
Afag GmbH,https://www.afag.com,False,Fütterungslösungen,Handhabungslösungen,Montageautomatisierungslösungen,,,,,,,Amberg,227399.0,No Match,,
Robert Plersch Edelstahltechnik GmbH,https://www.plersch.de,True,Abkantteile,Baugruppen,Rohrlaserteile,CNC-Kanttechniken,Laserzentren,Richtwalzmaschinen,Biegen,Laserschneiden,Schweißen,Hawangen,1858869.0,80-120,80,30000
HGGS LaserCUT GmbH & Co. KG,http://www.hggs.de,True,Bauteile,Komponenten,Lösungen,3D-Drucker,Abkantmaschinen,Fräsmaschinen,3D-Drucke,Abkanten,Fräsen,Hatzenbühl,1012829.0,21-40,21,7875
J.D. Geck GmbH,https://www.geck.de,False,Einkaufswagen,Preisauszeichnungssysteme,Warenträger,,,,,,,Altena,2924674.0,120-200,120,45000
Tenaris,https://www.shawcor.com,False,Beschichtungslösungen,Onshore-Rohrleitungen,Öl-Länder-Rohrwaren,,,,,,,Rheinbach,6103901.0,200-350,200,75000
BOOSTER Precision Components,https://www.booster-precision.com/en/,True,Brennstoffzellenkomponenten,E-Mobilitätskomponenten,Industriekomponenten,Bearbeitungsmaschinen,Gießmaschinen,Montagemaschinen,Bearbeitungen,Gießereien,Montagen,Schwanewede,12705757.0,350-600,350,131250
John Crane GmbH,https://www.johncrane.com,False,Dichtungsoberflächentechnologien,Dichtungsträgersysteme,Mechanische Dichtungen,,,,,,,Fulda,370480.0,10-15,10,3750
EMG Casting AG,https://emg-casting.de,True,Aluminiumgüsse,Graugüsse,Gussteile,Fräsmaschinen,Modellbaumaschinen,Schleifmaschinen,Fräsens,Gießens,Schleifens,Waldkraiburg,5470939.0,200-350,200,75000
C. Otto Gehrckens GmbH & Co. KG,https://www.cog.de,False,Elastomerdichtungen,Formteile,O-Ringe,,,,,,,Pinneberg,1022179.0,21-40,21,7875
ATLANTIC GmbH,http://www.atlantic-schleifscheiben.de,False,Schleifscheiben,Schleifsteine,Schleifwerkzeuge,Hobelmaschinen,Profiliermaschinen,Schleifmaschinen,Hobeln,Profilieren,Schleifen,Bonn,428345.0,10-15,10,3750
Precima Magnettechnik GmbH,https://www.precima.de,False,Elektromagnetkupplungen,Federbetätigte Elektromagnetbremsen,Gleichrichter,,,,,,,Bückeburg,790406.0,15-20,15,5625
Cellofoam GmbH & Co. KG,https://www.cellofoam.de,False,Dichtungen,Klebebänder,Schallschutzmaterialien,Pressen,Stanzmaschinen,Verarbeitungsmaschinen,Pressen,Stanzen,Verarbeitungen,Biberach an der Riß,2343971.0,80-120,80,30000
Metawell GmbH,https://www.metawell.com,False,Aluminium-Sandwichplatten,Leichtbaukomponenten,Sonderlösungen,CNC-Bearbeitungsmaschinen,Metawell® Aluflex-Maschinen,Plattenkreissägen,CNC-Bearbeitungen,Kanten,Montagen,Neuburg an der Donau,540758.0,10-15,10,3750
Ewald Kaufmann GmbH & Co. KG,http://www.kaufmann-mikromechanik.de/de/,True,Baugruppen,Oberflächenveredelungen,Präzisionsdrehteile,Drehmaschinen,Schleifmaschinen,Wärmebehandlungsanlagen,Drehungen,Schleifungen,Wärmebehandlungen,Remchingen,3577335.0,120-200,120,45000
IMERYS LAUFENBURG GmbH,https://www.imerys.com,False,Marken,Mineralien,Märkte,,,,,,,Laufenburg (Baden),4002197.0,120-200,120,45000
Kurt Allert GmbH + Co. KG,https://www.allert.com/de/,False,Befestigungstechniken,Förderbänder,Stanzteile,Hochleistungspressen,Montagemaschinen,Stanzautomaten,Biegen,Montagen,Stanzen,Oberndorf am Neckar,1298707.0,40-60,40,15000
Nordson Corporation,https://www.nordson.com,False,Klebstoffdosiersysteme,Präzisionsflüssigkeitsdosiersysteme,konstruierte Flüssigkeitsdosiergeräte,,,,,,,Neckarsulm,791417.0,15-20,15,5625
Uhlig Wel-Cor GmbH,https://www.uhlig.eu,True,Druckteile,Kesselbaukomponenten,schweißplattierte Bauteile,Fräsmaschinen,Laserschneidmaschinen,Schweißmaschinen,Fräsens,Laserschneidens,Schweißens,Langelsheim,1650681.0,60-80,60,22500
Loll Feinmechanik GmbH,https://www.loll-feinmechanik.de,True,Baugruppen,Einzelkomponenten,Komplett-Systeme,Drehmaschinen,Erodiermaschinen,Fräsmaschinen,Drehen,Erodieren,Fräsen,Tornesch,2290782.0,80-120,80,30000
di-soric GmbH & Co. KG,https://www.di-soric.com,False,Maschinenbeleuchtungen,Sensoren,Visionssensoren,,,,,,,Urbach (Rems),466230.0,10-15,10,3750
IDT Industrie- und Dichtungstechnik GmbH,https://idt-dichtungen.de,False,Dichtungen,Kunststofftechnologien,Packungen,,,,,,,Essen,37604.0,No Match,,
Wiedemann GmbH,https://www.wiedemann-kerzen.de,False,Duftkerzen im Glas,Flachkopfkerzen,Marble Rustik Kerzen,,,,,,,Husum,1467272.0,40-60,40,15000
Wiedemann GmbH,https://www.wiedemann-kerzen.de,False,Duftkerzen im Glas,Flachkopfkerzen,Marble Rustik Kerzen,,,,,,,Deggendorf,1467272.0,40-60,40,15000
Schellenberger Bürstenfabrik GmbH,https://schellenberger-brushes.com,False,Bürsten,Pinsel,Zubehör,Drehmaschinen,Fräsmaschinen,Schleifmaschinen,Drehungen,Fräsungen,Schleifungen,Bechhofen,798291.0,15-20,15,5625
Brugger GmbH,https://www.brugger-magnet.de,False,Magnetbefestigungen,Magnetsysteme,Magnetzubehör,,,,,,,Hardt,1840997.0,80-120,80,30000
CVT-Capellmann GmbH & Co. KG,https://www.cvt.de,True,Drehteile,Schnecken,Zahnräder,Drehmaschinen,Fräsmaschinen,Schleifmaschinen,Drehen,Fräsen,Schleifen,Gosheim,5613437.0,200-350,200,75000
Vogt-Plastic GmbH,https://www.vogt-plastic.de/de/,False,Recruiting,Recycling,Regranulate,,,,,,,Rheinfelden,20994410.0,350-600,350,131250
Wilhelm Maass GmbH,http://www.wmaass.de,False,Armaturen,Flansche,Rohre,,,,Bearbeitungen,Schmieden,Schweißungen,Essen,1480617.0,40-60,40,15000
Habasit GmbH,https://www.habasit.com/de/,False,,,,,,,,,,Eppertshausen,1874817.0,80-120,80,30000
August Dreckshage GmbH & Co. KG,https://dreckshage.de,False,Lineartechniken,Profile+Systeme,Walzen,,,,,,,Bielefeld,753216.0,15-20,15,5625
RT-Lasertechnik GmbH,https://www.rt-lasertechnik.de,True,Biegen,Laserschneiden,Rohrlasern,Kantbänke,Laserschneidmaschinen,Rohrlasermaschinen,Biegen,Laserschneiden,Schweißen,Rheda-Wiedenbrück,592577.0,10-15,10,3750
Wezel GmbH Kaltumform-Technik,http://www.wezel.de,False,Fertigteile,Kupplungsgeometrien,Verzahnungsbauteile,Fließpressen,Messvorrichtungen,Spannwerkzeuge,Fließpressen,Härten,Zerspanungen,Frickenhausen,1304568.0,40-60,40,15000
THALETEC GmbH,https://thaletec.com,True,Emaillierte Kolonnen,Emaillierte Rührbehälter,Emaillierte Wärmeaustauscher,Fräsmaschinen,Schleifmaschinen,Schweißmaschinen,Fräsen,Schleifen,Schweißen,Thale,581851.0,10-15,10,3750
DUROtherm Kunststoffverarbeitung GmbH,https://www.durotherm.de,True,Formteile,Kunststoffteile,Verpackungen,PUR-Schaummaschinen,RRIM-Maschinen,Thermoformmaschinen,RRIM-Verfahren,Schaumgießen,Thermoformen,Haiterbach,146629.0,No Match,,
MS-GRAESSNER GmbH & Co. KG,https://www.graessner.de/de/,False,Kegelräder,Sondergetriebe,Winkelgetriebe,,,,,,,Dettenhausen,431947.0,10-15,10,3750
Schondelmaier GmbH Presswerk,http://www.schondelmaier.de/de/,False,Bauteile,Komponenten,Produkte,Hydraulikpressen,Mehrstufenpressen,Roboter,Kaltumformungen,Mechanische Bearbeitungen,Qualitätssicherungen,Gutach (Schwarzwaldbahn),13585777.0,350-600,350,131250
RÖCO GmbH,https://www.roeco.de,False,Hydrauliken,Keilriemen,Wälzlager,,,,,,,Dortmund,23779.0,No Match,,
APPEL GmbH,https://www.appelgmbh.com,False,Dichtungsprofile,Elastomermischungen,Gummiformteile,,,,,,,Lauda-Königshofen,2036172.0,80-120,80,30000
Christen + Laudon GmbH,https://www.christen-laudon.de,False,Apparate,Behälter,Rohre,3D CAD-Software,Qualitätskontrollsysteme,Wickeleinrichtungen,Laminierungen,Qualitätssicherungen,Schweißungen,Malbergweich,465961.0,10-15,10,3750
Orbilan GmbH Kunststoffwerk,https://www.orbilan.de,False,Fertigteile,Halbzeuge,ORBILAN Produkte,,,,Pressen,Sintern,Verarbeiten,Rosendahl,5536975.0,200-350,200,75000
GMA Metall GmbH,https://gma.de/en/,False,Baugruppen,Feinblechbearbeitungen,konventionelle Stanzteile,Biegemaschinen,Pressen,Stanzen,Biegen,Montagen,Stanzen,Bünde,57695.0,No Match,,
Stüwe GmbH & Co. KG,https://www.stuewe.de,False,Bremssysteme,Industriebremsscheiben,Reibschlussverbindungen,Fräsmaschinen,Montagemaschinen,Schleifmaschinen,Fräsen,Montagen,Schleifen,Hattingen,2357792.0,80-120,80,30000
EMW filtertechnik GmbH,https://www.emw.de/de/,False,Filtermedien,Filterschaumstoffe,Luftfilter,,,,,,,Diez,217510.0,No Match,,
Ute Schlieder Metallwarenfabrik GmbH,https://www.us-metallwaren.de,True,Schweißen,Stanzen,Umformen,Schweißmaschinen,Stanzmaschinen,Umformmaschinen,Schweißen,Stanzen,Umformen,Marienberg,2826811.0,120-200,120,45000
Burgmaier Technologies GmbH + Co KG,https://burgmaier.com,False,Aluminiumteile,Präzisionsteile,Stahlteile,CNC-Maschinen,Drehautomaten,Fräsmaschinen,Drehungen,Fräsungen,Schleifungen,Allmendingen,1834587.0,80-120,80,30000
Lehmer Maschinentechnik GmbH,https://lehmer.de,True,Fördertechniken,Komponenten für regenerative Energieanlagen,Maschinenbauten,CNC-Bearbeitungsmaschinen,Kantmaschinen,Laserschneidmaschinen,Biegearbeiten,CNC-Bearbeitungen,Laserschneiden,Bruck in der Oberpfalz,560379.0,10-15,10,3750
LASCO Umformtechnik GmbH,https://www.lasco.com,True,Automationslösungen,Fertigungsanlagen,Werkzeugmaschinen,Erodiermaschinen,Fräsmaschinen,Schneidmaschinen,Erodieren,Fräsen,Laserschneiden,Coburg,4369484.0,120-200,120,45000
Lydall Gutsche GmbH & Co. KG,https://www.lydall-gutsche.com,False,Filtermedien,Isoliermaterialien,technische Textilien,,,,,,,Fulda,3778487.0,120-200,120,45000
Zahnradfabrik Hänel GmbH & Co. KG,https://haenel-zahnrad.de/de/,False,Präzisions-Schleifräder,Präzisions-Zahnräder,Zahnradwellen,Drehmaschinen,Fräsmaschinen,Schleifmaschinen,Drehungen,Fräsen,Schleifen,Bad Friedrichshall,1653127.0,60-80,60,22500
Rempel Stanztechnik GmbH,https://www.rempel-stanztechnik.de,True,Stanzteile,Tiefziehteile,Umformteile,Messmaschinen,Pressen,Werkzeugmaschinen,Stanzen,Tiefziehen,Umformen,Plettenberg,1044047.0,21-40,21,7875
Presswerk Struthütten GmbH,https://www.pws.gmbh,True,Fügetechniken,Schneidetechniken,Umformtechniken,Exzenterpressen,Hydraulikpressen,Roboterschweißmaschinen,Fügetechniken,Oberflächenbehandlungen,Schneidetechniken,Neunkirchen,4533978.0,120-200,120,45000
SMW Druckgießtechnik GmbH,http://www.smwgmbh.de,True,Aluminium-Druckgussteile,Blechstäke,Druckgießanlagen,Bearbeitungszentren,Handarbeitsplätze,Montageautomaten,Bearbeitungszentren,Biegeteile,Gießens,Schöntal,1970329.0,80-120,80,30000
S W Umformtechnik GmbH & Co. KG,https://sw-umformtechnik.de,False,Baugruppen,Präzisionsteile,Schmiedeteile,Konstruktionsmaschinen,Simulierungsmaschinen,Werkzeugmaschinen,Herstelllungen,Konstruierungen,Simulationen,Herscheid,3318487.0,120-200,120,45000
Kern Technik GmbH & Co. KG,https://www.kern-technik.de,False,Gleichstrommagnete,Magnetventile,Steuermagnete,CNC-Bearbeitungszentren,CNC-Drehmaschinen,Spritzgießmaschinen,Bohrungen,Drehungen,Schleifen,Schleusingen,406258.0,10-15,10,3750
FISCHER Deutschland GmbH,https://www.fischerspindle.ch,False,Fräsköpfe,Frässpindeln,Schleifspindeln,Drehmaschinen,Fräsmaschinen,Schleifmaschinen,Drehen,Fräsen,Schleifen,Langenfeld (Rheinland),1641195.0,60-80,60,22500
RHR Profiltechnik GmbH,http://www.rhr-profiltechnik.de,True,Extrusionswerkzeuge,Kunststoffprofile,PVC-Lösungen,Extrusionslinien,,,Extrudierungen,,,Georgsmarienhütte,1374028.0,40-60,40,15000
Josef Wierling GmbH,https://www.wierling.de,True,Abwassertechnik,Chemie Anlagenbau,Kraftwerkstechnik,Blechumformungen,Laserbearbeitungen,Mechanische Bearbeitungen,Biegen,Laserschneiden,Schweißen,Nordkirchen,1291493.0,40-60,40,15000
Sauter GmbH,https://sauter-drehteile.de,True,Baugruppen,Drehteile,Frästeile,Drehmaschinen,Fräsmaschinen,Schleifmaschinen,Drehungen,Fräsungen,Schleifungen,Wehingen,13590134.0,350-600,350,131250
Brosius GmbH,https://www.brosius-gmbh.com,True,Baugruppen,Konstruktionen,Montagen,CNC-Drehautomaten,Kantbänke,Laseranlagen,Abkanten,Biegen,Laserschneiden,Föhren am Meulenwald,157000.0,No Match,,
Rattay Metallschlauch-,https://www.rattay.de/de/,False,Kompensatoren,Metallschläuche,Schlauchleitungen,,,,,,,Hünxe,446406.0,10-15,10,3750
CW Bearing GmbH,http://www.cwbearing.de,False,E-Mobility Lager,Rollenlager,Schrägkugellager,,,,,,,Hamburg,232843.0,No Match,,
WESTFALIA Metal Hoses GmbH,https://www.westfalia-mh.com,False,Adaptiersysteme,flexible Metallschläuche,gastichte Entkopplungselemente,,,,,,,Hilchenbach,3543064.0,120-200,120,45000
NEUMO Armaturenfabrik-Apparatebau,https://www.neumo.de,False,Apparate,Komponenten,Rohre,,,,,,,Knittlingen,422706.0,10-15,10,3750
RT-Filtertechnik GmbH,http://www.rt-filter.de,False,Filtrationen technischer Gase,Hydraulikfiltrationen,Motorluftfiltrationen,,,,,,,Friedrichshafen,2884653.0,120-200,120,45000
Wolfgang Loch GmbH & Co. KG,https://www.loch.de/de/,True,Stanzteile,Umformteile,Ziehteile,Stanzautomaten,Umformmaschinen,Ziehmaschinen,Stanzen,Umformen,Ziehen,Idar-Oberstein,3726829.0,120-200,120,45000
Johannes Lübbering GmbH,https://www.luebbering.de/de/,False,Bohrer,Dienstleistungen,Schrauben,,,,,,,Herzebrock-Clarholz,1874805.0,80-120,80,30000
Stengel GmbH,https://www.stengel-gmbh.de,True,Nasszellen,Serverschränke,Systembäder,CNC-Biegemaschinen,CNC-Stanzmaschinen,Tiefziehpressen,Biegen,Stanzen,Tiefziehen,Ellwangen (Jagst),10994280.0,350-600,350,131250
RK Kutting GmbH,https://www.kutting.de,False,Armaturen,Schlauchprodukte,Systemlösungen,,,,,,,Talheim,1064531.0,21-40,21,7875
ECONAUTIC SYSTEMS GmbH,http://www.econautic.de,True,Brennkammern,Schweißbaugruppen,Verstellringe,CNC-Bearbeitungsmaschinen,,,Drehungen,Fräsungen,Schweißungen,Dargun,1995281.0,80-120,80,30000
Norafin Industries (Germany) GmbH,https://norafin.de,False,Filtermedien,Vliesstoffe,technische Textilien,Nadelverfestigungsmaschinen,Produktionslinien,Wasserstrahlanlagen,Nadelverfestigungen,Produktionsprozesse,Wasserstrahlverfestigungen,Mildenau,2535225.0,120-200,120,45000
Schukat electronic Vertriebs GmbH,https://www.schukat.com,False,Elektronikkomponenten,Lüfter,Stromversorgungen,,,,,,,Monheim am Rhein,5513508.0,200-350,200,75000
POLYWEST Kunststofftechnik,https://polywest.de,False,Adapter,Druckformen,Sleeves,,,,,,,Ahaus,590746.0,10-15,10,3750
Uwe Weller Feinwerktechnik GmbH,https://www.weller-feinwerktechnik.de,True,Mechanische Baugruppen,Medizintechnische Komponenten,Optikkomponenten,Drehmaschinen,Fräsmaschinen,Schleifmaschinen,Drehungen,Fräsungen,Schleifungen,Wetzlar,3141662.0,120-200,120,45000
Afflerbach Bödenpresserei GmbH & Co KG,https://www.afflerbach.de,True,Böden,Sonderpressteile,Verschlüsse,Oberflächenbehandlungsmaschinen,Pressmaschinen,Wärmebehandlungsanlagen,Oberflächenbehandlungen,Pressen,Wärmebehandlungen,Puderbach,6666141.0,200-350,200,75000
H.K.O. Isolier- und Textiltechnik GmbH,https://www.hko.de,False,Filtrationslösungen,Hitzeschutztextilien,Wärmedämmprodukte,,,,,,,Oberhausen,834140.0,15-20,15,5625
H & H Gesellschaft für Engineering,https://www.huh.de,True,3D-Drucke,Prototypen,Serienfertigungen,Erodiermaschinen,Fräsmaschinen,Laserschneidmaschinen,Erodieren,Fräsen,Laserschneiden,Leopoldshöhe,605865.0,10-15,10,3750
Wagner Magnete GmbH & Co. KG,https://www.wagner-magnete.de,False,Entmagnetisierungsgeräte,Magnetseparatoren,Spannmagneten,,,,,,,Heimertingen,129914.0,No Match,,
Hans Kämmerer GmbH,https://www.hans-kaemmerer.de,True,Instandhaltungen,Neufertigungen,Reparaturen,Drehmaschinen,Fräsmaschinen,Schleifmaschinen,Drehungen,Fräsungen,Schleifungen,Wachtendonk,69029.0,No Match,,
Max Schlatterer GmbH & Co. KG,https://esband.de,False,Antriebsbänder,Formatbänder,Transportbänder,,,,,,,Herbrechtingen,5000070.0,200-350,200,75000
MB Spritzgusstechnik GmbH,https://www.mb-spritzgusstechnik.de,True,Spritzgussteile,Veredelungen,Werkzeuge,Spritzgussmaschinen,Veredelungsmaschinen,Werkzeugmaschinen,Spritzgießens,Veredelungen,Werkzeugbauten,Marktoberdorf,2159181.0,80-120,80,30000
ANTON TRÄNKLE GMBH & CO KG,https://www.anton-traenkle.com,True,Baugruppen,Drehteile,Ventile,CNC-Maschinen,Drehmaschinen,Mehrspindelmaschinen,Drehungen,Oberflächenbehandlungen,Schleifungen,Triberg im Schwarzwald,1713230.0,60-80,60,22500
Lakowa Gesellschaft für Kunststoffbearbeitung,https://lakowa.com,False,Innenausstattungen,Kunststoffteile,Systembaugruppen,Fräsmaschinen,RIM-Anlagen,Thermoformmaschinen,Fräsen,RIM-Verfahren,Thermoformen,Wilthen,2021678.0,80-120,80,30000
Buschhoff Stanztechnik GmbH & Co KG,http://www.buho.de,True,Prototypen,Schweißbaugruppen,Stanzteile,Laserschneidanlagen,Schweißanlagen,Stanzautomaten,Biegen,Laserschneiden,Schweißen,Köln,3658446.0,120-200,120,45000
Fey Lamellenringe GmbH & Co. KG,https://www.fey-lamellenringe.de/de/,False,Dichtungsringe,Kolbenringe,Sicherungsringe,,,,,,,Königsbrunn,595422.0,10-15,10,3750
G.RAU GmbH & Co. KG,https://www.g-rau.de,False,Bänder,Drähte,Rohre,Exzenterpressen,Hydraulikpressen,Stanzautomaten,Oberflächenbehandlungen,Schweißens,Tiefziehens,Pforzheim,9635946.0,200-350,200,75000
M.D.S. Meyer GmbH,http://www.mds-dichtungen.de,False,,,,,,,,,,Bakum,1282964.0,40-60,40,15000
NORRES Schlauchtechnik GmbH,https://www.norres.com/de/,False,Belüftungstechniken,Industrieschläuche,Technische Schläuche,,,,,,,Gelsenkirchen,2829236.0,120-200,120,45000
Anker Schroeder ASDO GmbH,https://www.anker.de,False,Rundstahlanker,Sonderschäkel,Zugstabsysteme,Bohrmaschinen,Fräsmaschinen,Schmiedemaschinen,Bohren,Fräsen,Schmieden,Dortmund,1118932.0,21-40,21,7875
Richard Hoffmans GmbH & Co. KG,https://www.hoffmans-leder.de,False,Schuhoberleder,Taschenleder,kompostierbare Leder,,,,,,,Nettetal,407243.0,10-15,10,3750
BBW Lasertechnik GmbH,https://www.bbw-lasertechnik.de,True,Laserbohrverfahren,Laserfeinschneidverfahren,Laserschweißverfahren,Erodiermaschinen,Fräsmaschinen,Laseranlagen,Biegen,Laserschneiden,Wasserstrahlschneiden,Prutting,2809432.0,120-200,120,45000
Gilbarco GmbH,https://www.gilbarco.com/eu/,False,Einzelhandelslösungen,Kraftstoffpumpen & -spender,Wasserstofftankstellenlösungen,,,,,,,Salzkotten,69142.0,No Match,,
Richard Neumayer GmbH,http://www.r-neumayer.de,True,Armaturen,Flansche,Präzisionsschmiedeteile,Bearbeitungszentren,Pressenlinien,,Drehen,Fräsen,Warmmassivumformungen,Hausach,16661693.0,350-600,350,131250
Risse + Wilke Kaltband GmbH & Co. KG,https://www.risse-wilke.de,True,Kaltbänder,,,,,,Kaltwalzen,,,Iserlohn,13477343.0,350-600,350,131250
Fischer & Plath GmbH,https://www.fischer-plath.com,False,Ersatzteile,Metallische Dichtungen,Spezialdichtungen,Fräsmaschinen,Schleifmaschinen,Stanzmaschinen,Fräsen,Schleifen,Stanzen,Berne,944738.0,21-40,21,7875
Kurt Grützmann Feinmechanik GmbH,https://www.gruetzmann-gmbh.de,True,Designanalysen,Leistungspakete,Systemlösungen,CNC-Drehmaschinen,CNC-Fräsmaschinen,Erodiermaschinen,Drehungen,Erodierungen,Fräsungen,Reinfeld,219065.0,No Match,,
Kohlstädt GmbH,http://www.kohlstaedt.de,True,Bedieneinheiten,Industriegehäuse,Tastaturen,Fräsmaschinen,Lasermaschinen,Schweißmaschinen,Fräsen,Laserschneiden,Schweißen,Vlotho,1517559.0,60-80,60,22500
Magontec GmbH,http://magontec.com,False,Magnesiumlegierungen,Magnesiumrecyclingdienste,kathodische Korrosionsschutzmaßnahmen,,,,,,,Bottrop,57094.0,No Match,,
Ewald Waffenschmidt GmbH & Co. KG,http://www.waffenschmidt.de,False,Edelstahlflansche,Lager-/Preislisten,Sonderflansche,,,,,,,Wenden,1111184.0,21-40,21,7875
Hei-Mat,https://www.heimat-gmbh.de,True,Baugruppen,Bauteile,Komponenten,Abkantpressen,Fräsmaschinen,Laseranlagen,Biegen,Fräsen,Laserschneiden,Stadtlohn,227280.0,No Match,,
CONTEX Hartmetall Verschleißtechnik GmbH,https://contex-gmbh.de,False,Lösungen,Verschleißteile,Werkstoffe,,,,,,,Mönchengladbach,320737.0,10-15,10,3750
H + K Härte- Oberflächentechnik GmbH,https://www.ts-deutschland.de/de/,True,Beschichtungstechniken,Härtetechniken,Projekt-Betreuungen,,,,Gasnitrierungen,Salzbadnitrocarburierungen,Vakuumhärtungen,Aldingen,3888788.0,120-200,120,45000
Boschert GmbH & Co. KG,https://boschert.de,False,Blechbearbeitungsmaschinen,Wickeltechnikmaschinen,Zubehör,Biegemaschinen,Scheren,Stanzmaschinen,Biegen,Scheren,Stanzen,Lörrach,795803.0,15-20,15,5625
FOBOHA (Germany) GmbH,https://www.foboha.com/de/,True,Handling Systeme,Spritzgiessformen,Wendesysteme,,,,,,,Haslach im Kinzigtal,2723454.0,120-200,120,45000
Porex Technologies GmbH,https://www.porex.com/de/,False,poröse Fasern,poröse Kunststoffe,poröse Schaumstoffe,,,,Extrudieren,Spritzgießverfahren,Tiefziehen,Obergurig,3967577.0,120-200,120,45000
ZWP Zahnradwerk Pritzwalk GmbH,http://www.zahnradwerk.com,False,Zahnkränze,Zahnräder,verzahnte Wellen,Drehmaschinen,Fräsmaschinen,Schleifmaschinen,Drehen,Fräsen,Schleifen,Pritzwalk,5386761.0,200-350,200,75000
Ross Europa GmbH,https://www.rosseuropa.com,False,Sicherheitssysteme,Steuerungssysteme,Ventile,,,,,,,Langen (Hessen),554825.0,10-15,10,3750
Silcos GmbH,https://www.silcos.com/de/,True,Beschichtungen,Kunststoffteile,Silikonformteile,,,,Digitaldrucke,Oberflächenbehandlungen,Spritzgießverfahren,Reutlingen,1547559.0,60-80,60,22500
GMT-Gummi-Metall-Technik GmbH,https://www.gmt-gmbh.com,False,Konuslager,Luftfedersysteme,Schwingungsdämpfer,,,,,,,Bühl,725398.0,15-20,15,5625
EM-Technik GmbH Armaturenbau,https://em-technik.com,False,Kleinstarmaturen,Spezialkunststoffe,Verschraubungen,,,,,,,Maxdorf,802667.0,15-20,15,5625
FIT AG,https://fit.technology,True,Prototypen,Serienteile,Sonderwerkzeuge,3D-Drucker,CNC-Fräsmaschinen,Injektionsgussmaschinen,Additive Fertigungen,Elektronenstrahlschmelzen,Laserschmelzen,Lupburg,9066483.0,200-350,200,75000
W. Gröning GmbH & Co. KG,https://www.groening.de,False,Automatenfolien,Inlinerfolien,Technische Folien,Druckmaschinen,Extrusionsmaschinen,Kaschiermaschinen,Drucke,Extrusionen,Kaschierungen,Rheine,9503127.0,200-350,200,75000
Flühs Drehtechnik GmbH,https://www.fluehs.de,False,Drehteile,Systeme,Ventile,Automaten,Drehmaschinen,Werkzeugmaschinen,Drehungen,Oberflächenbehandlungen,Schleifungen,Lüdenscheid,565950.0,10-15,10,3750
EppsteinFOILS GmbH,https://www.eppsteinfoils.de,False,Bleifolien,Metallfolien,Zinnfolien,Gießmaschinen,Schneidemaschinen,Walzmaschinen,Gießens,Schneidens,Walzen,Eppstein,1504113.0,60-80,60,22500
GAPI Technische Produkte GmbH,https://www.gapigroup.com,False,Dichtungen,Schlauchleitungen,Verbindungselemente,Extrusionsanlagen,Spritzgussmaschinen,Verarbeitungsmaschinen,Extrudierens,Spritzgießens,Verarbeitungen,Rösrath,3376755.0,120-200,120,45000
Hacker Feinmechanik GmbH,https://www.hacker-feinmechanik.de,True,Drehteile,Frästeile,Schleifteile,CNC-Drehmaschinen,CNC-Fräsmaschinen,Schleifmaschinen,Drehungen,Fräsungen,Schleifungen,Offenberg,987742.0,21-40,21,7875
Proto Labs Germany GmbH,https://www.protolabs.de,True,3D-gedruckte Teile,CNC-bearbeitete Teile,Spritzgussteile,3D-Drucker,CNC-Bearbeitungsmaschinen,Spritzgussmaschinen,Fräsen,Laserschneiden,Spritzgießens,Putzbrunn,10099377.0,350-600,350,131250
M&V GmbH Siegmar,https://cms.muv-siegmar.de,False,,,,,,,,,,Jahnsdorf,8470016.0,200-350,200,75000
Hilger u. Kern GmbH,https://www.hilger-kern.de,False,Riemenspannungsmessgeräte,Schwingungsdämpfer,Spannrollen,,,,,,,Mannheim,516795.0,10-15,10,3750
Schuhmacher Präzisionsdrehteile GmbH,https://www.schuhmacher.de,True,Baugruppen,Komponenten,Präzisionsdrehteile,Drehmaschinen,Fräsmaschinen,Schleifmaschinen,Drehungen,Fräsungen,Schleifungen,Spaichingen,628577.0,10-15,10,3750
SECO GmbH,https://www.diesel-engine-motor-service.com/de/,False,Ersatzteile,Technischer Support,Überholungsservices,,,,,,,Quedlinburg,462483.0,10-15,10,3750
KURT EBERLE GmbH & Co. KG,https://www.eberle-technik.de/de/,True,Baugruppen,Präzisionsdrehteile,Werkstoffe,Drehmaschinen,Erodiermaschinen,Fräsmaschinen,Drehungen,Erodierungen,Montagen,Wurmberg,1212380.0,40-60,40,15000
bedea Berkenhoff & Drebes GmbH,https://bedea.com,False,EMV-Messsysteme,Spezialkabel,,,,,,,,Aßlar,2886900.0,120-200,120,45000
ISEO Deutschland GmbH,https://www.iseo.com/it/,False,Serraturen,Zugangskontrollgeräte,Zylinder,,,,,,,Gera,1823725.0,80-120,80,30000
Weisser Spulenkörper GmbH & Co. KG,https://www.weisser.de,True,Katalogprodukte,Kundenprodukte,Spulenkörper,CAD-Technologien,Handlingsysteme,Spritzgussmaschinen,Drahterodierungen,Spritzgießverfahren,additive Fertigungen,Neresheim,4956762.0,120-200,120,45000
KWD Kupplungswerk Dresden GmbH,https://www.kupplungswerk-dresden.de/de/,True,Antriebstechniken,Bremsen,Kupplungen,Drehmaschinen,Fräsmaschinen,Schleifmaschinen,Drehen,Fräsen,Schleifen,Dresden,4894517.0,120-200,120,45000
Märkisches Werk GmbH,https://www.mwh.de,False,Führungen,Sitzringe,Ventile,Erodiermaschinen,Fräsmaschinen,Schleifmaschinen,Erodieren,Fräsen,Schleifen,Halver,4163740.0,120-200,120,45000
Paatz Viernau GmbH,https://www.paatz.com,True,Bohrköpfe,Greifersysteme,Vorrichtungen,CNC-Bearbeitungszentren,Rundtaktmaschinen,Transferstraßen,Bohren,Fräsen,Schleifen,Viernau,3039574.0,120-200,120,45000
Veolia Deutschland,https://www.veolia.de,False,Abfallmanagements,Energielösungen,Wassermanagements,,,,,,,Bernburg (Saale),3087460.0,120-200,120,45000
Eaton Technologies GmbH,https://www.eaton.com/de/,False,Aktuatoren,Elektronische Komponenten,Steuerungen,,,,,,,Nettersheim,1731518.0,60-80,60,22500
Elektrowerk Weisweiler GmbH,http://www.elektrowerk.de,False,Ferrochrame,Legierungspulver,Spezialprodukte,,,,,,,Eschweiler,4234366.0,120-200,120,45000
DITTER PLASTIC GmbH + Co KG,http://www.ditter-plastic.de,True,Spritzgussteile,Technologien,Werkzeuge,Lasermaschinen,Spritzgießmaschinen,Werkzeugmaschinen,Laserschneidens,Oberflächenbehandlungen,Spritzgießens,Haslach im Kinzigtal,1857420.0,80-120,80,30000
Centroplast Engineering Plastics GmbH,https://www.centroplast.de,False,Bipolarplatten,Fertigteile,Halbzeuge,,,,,,,Marsberg,3550490.0,120-200,120,45000
AHP Merkle GmbH,https://www.ahp.de,False,Elektro-hydraulische Linearantriebe,Hydraulikzylinder,Zubehör,,,,,,,Gottenheim,91058.0,No Match,,
ASK-Kugellagerfabrik Artur Seyfert GmbH,https://www.askubal.de,False,Gelenkköpfe,Gelenklager,Wälzlager,,,,,,,Korntal-Münchingen,1357685.0,40-60,40,15000
Won Ik Quartz Europe GmbH,https://www.wonik.de/de/,False,Liner,Podeste,Prozessrohre,,,,,,,Geesthacht,1436262.0,40-60,40,15000
ALU-LINE Metallverarbeitungsgesellschaft mbH,https://alu-line.de,True,Aluminiumverarbeitungen,Drehdornpressen,Hubbetten,Blechbearbeitungsmaschinen,CNC-Bearbeitungszentren,Lasermaschinen,Blechbearbeitungen,CNC-Bearbeitungen,Laserschneiden,Bad Saulgau,2361245.0,80-120,80,30000
WAGU Gummitechnik GmbH,https://www.wagu-rubber.com,True,Gummimischungen,Masterbatches,Verbindungen,Extruder,Kalander,Knetmaschinen,Extrudierungen,Kalandrierungen,Mischungen,Warstein,7296144.0,200-350,200,75000
Wichmann GmbH,http://www.csn.eu,False,Elektromotoren,Gelenkwellen,Sonderlösungen,,,,,,,Lotte,51860.0,No Match,,
Slawinski & Co. Gesellschaft mit beschränkter Haftung,https://www.slawinski.de,False,Klöpperböden,Korbbogenböden,Tellerböden,Bördelmaschinen,Drückmaschinen,Kümpelmaschinen,Bördel,Drücke,Kümpel,Siegen,1438154.0,40-60,40,15000
SKS Welding Systems GmbH,https://www.sks-welding.com,False,Brenner-Reinigungsstationen,Schweißbrenner,Schweißmaschinen,,,,,,,Kaiserslautern,3098371.0,120-200,120,45000
AMS Apparate-Maschinen-Systeme,https://www.ams-systeme.de,True,Apparate,Gefäße,Schweißbaugruppen,Bohrmaschinen,Schneidemaschinen,Schweißmaschinen,Bohrungen,Schnitte,Schweißungen,Limbach-Oberfrohna,1222233.0,40-60,40,15000
häwa GmbH,https://www.haewa.de,False,Gehäuse,Klimatisierungen,Schaltschranksysteme,Abfüllen,Abkanten,Bedrucken,Abfüllen,Abkanten,Bedrucken,Wain,3493430.0,120-200,120,45000
PANA Foamtec GmbH,https://panafoamtec.de,True,Klebebänder,Schaumstoffe,Verarbeitungsdienstleistungen,Schneidanlagen,Spaltmaschinen,Stanzmaschinen,Kaschieren,Schneiden,Stanzen,Geretsried,546106.0,10-15,10,3750
Spindelfabrik Neudorf GmbH,https://www.sfn-gmbh.de,True,Baugruppen,Einzelteile,Montageeinheiten,Drehmaschinen,Fräsmaschinen,Schleifmaschinen,CNC-Drehen,CNC-Fräsen,CNC-Schleifen,Sehmatal,2546239.0,120-200,120,45000
Morton Extrusionstechnik GmbH,https://www.tarkett.de,False,Designböden,PVC-Böden,Teppichböden,,,,,,,Abtsteinach,12862208.0,350-600,350,131250
Kurt Zecher GmbH,https://www.zecher.com,False,Anilox-Rollen,chromierte Anilox-Rollen,keramische Anilox-Rollen,,,,,,,Paderborn,2441214.0,80-120,80,30000
wafi Walter Fischer GmbH & Co. KG,https://www.wafi-sulz.de/de/,True,Drehteile,Frästeile,Kabelverschraubungen,Drehmaschinen,Fräsmaschinen,Montagemaschinen,Drehungen,Fräsungen,Montagen,Sulz am Neckar,635460.0,10-15,10,3750
PTFE Nünchritz GmbH & Co. KG,https://www.ptfe-nuenchritz.de,True,Halbzeuge,Hochleistungskunststoffe,PTFE Fertigteile,,,,,,,Glaubitz,2091515.0,80-120,80,30000
Kirchhoff & Lehr GmbH,https://tillmann-gruppe.de/de/,False,,,,,,,,,,Arnsdorf,2588154.0,120-200,120,45000
Spindel- und Lagerungstechnik Fraureuth GmbH,https://www.slf-fraureuth.de,False,Kugellager,Spindeleinheiten,Wälzlager,Drehmaschinen,Fräsmaschinen,Schleifmaschinen,Drehungen,Fräsungen,Schleifungen,Fraureuth,4812398.0,120-200,120,45000
CEMO GmbH,https://www.cemo.de,False,Gefahrstofflagerungen,Pumpen,Tankanlagen,,,,,,,Weinstadt,843768.0,15-20,15,5625
Brüninghaus & Drissner GmbH,https://www.b-dhilden.de,True,Prototypenbauten,Serienfertigungen,Werkzeugbauten,Pressen,Stanzmaschinen,Ziehmaschinen,Biegen,Stanzen,Tiefziehen,Hilden,1368334.0,40-60,40,15000
TIGRA GmbH,https://www.tigra.com,False,Hartmetall-Fräserplatten,Schneidplatten,Sägezähne,,,,,,,Oberndorf am Lech,3875802.0,120-200,120,45000
URALAN Kunststoffverarbeitung GmbH,https://www.uralan.de,False,Granulate,Kunststoffteile,Räder,Granuliermaschinen,Spritzgießmaschinen,Werkzeugmaschinen,Granulierungen,Spritzgießverfahren,Werkzeugmachereien,Münsingen,2240768.0,80-120,80,30000
ROLEC Gehäuse- Systeme GmbH,https://rolec.de,False,Industriegehäuse,Steuergehäuse,Tragarmsysteme,Fräsmaschinen,Laserschneidmaschinen,Oberflächenbehandlungsmaschinen,Fräsen,Laserschneiden,Oberflächenbehandlungen,Rinteln,1134877.0,21-40,21,7875
LISEGA SE,https://www.lisega.de,False,Federhänger,Konstanthänger,Rohrhalterungen,CNC-Maschinen,Prüfmaschinen,Roboter,Montagen,Prüfungen,Schnitte,Zeven,2242188.0,80-120,80,30000
SCS Deutschland GmbH & Co. KG,https://scs-group.net,False,,,,,,,,,,Bad Berleburg,544687.0,10-15,10,3750
ASTORPLAST Klebetechnik GmbH,https://www.astorplast.de/de/,False,Haftklebebänder,Kreuzspulen,Schaumklebebänder,,,,,,,Alfdorf,12371704.0,350-600,350,131250
Materion Advanced Materials Germany GmbH,http://materion.com,False,Elektronikwerkstoffe,Leistungswerkstoffe,Präzisionsoptiken,,,,,,,Alzenau,3554414.0,120-200,120,45000
SF - Filter GmbH,https://www.sf-filter.com/de/,False,Flüssigkeitsmanagement,Industriefilter,Mobile Filter,,,,,,,Villingen-Schwenningen,88390.0,No Match,,
ST Stanztechnik GmbH,https://www.stanztechnik.de,True,Biegeteile,Stanzteile,Ziehteile,Differenzwegpressen,Exzenterpressen,Ziehpressen,Biegen,Stanzen,Ziehen,Unterensingen,6670850.0,200-350,200,75000
Beck u. Kaltheuner,https://beka-feuerfest.de,False,Bauteile,Fertigbauteile,Massen,Pumpmaschinen,Spritzmaschinen,,Pumpen,Spritzgießen,,Plettenberg,1158287.0,21-40,21,7875
SMW-AUTOBLOK Spannsysteme GmbH,http://smw-autoblok.de,False,Greifer,Messsysteme,Spannsysteme,,,,,,,Meckenbeuren,8590376.0,200-350,200,75000
SHS-Dichtungen-GmbH,https://www.shs-dichtungen.de,False,Mikroz precisionsteile,O-Ringe,Spritzgussteile,,,,Laserschneiden,Stanzen,Wasserstrahlschneiden,Niederwinkling,2189540.0,80-120,80,30000
Rohrwerk Maxhütte GmbH,http://www.rohrwerk-maxhuette.de/de/,False,Rohre für Kugelkäfige,Rohre für Nockenwellen,profilierte Rohre,,,,,,,Sulzbach-Rosenberg,6756942.0,200-350,200,75000
Aerotechnik E. Siegwart,https://www.aerotechnik.de,False,Absperrklappen,Drosselklappen,Formstücke,,,,,,,Friedrichsthal,2037684.0,80-120,80,30000
RMIG Nold GmbH,http://rmig.de,False,Lochbleche,Sonderlösungen,Steckbleche,,,,,,,Stockstadt am Rhein,918344.0,21-40,21,7875
Fitesa Germany GmbH,https://www.fitesa.com/en/,False,Filme,Komposite,Vliesstoffe,,,,,,,Peine,36373593.0,350-600,350,131250
Junker-Filter GmbH,https://junkerfilter.de,False,Filterelemente,Filterschläuche,Filtertaschen,Lasermaschinen,Pneumatische Fördersysteme,Roboter,Montagen,Plissierungen,Ultraschallverschweißungen,Sinsheim,1005492.0,21-40,21,7875
Selectrona GmbH,https://www.selectrona.com,True,Hybrid-Baugruppen,Kunststoff-Komponenten,Metall-Kunststoff-Komponenten,Automatisierungssysteme,Spritzgießmaschinen,Stanzmaschinen,Automatisierungen,Kunststoffspritzgießverfahren,Stanzen,Dippoldiswalde,2518901.0,120-200,120,45000
schmid alutec gmbh & co. kg,https://www.schmid-at.de,True,Baugruppen,Bauteile,Rohlinge,Druckgussmaschinen,Schmiedepressen,Strangpressmaschinen,Druckgüsse,Schmieden,Strangpressen,Remshalden,1421655.0,40-60,40,15000
HSP Schwahlen GmbH,https://www.hsp.biz,False,Abziehhülsen,Adapterhülsen,Sicherungsmuttern,,,,Bohren,Fräsen,Schleifen,Langenfeld (Rheinland),8017353.0,200-350,200,75000
Möller-Industrietechnik GmbH,https://www.moeller-it.de,False,Bördeldichtungen,Flachdichtungen,Gummi-Stahl-Dichtungen,Plottmaschinen,Stanzmaschinen,Wasserstrahlschneidmaschinen,Plotten,Stanzen,Wasserstrahlschneiden,Hecklingen,768831.0,15-20,15,5625
Garlock GmbH,https://legacy.garlock.com,False,Dichtungen,Kompressionspackungen,Schmetterlingsventile,,,,,,,Neuss,985187.0,21-40,21,7875
BRIDON INTERNATIONAL GMBH,https://www.bridon-bekaert.com,False,Dienstleistungen,Stahseile,Synthetische Seile,,,,,,,Gelsenkirchen,3055401.0,120-200,120,45000
ProLux Systemtechnik GmbH & Co. KG,https://www.prolux.de,False,Abschlepptechniken,Arbeitschutzbekleidungen,Fahrzeugseinrichtungen,,,,,,,Blaustein,149302.0,No Match,,
VMS Vorrichtungs- u. Maschinenbau GmbH,http://www.vms-salzweg.de,True,CNC-Fertigungen,Lohnfertigungen,Vorrichtungsbauten,Drehmaschinen,Fräsmaschinen,Verzahnungsmaschinen,Drehungen,Fräsungen,Verzahnungsstoßen,Salzweg,5316764.0,200-350,200,75000
ESCHA GmbH & Co. KG,https://www.escha.net,False,ET-Stecker,ETM-Stecker,Sensor/Aktuatorstecker,,,,,,,Halver,7864577.0,200-350,200,75000
HIWIN GmbH,https://www.hiwin.de/de/,False,Linearachsen,Präzisionsachsen,Rundtische,Fräsmaschinen,Laserschneidmaschinen,Schleifmaschinen,Fräsen,Laserschneiden,Schleifen,Offenburg,6620806.0,200-350,200,75000
Jacob GmbH,https://www.jacob-gmbh.de,False,Kabeldurchführungssysteme,Kabelverbinder,Kabelverschraubungen,CNC-Maschinen,Spritzgießmaschinen,Werkzeugmaschinen,Drehungen,Montagen,Spritzgießungen,Kernen im Remstal,1248997.0,40-60,40,15000
Sauter Feinmechanik GmbH,https://www.sauter-feinmechanik.com,False,Werkstückträgersysteme,Werkzeuge,Werkzeugträgersysteme,Drehmaschinen,Fräsmaschinen,Schleifmaschinen,Drehungen,Fräsungen,Schleifungen,Metzingen,101751.0,No Match,,
Elsässer Filtertechnik GmbH,https://www.filter-technik.de,False,Kraftstofffilter,Luftfilter,Ölfilter,,,,,,,Nufringen,117751.0,No Match,,
Walter Schneider GmbH,https://www.schneider-umformen.de,True,Bauteile,Fließpressteile,Kaltfließpressteile,Endbearbeitungsmaschinen,Pressen,Werkzeugbaumaschinen,Endbearbeitungen,Kaltfließpressen,Werkzeugbauten,Remchingen,5483602.0,200-350,200,75000
Kurotec-KTS Kunststofftechnik Stade GmbH,https://de.kurotec-kts.com,False,Behälter,Rohre,Sonderkonstruktionen,,,,,,,Stade,173387.0,No Match,,
Bade und Rinscheid Metallwarenfabrik GmbH,https://www.bari-olpe.de,True,Baugruppen,Stanzteile,Ziehteile,Erodiermaschinen,Fräsmaschinen,Stanzmaschinen,Montagen,Stanzen,Ziehungen,Olpe,137728.0,No Match,,
PREFAG Carl Rivoir GmbH & Co. KG,https://www.prefag.de,True,Baugruppen,Drehteile,Zerspanungsteile,Einspindler,Mehrspindler,Rundtaktmaschinen,Drehungen,Honungen,Schleifen,Walzbachtal,765714.0,15-20,15,5625
GRIMM AG,https://www.grimm-precision.de,True,Achsen,Stirnradsätze,Zahnräder,Drehmaschinen,Fräsmaschinen,Schleifmaschinen,Drehungen,Schleifungen,Verzahnungen,Gosheim,2931780.0,120-200,120,45000
Rexroth Rhinow GmbH,https://rexroth-rhinow.de,True,Metallkomponenten,Metallkonstruktionen,Metallteile,CNC-Maschinen,Laserschneidmaschinen,Wasserstrahlschneidmaschinen,Bohren,Fräsen,Schleifen,Rhinow,58819.0,No Match,,
Wilhelm Weber GmbH & Co. KG,https://www.weber-esslingen.de/de/,True,Dreheinheiten,Kunststoffteile,Spritzgießwerkzeuge,Automatisierte Maschinen,Drehsysteme,Spritzgießmaschinen,Montagen,Qualitätskontrollen,Spritzgießens,Esslingen am Neckar,2384137.0,80-120,80,30000
ACE Advanced Composite Engineering GmbH,https://ace-composite.com/de/,True,Baugruppen,Fahrzeugteile,Komponenten,Autoklaven,Fräsmaschinen,RTM-Anlagen,CFRP-Verarbeitungen,Oberflächenbehandlungen,RTM-Technologien,Salem,1776069.0,60-80,60,22500
Zahn Pinsel GmbH,https://www.zahn-pinsel.com,True,Künstlerpinsel,Modellbaupinsel,Pinsel,,,,,,,Bechhofen,440237.0,10-15,10,3750
Magnetfabrik Bonn GmbH,https://magnetfabrik.de,False,Kunststoffgebundene Dauermagnete,Magneten,Magnetsysteme,,,,Magnetisierungen,Präzisionsfertigungen,Spritzgießens,Bonn,2972013.0,120-200,120,45000
Kammerer Gewindetechnik GmbH,https://www.kammerer-gewinde.de,False,Kugelgewindetriebe,Serienproduktionen,Trapezgewindetriebe,CNC-gesteuerten Fräsmaschinen,Drehmaschinen,Schleifmaschinen,Drehungen,Fräsungen,Schleifungen,Hornberg,8208081.0,200-350,200,75000
Glüpker Blechtechnologie GmbH,https://gluepker-blechtechnologie.de,True,Blechbearbeitungen,Blechkonstruktionen,Blechmontagen,Gesenkbiegepressen,Laserschneidmaschinen,Schweißroboter,Biegen,Laserschneiden,Schweißen,Neuenhaus,6266494.0,200-350,200,75000
Stokvis Tapes Deutschland GmbH,https://stokvistapes.de,False,Klebebänder,Lückenfüller,Schaumdichtungen,,,,,,,Remscheid,1204002.0,40-60,40,15000
Weber Stahl-Anarbeitungs-Service GmbH,http://www.weber-stahl.de,True,Konstruktionen,Oberflächentechniken,Zuschitte,Abkantpressen,Laserschneidanlagen,Roboteranlagen,Biegen,Laserschneiden,Schweißen,Großlittgen,3714911.0,120-200,120,45000
Hidria Bausch GmbH,https://www.hidria.com,False,Alle Produkte,Automobiltechnologien,Industrietechnologien,,,,,,,Vaihingen an der Enz,5922258.0,200-350,200,75000
PCM.de GmbH,https://pcmnet.de/de/,False,Automobilkomponenten,Technologische Innovationen,Wasserstoffspeichersysteme,,,,,,,Klipphausen,6840781.0,200-350,200,75000
PSI PRODUCTS GmbH,https://psi-products.de,False,Dichtungen,Korrosionsschutzprodukte,Rohrschutzprodukte,,,,,,,Mössingen,398472.0,10-15,10,3750
Gustav Meister GmbH,https://www.meister-siebe.de,False,Drahtsiebe,Kunststoffsiebe,Zubehör,,,,,,,Beverungen,1420061.0,40-60,40,15000
UNGRICHT GMBH + CO KG,https://www.saueressig.com,True,Kalander,Sondermaschinen,Walzen,Extrudiermaschinen,Fräsmaschinen,Lasermaschinen,Extrudieren,Fräsen,Laserschneiden,Mönchengladbach,2265532.0,80-120,80,30000
Wippermann junior GmbH,https://www.wippermann.com,False,Industrieketten,Kettenräder,Schmierstoffe,,,,,,,Hagen,1606092.0,60-80,60,22500
Witte Barskamp GmbH & Co. KG,https://www.witte-barskamp.de,True,Automatisierungssysteme,Baukastenlösungen,Vakuum-Spannsysteme,,,,,,,Bleckede,1279913.0,40-60,40,15000
Carl Hirschmann GmbH,https://www.carlhirschmann.de,False,Gelenklager,Rundteiltische,Spannsysteme,Erodiermaschinen,Fräsmaschinen,Lasermaschinen,Erodieren,Fräsen,Laserschneiden,Fluorn-Winzeln,2450121.0,80-120,80,30000
Geo. Gleistein & Sohn,https://gleistein.com,False,Anwendungslösungen,Faserseile,Servicedienstleistungen,Flechtmaschinen,Reißmaschinen,Verseilmaschinen,Flechten,Testen,Verseilen,Bremen,1051804.0,21-40,21,7875
Kramski GmbH,https://www.kramski.de,True,Hybridteile,Spritzgussteile,Stanzteile,Folgeprozessmaschinen,Spritzgießmaschinen,Stanzmaschinen,Qualitätsmanagements,Spritzgusstechniken,Stanztechniken,Pforzheim,12540359.0,350-600,350,131250
ARUP Alu-Rohr und Profil GmbH,http://www.thermaltransfer.com,False,Kühlsysteme,Wärmetauscher,Wärmeübertragungstechnologien,,,,,,,Dortmund,1021664.0,21-40,21,7875
Lochanstalt Aherhammer Stahlschmidt,http://www.aherhammer.de,True,Lochbleche,Lochplatten,Werkzeuge,CNC-Breitpressen,CNC-Stanzautomaten,Laserschneidmaschinen,Biegen,Laserschneiden,Stanzen,Kreuztal,3493042.0,120-200,120,45000
Maxcess,https://www.maxcessintl.com/de/,False,Bahnlaufregelungen,Rotationswerkzeuge,Slitting-Systeme,,,,,,,Kelkheim (Taunus),44479.0,No Match,,
F & S Feuerfestbau GmbH & Co. KG,https://www.fus-online.com,False,Feuerfestbauten,Leistungen,Schornsteinbauten,,,,,,,Magdeburg,134693.0,No Match,,
LMS Landshuter Metall- und Schweißtechnik GmbH,http://www.lms-technik.com,False,Metallkomponenten,Metallsysteme,Metallteile,,,,Metallbearbeitungen,Metallverarbeitungen,Schweißtechniken,Ergolding,1691792.0,60-80,60,22500
Klein Umformtechnik GmbH,https://www.klein-ut.de,True,Baugruppen,Prototypen,Werkzeuge,Pressen,Schweißmaschinen,Stanzmaschinen,Pressen,Schweißen,Stanzen,Netphen,161988.0,No Match,,
eurocylinder systems AG,https://eurocylinders.com,False,Druckbehälter,Hochdruckstahlflaschen,Hochdruckstahlzylinder,,,,Prüfverfahren,Ultraschallprüfungen,Wärmebehandlungen,Apolda,4287792.0,120-200,120,45000
SPIR STAR AG,https://www.spirstar.de,False,Hochdruckadapter,Hochdruckschläuche,Hochdruckventile,,,,,,,Rimbach,135704.0,No Match,,
Dockweiler Aktiengesellschaft,https://www.dockweiler.com,False,Armaturen,Kugelhähne,Rohre,Dokumentationssysteme,Oberflächenbehandlungsmaschinen,Schweißmaschinen,Dokumentationen,Oberflächenbehandlungen,Schweißarbeiten,Neustadt-Glewe,1510986.0,60-80,60,22500
Kettling GmbH & Co. KG,https://www.kettling.de,True,Komponenten,Systeme,Teile,Drehmaschinen,Fräsmaschinen,Schleifmaschinen,Drehungen,Fräsungen,Schleifungen,Lennestadt,156747.0,No Match,,
OSBRA - Formteile GmbH,https://www.osbra.de,True,Exterieurteile,Interieurteile,Kunststoffteile,CNC-Bearbeitungszentren,Lackierkabinen,Spritzgussmaschinen,CNC-Bearbeitungen,Lackierens,Spritzgießens,Mindelheim,2215926.0,80-120,80,30000
Euscher GmbH & Co. KG,https://www.euscher.com,False,Aerosole,Elektroniken,Tiefziehtechniken,Prüfmaschinen,Stanzmaschinen,Tiefziehmaschinen,Prüfens,Stanzens,Tiefziehens,Bielefeld,2664852.0,120-200,120,45000
Weh GmbH Verbindungstechnik,https://www.weh.de,False,H2 Betankungskomponenten,Schnellanschlüsse,Ultrahochdrucklösungen,,,,,,,Illertissen,528854.0,10-15,10,3750
Präzisionskugeln Eltmann GmbH,https://www.umbragroup.com,False,Aktuatoren,Kugelgewinde,mechatronische Komponenten,Erodiermaschinen,Fräsmaschinen,Schleifmaschinen,Erodieren,Fräsen,Schleifen,Eltmann,2171992.0,80-120,80,30000
VHW Metallpresswerk GmbH,https://vhw-metallpresswerk.de,True,Bauteile,Komponenten,Umformteile,Automatisierungslösungen,Pressen,Wärmebehandlungsanlagen,Automatisierungen,Warmumformungen,Wärmebehandlungen,Spaichingen,4075458.0,120-200,120,45000
PFEIFFER Metalltechnologie GmbH,https://www.pfeiffer-metalltechnologie.de/de/,True,Baugruppen,Komponenten,Profile,CNC-Maschinen,Reinigungsmaschinen,Sägemaschinen,Sägen,Verpackungen,Weiterbearbeitungen,Frittlingen,2991444.0,120-200,120,45000
Kollmeder Schmiede- und Presswerk,https://www.kollmeder-presswerk.de,True,Ringe,Scheiben,Schmiedestücke,Drehen,Ringwalzen,Schmieden,Drehen,Ringwalzen,Schmieden,Ergolding,9144011.0,200-350,200,75000
Ringhoffer Verzahnungstechnik GmbH & Co. KG,https://www.ringhoffer.de,True,Kegelräder,Zahnräder,Zahnstangen,CNC-Fräsmaschinen,Drehmaschinen,Schleifmaschinen,Drehen,Fräsen,Schleifen,Kohlberg,4070842.0,120-200,120,45000
