Company name,Company Url,Lohnfertigung(True/False),Produkte_1,Produkte_2,Produkte_3,Maschinen_1,Maschinen_2,Maschinen_3,Prozess_1,Prozess_2,Prozess_3,Ort,technische Anlagen und Maschinen 2021/22,Maschinen_Park_Size
Gentherm GmbH,https://www.gentherm.com,False,Thermomanagementsysteme,Pneumatische Komforttechnologien,Patienten-Temperaturmanagementsysteme,Elektronik,Kabel,Spritzgießmaschinen,Elektronikfertigungen,Kabelherstellungen,Spritzgussverfahren,Odelzhausen,2517740.0,120-200
BING Power Systems GmbH,https://www.bingpower.de,False,Drosselklappen,Schaltassistenten,Ölspritzdüsen,,,,,,,Nürnberg,202698.0,No Match
Danfoss Silicon Power GmbH,https://www.danfoss.com,False,Hydraulikzylinder,Elektrische Umrichter,Hydraulikaggregate,,,,,,,Flensburg,21259555.0,350-600
MicroFuzzy Industrie-Elektronic GmbH,https://www.microfuzzy.com/en/,False,Softwareentwicklungen,Hardwareentwicklungen,Funktionsentwicklungen,,,,,,,München,42240.0,No Match
L&P Automotive Europe GmbH,https://leggett-automotive.com,False,Lumbarsysteme,mechanische Kabel,Motoren und Aktuatoren,,,,,,,Nürnberg,151045.0,No Match
Sinterwerke Herne GmbH,http://www.sinterwerke.com/de/,False,Sinterformteile,Bauteile,Sinterprodukte,Pressen,Sinteröfen,Bearbeitungsmaschinen,Pressen,Sintern,Mechanische Bearbeitungen,Herne,3725279.0,120-200
H+E Molding Solutions GmbH,https://www.hero-ittlingen.com,False,Komponenten,Dekorelemente,Bewegungssysteme,Spritzgussmaschinen,,,Spritzgießens,,,Ittlingen,557802.0,10-15
Konvekta Aktiengesellschaft,https://www.konvekta.de,False,Klimasysteme,Kühlanlagen,Thermomanagementsysteme,,,,,,,Schwalmstadt,167517.0,No Match
Nobo Automotive Systems Germany GmbH,http://www.motusintegrated.com,False,Headliner,Türarmlehnen,Konsolenarmlehnen,Pressungen,Schneidungen,Schweißungen,Fertigung,Ingenieuren,Montagen,Überherrn,7930389.0,200-350
Musashi Luechow GmbH,https://www.lue.de.musashi-group.com,False,Zwischenwellen,Zwischenräder,Parksperrenräder,Ringwalzmaschinen,Schmiedemaschinen,Wärmebehandlungsanlagen,Umformungen,Mechanische Bearbeitungen,Wärmebehandlungen,Lüchow (Wendland),4224285.0,120-200
Halung AG,http://www.halung.de,False,IT-Systeme,Automotive-Systeme,,,,,,,,Döllstädt,903470.0,21-40
SCHRAMM Coatings GmbH,https://www.akzonobel.com/en/,False,Farben,Beschichtungen,Marken,,,,Malereien,Beschichtungen,Herstelllungen,Offenbach am Main,1849163.0,80-120
FUBA Automotive Electronics GmbH,https://www.fuba-automotive.com,False,Antennen,Steuergeräte,Carsharing-Module,Leiterplattenbestückungsmaschinen,Montagemaschinen,Testsysteme,Montagen,Leiterplattenfertigungen,Testen,Bad Salzdetfurth,1777154.0,60-80
Adval Tech (Germany) GmbH & Co. KG,https://www.advaltech.com,False,Komponenten,Baugruppen,Module,Pressen,Schneidemaschinen,Stanzmaschinen,Stanzen,Schneiden,Pressen,Endingen am Kaiserstuhl,7724032.0,200-350
BJ Automotive GmbH,https://www.bjautomotive.de/de/,False,Schalter,Systeme,Komponenten,,,,,,,Hamm,45640.0,No Match
BEDIA Motorentechnik GmbH & Co. KG,http://www.bedia.com,False,Motoren,Kabel,Sensoren,Fräsmaschinen,Erodiermaschinen,Bohrungen,Fräsen,Erodieren,Bohren,Altdorf bei Nürnberg,95636.0,No Match
Haartz GmbH,http://www.haartz.com,False,Stoffe,Textilien,Beschichtungen,,,,,,,Mannheim,1040273.0,21-40
Dr. Freist Automotive Bielefeld GmbH,https://www.dfabielefeld.de,False,Akustik-Lösungen,Hotmelt-Kleber,Isolationen,Anlagen,Stanzen,Pressen,Extrudieren,Kalandrieren,Tiefziehen,Bielefeld,6620797.0,200-350
Hehnke GmbH & Co. KG,https://www.hehnke.de,True,Hybridbauteile,Kunststoffteile,Metall-Kunststoff-Verbindungen,Spritzgießmaschinen,Formenbaumaschinen,Stanzmaschinen,Spritzgießens,Formenbauten,Stanztechnologien,Steinbach-Hallenberg,3743399.0,120-200
Mühlhoff Umformtechnik GmbH,https://www.muehlhoff.de,False,Bauteile,Komponenten,Module,Pressen,Schweißanlagen,Messmaschinen,Umformungen,Schweißungen,Oberflächenbehandlungen,Uedem,10738996.0,350-600
Beutlhauser GmbH & Co. KG,https://beutlhauser.com,True,Drehteile,Umformungsteile,Sensorikbauteile,Fräsmaschinen,Stanzmaschinen,Drehmaschinen,Fräsen,Stanzen,Drehen,Salzweg,3116434.0,120-200
Kohl Automotive GmbH,https://www.kohl-automotive.de,False,Automobilkomponenten,Leichtbauteile,Stanzprodukte,,,,,,,Treuenbrietzen,2409399.0,80-120
Akkumulatorenfabrik Moll,https://www.moll-batterien.de/de/,False,,,,,,,,,,Bad Staffelstein,7913317.0,200-350
Haldex GmbH,https://www.haldex.com/de/,False,Bremssysteme,Luftfedersysteme,Sicherheitslösungen,,,,,,,Heidelberg,981784.0,21-40
FEUER powertrain GmbH & Co. KG,https://feuer-pt.de,False,Kurbelwellen,Spezialtechnologien,Sonderbauformen,Fräsen,Schleifen,Montagemaschinen,Fräsen,Schleifen,Montagen,Nordhausen,52615314.0,350-600
Umformtechnik Radebeul GmbH,https://umformtechnik-alu.de,True,Aluminium-Schmiedeteile,Gesenkschmiedeteile,Komponenten,Spindelpressen,Jet-Heating-Erwärmungen,CAD/CAM-Systeme,Schmieden,Lösungsglühen,Warmauslagern,Radebeul,902461.0,21-40
RaceChip Chiptuning GmbH & Co KG,https://www.racechip.de,False,Chiptuning-Module,Gaspedal-Tunings,Luftfilter,,,,,,,Göppingen,285106.0,No Match
KAMEI GmbH & Co. KG,https://www.kamei.de,False,Dachboxen,Dachträger,Interieur-Zubehör,,,,Spritzgießverfahren,Tiefziehverfahren,Ultraschallschweißverfahren,Wolfsburg,744987.0,15-20
Finova Feinschneidtechnik GmbH,https://www.mendritzki.de,True,Bandstähle,Präzisionsteile,Schneidwerkzeuge,Fräsmaschinen,Erodiermaschinen,Laserschneidmaschinen,Fräsen,Erodieren,Laserschneiden,Remscheid,3710147.0,120-200
KHT Fahrzeugteile GmbH,https://rupf-industries.com,False,Gummi-Metall-Komponenten,Fahrzeugteile,Hydrauliksysteme,Stanzmaschinen,Schweißmaschinen,Spritzgussmaschinen,Stanzen,Schweißen,Spritzgießen,Grevenbroich,1111276.0,21-40
Schieffer GmbH & Co. KG,https://schieffer-group.com,False,Produkte,Referenzen,Videos,Spritzgussmaschinen,Pressen,Extrusionsmaschinen,Spritzgüsse,Pressen,Extrusionen,Lippstadt,3276192.0,120-200
McGard Deutschland GmbH,https://mcgard.de,False,Radsicherungen,Automobil Nachrüstungen,Maritime Diebstahlsicherungen,,,,,,,Nordheim,3954099.0,120-200
Musashi Hann. Muenden Machining GmbH & Co. KG,https://www.eu.musashi-group.com,False,Schmiedeteile,Komponenten,Baugruppen,Fräsmaschinen,Schleifmaschinen,Erodiermaschinen,Drehungen,Fräsungen,Bohrungen,Hann. Münden,2679804.0,120-200
Boryszew Kunststofftechnik,https://bap.boryszew.eu,False,Komponenten,Formen,Werkzeuge,Spritzgussmaschinen,Galvanikanlagen,CNC-Fräsmaschinen,Spritzgießens,Galvanisierens,Fräsens,Gardelegen,7643608.0,200-350
Hörmann Automotive Gustavsburg GmbH,http://www.hoermann-gustavsburg.eu,False,,,,,,,,,,Ginsheim-Gustavsburg,13264288.0,350-600
plastic concept GmbH,https://www.plastic-concept.de,False,Baugruppen,thermoplastische Teile,duroplastische Teile,Spritzgießmaschinen,Oberflächenbearbeitungsmaschinen,Montagemaschinen,Spritzgießverfahren,Oberflächenveredelungen,Montagen,Neusalza-Spremberg,4481788.0,120-200
Kromberg & Schubert GmbH & Co. KG,https://www.kromberg-schubert.com,False,Verdrahtungssysteme,Spezialkabel,Kunststoffkomponenten,,,,,,,Renningen,1568107.0,60-80
Casco Schoeller GmbH,https://cascoauto.com,False,Konnektivitätsprodukte,Elektronik,Stromquellen,,,,,,,Frankfurt am Main,221267.0,No Match
KDK Automotive GmbH,http://www.kdkautomotive.com,False,Dekore,Innenraumverkleidungen,Funktionen & Kinematiken,,,,,,,Wächtersbach,2386915.0,80-120
BOA Metal Solutions GmbH,https://www.boagroup.com,False,Dehnungsfugen,Metallbalg,Metallschläuche,,,,,,,Stutensee,3168577.0,120-200
odelo GmbH,https://odelo.de,False,Leuchtsysteme,Komponenten,Technologien,,,,,,,Stuttgart,1114186.0,21-40
CMC Klebetechnik GmbH,https://www.cmc.de,False,Klebebänder,technische Filme,Stanzteile,,,,,,,Frankenthal,376435.0,10-15
Jokon GmbH,https://www.jokon.de,False,Beleuchtungssysteme,Leuchten,Ersatzteile,,,,,,,Bonn,711305.0,15-20
FICOSA INTERNATIONAL GmbH,http://www.ficosa.de,False,Komponenten,Systeme,,,,,,,,Wolfenbüttel,1442762.0,40-60
Dichtungstechnik Wallstabe & Schneider,https://www.wallstabe-schneider.de,False,Dichtungen,O-Ringe,Profildichtungen,Spritzgießmaschinen,Vakuum-Hydraulik-Pressen,Robotertechnologien,Spritzgießens,Pressen,Automatisierungen,Niederwinkling,11346447.0,350-600
TR Plast GmbH,https://tr-plast.de,True,Systeme,Komponenten,Baugruppen,Spritzgussmaschinen,Montagemaschinen,Veredelungsmaschinen,Spritzgießens,Montierens,Oberflächenveredelungen,Neumarkt i.d.OPf.,409743.0,10-15
IZOBLOK GmbH,https://izoblok.pl,False,Automobilindustrie,Logistiken,HLK-Systeme,Spritzgießmaschinen,CNC-Maschinen,Thermoformmaschinen,Spritzgießverfahren,CNC-Bearbeitungen,Thermoformungen,Ohrdruf,2452456.0,80-120
Neuman Aluminium Fließpresswerk GmbH,https://www.neuman.at,False,Profile,Gießungen,Extrusionen,Extrusionspressen,Gießmaschinen,Bearbeitungszentren,extrudieren,gießen,bearbeiten,Rottenburg am Neckar,2289104.0,80-120
HEWI G. Winker GmbH & Co. KG,https://hewi-group.com,False,Verschlussschrauben,Kaltfließpressteile,Muttern,Pressen,Gewindeschneidautomaten,Spritzmaschinen,Kaltmassivumformungen,Wärmebehandlungen,Spritzgießen,Spaichingen,8649179.0,200-350
Alux-Luxar GmbH & Co. KG,https://www.alux.de,False,Fahrzeugfenster,Schienen,Straßen,,,,,,,Korschenbroich,782699.0,15-20
High Precision Components Witten GmbH,https://www.hpc-automotive.de,False,Haubenbeschläge,Stützelemente,Heckklappenbeschläge,Fräsmaschinen,Prüfmaschinen,Simulationssoftwares,Designs,Prototypen,Tests,Witten,4609536.0,120-200
Oberaigner Automotive GmbH,https://www.oberaigner.com,True,Allradsysteme,Antriebssysteme,Lohnbearbeitungen,Fräsmaschinen,Drehmaschinen,Schleifmaschinen,Fräsen,Drehen,Schleifen,Laage,21692.0,No Match
L. Schaible GmbH & Co. KG,https://www.orca-grp.de,True,Zerspanungsteile,Baugruppen,Präzisionsteile,Drehmaschinen,CNC-Fräsmaschinen,Schleifmaschinen,Drehungen,Fräsungen,Schleifungen,Villingen-Schwenningen,1383949.0,40-60
ALCAR DEUTSCHLAND GMBH,https://www.alcar.de,False,Alufelgen,Stahlfelgen,RDKS,,,,,,,Siegburg,119351.0,No Match
Wethje Carbon Composites GmbH,https://www.wethje-gmbh.com,False,Bauteile,Monocoques,Karosserien,Autoklaven,RTM-Anlagen,SMC-Anlagen,Laminierungen,Härten,Injektionen,Hengersberg,1712894.0,60-80
Hagl GmbH,https://www.hagl-gmbh.de,True,Konstruktionen,Reverse-Engineering,Werkzeug- und Vorrichtungsbauten,Biegemaschinen,Lasermaschinen,CNC-Maschinen,Biegen,Laserschneiden,Schweißen,Attenkirchen,5197691.0,200-350
J.H. Ziegler GmbH,https://www.ziegler.eu,False,Kaschierungen,Unternähmaterialien,Vliesstoffe,Nadelmaschinen,Thermobonder,Extruder,Vernadelungen,Thermobondings,Extrusionen,Achern,11351147.0,350-600
ETG ELASTOMER-TECHNIK GEDERN GmbH,https://www.etggmbh.com,False,Elastomeren,Kunststoffen,Mehrkomponententeilen,Spritzgießmaschinen,Fräsmaschinen,Montagemaschinen,Spritzgießens,Fräsen,Montagen,Gedern,2573955.0,120-200
Lydall Gerhardi GmbH & Co. KG,http://www.lydall.com,False,Leistungswerkstoffe,technische Vliesstoffe,thermische akustische Lösungen,,,,,,,Meinerzhagen,10397045.0,350-600
Schweikert GmbH,https://www.schweikert-gruppe.de,True,Werkzeuge,Press- und Stanzteile,Baugruppen,Pressen,Fräsmaschinen,CNC-Bearbeitungsmaschinen,Pressen,Laserschneiden,Fräsen,Lehrensteinsfeld,467753.0,10-15
BREMSKERL REIBBELAGWERKE,https://www.bremskerl.de,False,Bremsbeläge,Scheibenbremsbeläge,Kupplungsbeläge,,,,,,,Estorf,4000452.0,120-200
FEP Fahrzeugelektrik Pirna GmbH & Co. KG,https://www.fepz.de,False,Steckverbinder,Sensoren,Schalter,Spritzgießmaschinen,Montageautomaten,Bildverarbeitungssysteme,Spritzgießens,Montagen,Oberflächenbehandlungen,Pirna,14031718.0,350-600
RMA-TSK-Kunststoffsysteme GmbH & Co KG,https://rma-tsk.de,True,Spritzgussteile,Kunststoff-Formteile,Spritzgießwerkzeuge,Spritzgussmaschinen,2K-Fertigungsmaschinen,Werkzeugbaumaschinen,Spritzgießens,2K-Fertigungen,Werkzeugbauten,Sömmerda,849572.0,15-20
Maxion Wheels Werke GmbH,https://www.maxionwheels.com,False,Leichtfahrzeugräder,Nutzfahrzeugräder,Spezialräder,,,,,,,Königswinter,13314782.0,350-600
Elektro-Metall Export GmbH,https://www.eme-in.de,False,Aktuatoren,Sensoren,Schalter,,,,,,,Ingolstadt,492147.0,10-15
Gerdes GmbH,https://www.gerdes-fenster.de/de/,False,Fenster,Türen,Schiebetüren,Spritzguss-Maschinen,Messmaschinen,Testeinrichtungen,Messens,Spritzgießens,Testens,Kerpen,423834.0,10-15
Gerdes GmbH,https://www.gerdes-fenster.de/de/,False,Fenster,Türen,Schiebetüren,Spritzguss-Maschinen,Messmaschinen,Testeinrichtungen,Messens,Spritzgießens,Testens,Lengerich,423834.0,10-15
LISI AUTOMOTIVE KKP GmbH & Co. KG,https://www.lisi-automotive.com/en/,False,Gewindeverbindungen,Geklemmte Lösungen,Sicherheitsmechanische Komponenten,,,,,,,Mellrichstadt,6926449.0,200-350
MD Elektronik GmbH,https://www.md-elektronik.com/de/,False,Kabelkonfektionen,Elektronik-Module,Sensoriken,,,,,,,Waldkraiburg,5238285.0,200-350
HELBAKO GmbH,https://helbako.com,True,Elektroniklösungen,Auftragsfertigungen,Lohnbestückungen,,,,,,,Heiligenhaus,1616939.0,60-80
PMA/TOOLS AG,https://pma-tools.de,False,SensorTacks,Montageteile,Klips,,,,,,,Willich,442580.0,10-15
smk systeme metall kunststoff,https://www.smk-systeme.de,False,Hybrid-Baugruppen,Aktuatoren,Schweißbaugruppen,Fräsmaschinen,Erodiermaschinen,Laserschneidmaschinen,Fräsen,Erodieren,Laserschneiden,Filderstadt,13057406.0,350-600
Kokinetics GmbH,https://www.kokinetics.de,False,Sitzstrukturen,Sitzmechanismen,Sitztiefenversteller,,,,Beschichtungen,Lackierungen,KTLs,Kriftel,3733193.0,120-200
AL-KO Technology Paderborn GmbH,https://www.alko-tech.com,False,Chassisse,Aufhängungskomponenten,Nivellierungssysteme,,,,,,,Paderborn,119853.0,No Match
Arkal Automotive GmbH,https://www.arkal-automotive.com,False,Lösungen,Komponenten,Dienstleistungen,Spritzgießmaschinen,Montagemaschinen,Prüfmaschinen,Spritzgießens,Montierens,Prüfens,Auengrund,8443645.0,200-350
Flex Automotive GmbH,https://flex.com,True,Automotive Manufacturing Solutions,Elektronische Lieferkettenlösungen,Flüssigkeitskühlungslösungen,Fräsmaschinen,Spritzgießmaschinen,Laserschneidmaschinen,Spritzgießens,Laserschneidens,Montagen,Filderstadt,930678.0,21-40
Palas GmbH,https://www.palas.de,False,Luftqualitätsmonitore,Filterprüfstände,Aerosolspektrometer,,,,,,,Karlsruhe,887832.0,15-20
ELDISY GmbH,https://eldisy.de,False,Dichtungssysteme,Spritzgussteile,Verbundprofile,Spritzgussanlagen,Extrusionsanlagen,Produktionsstraßen,Spritzgießens,Extrudierens,Lackierens,Gardelegen,5162453.0,200-350
KBE Elektrotechnik GmbH,https://www.kbe-elektrotechnik.com,False,Fahrzeugleitungen,Solarleitungen,Industrieleitungen,,,,,,,Berlin,1567112.0,60-80
FKT GmbH,https://www.fkt-gmbh.com,False,Beschattungen,Cargo-Management-Systeme,Windschotts,Spritzgießmaschinen,,,Spritzgießverfahren,,,Pförring,906690.0,21-40
Thun Automotive GmbH,https://www.thun-automotive.de,False,Komponenten,Systeme,Dienstleistungen,,,,,,,Gevelsberg,4246940.0,120-200
SOGEFI HD SUSPENSIONS Germany GmbH,https://www.sogefigroup.com/de/,False,Luftansaugungen,Kühlungen,Fahrwerkskomponenten,,,,,,,Hagen,12586579.0,350-600
ViGEM GmbH,https://vigem.de,False,Datenlogger,Wechselspeicher,Kopierstationen,,,,,,,Karlsruhe,97821.0,No Match
PARAVAN GmbH,https://www.paravan.de,False,Fahrzeugumbauten,Elektrorollstühle,Lenk- und Fahrhilfen,,,,,,,Pfronstetten,480076.0,10-15
Drexler Automotive GmbH,https://www.drexler-automotive.com,False,Sperrdifferenziale,Renngetriebe,Antriebswellen,,,,,,,Salzweg,2075338.0,80-120
Suroflex GmbH,https://www.suroflex.de,False,Faservliese,Verkleidungen,Isolationsmaterialien,Bindemaschinen,Formmaschinen,Verarbeitungsmaschinen,Mischungen,Formen,Verarbeitungen,Sulzbach-Rosenberg,1892386.0,80-120
FLABEG Automotive Group GmbH,https://www.flabeg.com,False,Gläser,Spiegel,Beschichtungen,Biegemaschinen,Beschichtungsanlagen,Laseranlagen,Biegen,Beschichtungen,Laserschneiden,Nürnberg,80649.0,No Match
HEPU Autoteile GmbH,https://www.hepu.de,False,Wasserpumpen,Zahnriemensätze,Steuerkettensätze,,,,,,,Kalletal,763997.0,15-20
Schmiedetechnik Plettenberg,https://www.stplettenberg.de,False,Schmiedeteile,Komponenten,Bauteile,Hammerlinien,CNC-Anlagen,Tieflochbohreinheiten,Gesenkschmieden,Ringwalzen,Wärmebehandeln,Plettenberg,10180044.0,350-600
U-Shin Deutschland GmbH,https://www.u-shin-ltd.com/en/,False,Fahrzeugausstattungen,Industrieausstattungen,Haussicherheitsausstattungen,,,,,,,Erdweg,4262435.0,120-200
AGA Zerspanungstechnik Gera GmbH,https://www.samag.de,False,,,,,,,,,,Gera,5778090.0,200-350
F. Hesterberg & Söhne GmbH & Co. KG,https://www.hestal.de,False,Verschlüsse,Scharniere,Rungen,,,,,,,Ennepetal,111523.0,No Match
Hermann Schnierle GmbH,https://schnierle.de,False,Sitzsysteme,Sicherheitsgurte,Rückhaltesysteme,,,,,,,Gersthofen,251720.0,No Match
Komax Testing Germany GmbH,https://www.t-s-k.de,False,Lösungen,Dienstleistungen,Produkte,,,,,,,Porta Westfalica,168932.0,No Match
Rollax GmbH & Co. KG,https://www.rollax.com,False,Kugellager,Bewegungssysteme,Fahrwerkskomponenten,Automaten,Prototypenbauten,Versuchslabore,Entwicklungen,Montagen,Testen,Bad Salzuflen,430254.0,10-15
Hitachi Astemo Aftermarket Germany GmbH,http://www.hueco.com,False,Automobile,Motorräder,Aufhängungen,,,,,,,Espelkamp,518124.0,10-15
müller co-ax ag,https://co-ax.com/de/,False,koaxiale Ventile,Cartridgeventile,Hochdruckventile,,,,,,,Forchtenberg,2449948.0,80-120
I.G. Bauerhin GmbH,https://www.bauerhin.com,False,Sitzheizungen,Sitzklimatisierungen,Lenkradheizungen,,,,,,,Gründau,3306145.0,120-200
ACPS Automotive GmbH,https://www.acps-automotive.com,False,Anhängevorrichtungen,Fahrradträger,Zubehör,CNC-Biegungen,Umformungen,Zerspanungen,Laserschneidens,Schweißen,Lackierens,Ingersheim,7165371.0,200-350
Steinkamp Maschinenbau,https://www.stkm.de,True,Werkzeuge,Formen,Sondermaschinen,Fräsmaschinen,Drehmaschinen,Erodiermaschinen,Fräsen,Drehen,Erodieren,Espelkamp,439443.0,10-15
Hubert Schlieckmann GmbH,https://www.schlieckmann.de,True,Automobile,Haushaltsgeräte,Bauwesen,CAD-Software,Schweißmaschinen,Oberflächenbehandlungsmaschinen,Bauten,Werkzeugherstellungen,Produktionen,Harsewinkel OT Marienfeld,457293.0,10-15
cellcentric GmbH & Co. KG,https://cellcentric.net,False,Brennstoffzellensysteme,,,,,,,,,Kirchheim unter Teck,7346085.0,200-350
STEMA Metalleichtbau GmbH,https://www.stema.de/de/,False,Anhänger,Planen,Zubehör,Stanzmaschinen,Exzenterpressen,Lackieranlagen,Stanzen,Pressen,Lackierarbeiten,Großenhain,2494731.0,80-120
Huber Automotive AG,https://www.huber-automotive.com,False,Steuergeräte,Batteriemanagementsysteme,Hybridantriebe,,,,,,,Mühlhausen im Täle,1931847.0,80-120
NAF Neunkirchener Achsenfabrik AG,https://www.nafaxles.com,False,Bogieachsen,Lenkachsen,Starrachsen,,,,,,,Neunkirchen am Brand,3519569.0,120-200
MSSC AHLE GmbH,https://www.ahle-federn.com,False,Mini-SPFs,Zuganschlagfedern,Miniblockfedern,,,,,,,Lindlar,3593132.0,120-200
ATERA GmbH,https://www.atera.de,False,Fahrradträger,Dachträger,Dachboxen,,,,,,,Leutkirch im Allgäu,113258.0,No Match
Geiger Automotive GmbH,https://www.geigerautomotive.com,False,Produkte,Lösungen,Systembauteile,,,,Spritzgießens,Fluid-Injektions-Technologien,Projektil-Injektions-Technologien,Murnau am Staffelsee,12499944.0,350-600
BRUSS Werk Brieselang GmbH & Co. KG,https://www.bruss.de,False,Dynamische Dichtungssysteme,Elastomerdichtungen,Abdeckmodule,,,,,,,Brieselang,233431.0,No Match
HMT Heldener Metalltechnik GmbH & Co. KG,https://www.hmt-automotive.com,False,Bauteile,Baugruppen,Komponenten,Stanzpressen,Laserschweißanlagen,Klebeanlagen,Stanzen,Laserschweißen,Kleben,Attendorn,4637365.0,120-200
Hanwha Advanced Materials Germany GmbH,https://www.hanwha.com,False,Lösungen,Technologien,Dienstleistungen,,,,,,,Dietfurt an der Altmühl,3063061.0,120-200
KMS Gesenkschmiede GmbH,https://www.kms-solingen.de,False,Schmiedeteile,Hebel,Verschlussteile,,,,Schmieden,Bearbeitungen,Montagen,Solingen,193675.0,No Match
Craemer GmbH,https://www.craemer.com,False,Kunststoffpaletten,Großladungsträger,Kunststoffbehälter,Spritzgießmaschinen,Pressen,Fräsmaschinen,Spritzgießens,Pressens,Fräsens,Herzebrock-Clarholz,31802336.0,350-600
G S T GmbH GERMAN SENSOR TECHNOLOGY,https://www.gst-sensor.com,False,Sensoren,Kabelapplikationen,Werkzeuge,Spritzgießmaschinen,Crimpmaschinen,Splicemaschinen,Spritzgießens,Crimpens,Splicens,Holzgerlingen,220350.0,No Match
Eisenwerk Hasenclever & Sohn GmbH,https://hasenclever.com,False,Abgaskomponenten,Gussteile,Zylinderköpfe,Gießmaschinen,Fräsmaschinen,Schleifmaschinen,Gießens,Fräsens,Schleifens,Battenberg (Eder),8800203.0,200-350
Proseat GmbH & Co. KG,https://proseat.eu,False,Formschaumteile,Trim Parts,Leichtbaukomponenten,,,,,,,Mörfelden-Walldorf,1693041.0,60-80
allsafe GmbH & Co. KG,https://www.allsafe-group.com,False,Ladungssicherungssysteme,Sicherheitsprodukte,Befestigungslösungen,,,,,,,Engen,5838454.0,200-350
Knott GmbH,https://www.knott.de,False,Bremsen,Trailer,Anhänger,,,,,,,Eggstätt,2464640.0,80-120
Trompetter Guss GmbH & Co. KG,https://www.trompetter-guss.de,False,Gussteile,Modelle,Ausbildungsplätze,Formanlagen,Induktionsöfen,Kernschießautomaten,Gießens,Qualitätskontrollen,Oberflächenbehandlungen,Bindlach,928974.0,21-40
Wagon Automotive Nagold GmbH,http://www.wagon-nagold.de,True,Körpermodule,Blechumformung,Oberflächenbeschichtung,Pressmaschinen,Formmaschinen,Beschichtungsmaschinen,Blechumformung,Fahrzeugkarosseriebau,Oberflächenbeschichtung,Nagold,74687619.0,350-600
Gates GmbH,https://www.gates.com,False,Übertragungen,Riemen,Schläuche,,,,,,,Aachen,235814.0,No Match
MHG Fahrzeugtechnik GmbH,http://www.mhg-fahrzeugtechnik.de,False,,,,,,,,,,Heubach,2614049.0,120-200
Gersfelder Metallwaren GmbH,https://www.gersfelder-metallwaren.de,True,Drehteile,Rohr- und Drahtbiegeteile,Schweißbaugruppen,CNC-Fräsmaschinen,CNC-Drehmaschinen,CNC-Schleifmaschinen,Zerspanungen,Umformungen,Schweißungen,Gersfeld (Rhön),1928191.0,80-120
INNO FRICTION GmbH,https://www.innofriction.com,False,Reibbeläge,Gleitlager,Schwingungsdämpfer,Prüfeinrichtungen,Mischanlagen,Formgebungsmaschinen,Prüfungen,Mischungen,Formen,Hamm (Sieg),5988981.0,200-350
Happich GmbH,https://www.happich.de/de/,False,Systeme,Komponenten,Technologien,Spritzgussmaschinen,Formenbaumaschinen,Prüfmaschinen,Spritzgießens,Montagen,Oberflächenbehandlungen,Wuppertal,332099.0,10-15
Feintool System Parts Obertshausen GmbH,https://www.feintool.com,False,Komponenten,Systeme,Werkzeuge,Pressen,Stanzungen,Formungen,Feinblechbearbeitungen,Formungen,Elektrolaminierungen,Obertshausen,8994401.0,200-350
IMR Deutschland GmbH,http://www.imr-industries.com,False,Komponenten,Systeme,Lösungen,,,,Stampaggi,Post-Stampaggi,Logistiken,Peine,2759188.0,120-200
Lemförder Electronic GmbH,https://www.lemfoerder-electronic.com,False,Technologien,Produkte,Aftermarket,,,,,,,Espelkamp,4646958.0,120-200
PE Automotive GmbH & Co. KG,http://www.original-pe.com,False,Ersatzteile,Spezialerzeugnisse,Fahrzeugelektriken,,,,,,,Wuppertal,55735.0,No Match
KOKI TECHNIK,https://www.kokitransmission.com,False,Schaltsysteme,Getriebe,Bauteile,Spritzgussmaschinen,Prüfmaschinen,Testmaschinen,Spritzgießens,Prüfungen,Testen,Niederwürschnitz,12303495.0,350-600
Molex CVS Dabendorf GmbH,https://www.molex.com,False,Verbinder,Kabelbaugruppen,Antennen,,,,,,,Zossen,9643447.0,200-350
Dr. Freist Automotive GmbH,https://www.dfa-gmbh.com,False,Entdröhnfolien,Hybridmaterialien,Versteifungsfolien,Mischer,Kalander,Knetanlagen,Mischungen,Kalandrierungen,Kneten,Goslar,9824340.0,200-350
SCHROTH Safety Products GmbH,https://www.schroth.com/de/,False,Gurtsysteme,Rückhaltesysteme,Sicherheitslösungen,,,,,,,Arnsberg,358174.0,10-15
REBO Lighting & Electronics GmbH,https://www.rebo-group.de,False,Beleuchtungssysteme,Beleuchtungstechnologien,Automobilbeleuchtungen,Fräsmaschinen,Lasermarkiermaschinen,Spritzgießmaschinen,Fräsen,Lasermarkierungen,Spritzgießungen,Eisenach,9577946.0,200-350
Litens Automotive GmbH & Co. KG,https://litens.com,False,Technologien,Lösungen,Dienstleistungen,,,,,,,Gelnhausen,7074689.0,200-350
DENSO AUTOMOTIVE Deutschland GmbH,https://www.denso-am.eu/de/,False,Autoteile,Diesel Komponenten,Filter,,,,,,,Eching,7563534.0,200-350
Jifeng Automotive Interior GmbH,https://jifeng-automotive.com,False,Kopfstützen,Mittelarmlehnen,Automobil-Innenraumkomponenten,,,,,,,Kitzingen,215938.0,No Match
Langen CNC Metalltechnik GmbH & Co. KG,https://langen-cnc.de,True,Spezialanfertigungen,Lasertechniken,Umformungen,Lasermaschinen,Biegen,Schweißmaschinen,Laserschneiden,Biegen,Schweißen,Hilkenbrook,305124.0,10-15
Magna Car Top Systems GmbH,https://www.magna.com,False,Automobile,Komponenten,Systeme,,,,,,,Bietigheim-Bissingen,348428.0,10-15
Erich Jaeger GmbH + Co. KG,https://www.erich-jaeger.com/de/,False,Verbindungssysteme,Elektrosätze,Steckverbinder,,,,,,,Friedberg (Hessen),21948.0,No Match
Meleghy Automotive GmbH & Co. KG,http://meleghyautomotive.de,False,Automobilkomponenten,Blechbaugruppen,Fahrwerkskomponenten,Pressen,Fügeanlagen,KTL-Anlagen,Umformtechniken,Fügetechniken,Beschichtungen,Wilnsdorf,9509234.0,200-350
GEDIA Gebrüder Dingerkus GmbH,https://www.gedia.com,False,Baugruppen,Komponenten,Funktionselemente,Fräsmaschinen,Erodiermaschinen,Laserschneidmaschinen,Fräsen,Erodieren,Laserschneiden,Attendorn,25090867.0,350-600
Walther Flender GmbH,https://www.walther-flender.de/de/,False,Zahnriemenantriebe,SKID Tragrollen,Getriebemotoren,,,,,,,Düsseldorf,2925862.0,120-200
ModellTechnik Rapid Prototyping GmbH,https://www.modelltechnik.de,True,Prototypen,Modelle,Werkzeuge,Fräsmaschinen,Laminiermaschinen,Spritzgießmaschinen,Fräsen,Laminieren,Spritzgießen,Waltershausen,3020655.0,120-200
NIFCO Germany GmbH,https://www.nifco.de,False,Ablagefächer,Aschenbecher,Dachkonsolen,,,,,,,Weißenburg in Bayern,12356102.0,350-600
ESKA Automotive GmbH,https://eska.net/de/,False,Verbindungselemente,Kaltformteile,hochfeste Aluminiumschrauben,Mehrstufenpressen,Wärmebehandlungslinien,CNC-gesteuerte Automaten,Kaltmassivumformungen,Wärmebehandlungen,Mechanische Bearbeitungen,Chemnitz,10416886.0,350-600
Karosseriewerke Dresden GmbH,https://www.kwdag.com,True,Karosserieeinzelteile,Karosseriebaugruppen,Schweisszusammenbauten,Pressen,Fräsmaschinen,Schweißmaschinen,Pressen,Fräsen,Schweißen,Radeberg,10922067.0,350-600
MFT Motoren und Fahrzeugtechnik GmbH,https://mft-cunewalde.de,False,Wellenbearbeitungen,Ausgleichswellen,Prismatische Bauteile,Fräsmaschinen,Schleifmaschinen,CNC-Drehmaschinen,Drehungen,Fräsungen,Schleifungen,Cunewalde,7451781.0,200-350
Sedlmayer GmbH,https://www.sedlmayer-gmbh.de,True,Fahrwerksteile,Motorenteile,Modulmontagen,CNC-Bearbeitungszentren,Drehmaschinen,Koordinatenmessmaschinen,CNC-Bearbeitungen,Modulmontagen,Qualitätssicherungen,Triptis,7334540.0,200-350
Hörauf & Kohler GmbH,https://www.hoeko.com,False,Spritzgussteile,Oberflächen,High-End-Baugruppen,Spritzgießmaschinen,Formenbaumaschinen,Montagemaschinen,Spritzgießens,Formenbauten,Montagen,Augsburg,139377.0,No Match
Frauenthal Airtank Elterlein GmbH,https://www.frauenthal-automotive.com,False,Komponenten,Druckluftbehälter,Metallkomponenten,Pressen,Schweißmaschinen,Automatikpressen,Pressen,Schweißprozesse,Automatikpressen,Elterlein,5046490.0,200-350
Autoneum Germany GmbH,https://www.autoneum.com,False,Komponenten,Module,Systeme,,,,,,,Roßdorf,9589304.0,200-350
Global Safety Textiles GmbH,https://www.global-safety-textiles.com,False,Airbags,Airbaggewebe,Technische Textilien,Webmaschinen,Beschichtungsmaschinen,Konfektionsmaschinen,Weben,Beschichtungen,Konfektionierungen,Maulburg,1083971.0,21-40
Jörg Vogelsang GmbH & Co. KG,https://www.m-v-group.com,False,Spannstifte,Spannbuchsen,Spiralspannstifte,,,,Roll-Biege-Verfahren,Walzprozesse,Roll-Biege-Verfahren,Hagen,4322601.0,120-200
Adient Metal Forming Technologies GmbH,https://www.adient.com,False,Sitze,Komponenten,Systeme,CNCs,Pressen,Schweißgeräte,Fertigung,Ingenieurwesen,Design,Solingen,254203.0,No Match
Bergmann Automotive GmbH,https://www.bergmann-automotive.de,False,Rillenbuchsen,Strukturbuchsen,Einpressbuchsen,Transfermaschinen,Fertigungszellen,Gießkarusselle,Gießens,Bearbeitungen,Qualitätsmanagements,Barsinghausen,6583647.0,200-350
Gestamp Griwe Westerburg GmbH,https://www.griwe.de/de/,False,,,,,,,,,,Westerburg,16537388.0,350-600
Hör Technologie GmbH,https://www.hoer-technologie.de,True,Präzisionsteile,Prototypen,Lösungen,Fräsmaschinen,Erodiermaschinen,Schleifmaschinen,Entwicklungen,Konstruktionen,Fertigungen,Weiden in der Oberpfalz,4404144.0,120-200
ETM Engineering,https://www.etm-international.de,False,Bauteile,Systeme,Motorbeatmungsteile,Spritzgießmaschinen,Extruder,Blastechnikmaschinen,Spritzgießverfahren,Extrudieren,Blasformen,Saalburg-Ebersdorf,8772267.0,200-350
FEW Fahrzeugelektrik Werk GmbH & Co. KG,https://few-group.com/de/,False,Lötanschlüsse,Lötgeräte,Stanzteile,Lötmaschinen,Stanzmaschinen,Prüfmaschinen,Löten,Stanzen,Prüfen,Zwenkau,958737.0,21-40
Oetiker Deutschland GmbH,https://www.oetiker.com,False,Klemmen,Ringe,Riemen,,,,,,,Endingen am Kaiserstuhl,2962098.0,120-200
DMB Metallverarbeitung GmbH,https://dmb-metallverarbeitung.de,True,Baugruppen,Metallformteile,Sicherheitsteile,Schweißroboter,Buckelschweißmaschinen,Rundtische,Schweißprozesse,Konstruktionen,Werkzeugbauten,Grünhain-Beierfeld,1682043.0,60-80
EMS Elektromechanische,https://www.ems-sensor.de,False,Mikroschalter,Sicherheitsschalter,Sensoren & Baugruppen,,,,,,,Bösel,1040910.0,21-40
Martin Stanz- und Umformtechnik GmbH,https://www.martin-metall.de,True,Stanz- und Umformteile,Karosserie- und Strukturteile,Baugruppen,Pressen,Schweiß- und Fügeanlagen,,Stanzen,Umformen,Schweißen,Parsberg,228508.0,No Match
Gebr. Binder GmbH Metallwarenfabrik,https://www.gebr-binder.de,True,Umformteile,Baugruppen,Laserteile,Pressen,Lasermaschinen,Stanzmaschinen,Umformtechniken,Blechbearbeitungen,Laserschneiden,Neenstetten,6376735.0,200-350
RUPF ATG Casting GmbH,http://www.rupf-atg.de,False,Komponenten,Module,Druckgussprodukte,Druckgussmaschinen,Bearbeitungsmaschinen,Montagemaschinen,Gießens,Bearbeitungen,Montagen,Bretten,1204858.0,40-60
BAP Boysen Abgassysteme Plauen GmbH Co. & KG,https://www.boysen-online.de,False,Abgasanlagen,Batteriegehäuse,Wasserstoff-Tanksysteme,Fräsmaschinen,Laserschneidmaschinen,Montagemaschinen,Fräsen,Laserschneiden,Montagen,Plauen,13133943.0,350-600
Grüner Systemtechnik GmbH & Co. KG,https://gruener-systemtechnik.de,True,Automobilteile,Aluminiumgussteile,Magnesiumgussteile,Bearbeitungszentren,Werkzeugmaschinen,Montageanlagen,Fräsen,Montierungen,Bearbeitungen,Bad Überkingen,21623856.0,350-600
SKF ECONOMOS Deutschland GmbH,https://dichtungen-stuttgart.com,True,Dichtungen,Hydraulikzylinder,Bauteile,CNC-Maschinen,Wasserstrahlschneidemaschinen,Spritzgießmaschinen,CNC-Drehen,Wasserstrahlschneiden,Spritzgießen,Bietigheim-Bissingen,942568.0,21-40
Bharat Forge Aluminiumtechnik GmbH,https://www.bf-at.de/de/,False,,,,,,,,,,Brand-Erbisdorf,46384349.0,350-600
Melexis GmbH,https://www.melexis.com,False,Sensor-ICs,Driver-ICs,Transceiver-ICs,,,,,,,Erfurt,9065586.0,200-350
Ortrander Eisenhütte GmbH,https://www.ortrander.de,False,Einlaufroste,Gussteile,Automotive-Komponenten,Schmelzöfen,Kräne,Gabelstapler,Gießens,Montagen,Oberflächenbehandlungen,Ortrand,4365284.0,120-200
August Storm GmbH & Co. KG,https://www.a-storm.com,False,Motoren,Komponenten,Ersatzteile,Mechanische Bearbeitungen,Kompressorsysteme,Motorersatzteile,Mechanische Bearbeitungen,Kompressorsysteme,Motorersatzteile,Spelle,1232680.0,40-60
Eissmann Automotive Deutschland GmbH,https://www.eissmann.com,False,Verkleidungssysteme,Bedienmodule,Interieur-Module,,,,,,,Bad Urach,591317.0,10-15
Bäringhaus & Hunger GmbH,https://www.baeringhaus-hunger.de,False,Drehteile,Grobzerspanungsteile,Aluminiumfrästeile,Fräsmaschinen,Drehmaschinen,Schleifmaschinen,Fräsen,Drehen,Schleifen,Grünhainichen,2452431.0,80-120
Federal-Mogul Bremsbelag GmbH,https://www.drivparts.com,False,Automobilteile,Ersatzteile,Originalteile,,,,,,,Glinde,13374068.0,350-600
ETO MAGNETIC GmbH,https://www.etogruppe.com,False,Antriebskomponenten,Sensoren,Elektroniken,,,,,,,Stockach,22662358.0,350-600
C+M Utescheny Spritzgießtechnik GmbH,http://www.utescheny.de,False,Werkzeuge,Formen,Kunststoffteile,Spritzgießmaschinen,Werkzeugmaschinen,Montagemaschinen,Spritzgießens,Montagen,Qualitätsmanagements,Zaisenhausen,2406084.0,80-120
Minda Schenk Plastic Solutions GmbH,http://www.schenk-ps.de,False,,,,,,,,,,Köngen,4018056.0,120-200
BFG Feinguss GmbH,http://www.bfg-feinguss.de,True,Feingussteile,Edelstahlgussteile,Prototyping-Lösungen,Gießmaschinen,Bearbeitungsmaschinen,Schleifmaschinen,Gießens,Fertigbearbeitungen,Oberflächenbehandlungen,Moers,540384.0,10-15
XBond GmbH & Co. KG,https://raeckers.de,False,,,,,,,,,,Ahaus,755529.0,15-20
Sika Automotive Frankfurt-Worms GmbH,https://www.sika.com,False,Klebstoffe,Dichtstoffe,Bauchemikalien,,,,,,,Worms,8442741.0,200-350
Brembo SGL Carbon Ceramic Brakes GmbH,https://www.carbonceramicbrakes.com/de/,False,Bremsen,Bremsscheiben,Bremsbeläge,,,,,,,Meitingen,28214726.0,350-600
Ravensberger Schmierstoffvertrieb GmbH,https://www.ravenol.de,False,Motorenöle,Getriebeöle,Hydrauliköle,,,,,,,Werther (Westfalen),731645.0,15-20
AET - Auto-Ersatzteile-Großhandel GmbH,https://www.aet-auto.de,False,Autoersatzteile,Akkus,Batterien,,,,,,,Reutlingen,30283.0,No Match
helag-electronic GmbH,https://www.helag-electronic.de,False,Schalter,Sensoren,Steuergeräte,Spritzgießmaschinen,Montageanlagen,Prüfgeräte,Spritzgüsse,Montagen,Endmontagen,Nagold,2585987.0,120-200
JOPP Holding GmbH,https://www.jopp.com,False,Mechatronik,Innenlösungen,Schmierstoffsysteme,Drehmaschinen,Sinterpressen,Spritzgießmaschinen,Drehen,Sintern,Spritzgießen,Bad Neustadt an der Saale,45932.0,No Match
KW automotive GmbH,https://www.kwsuspensions.de,False,Gewindefahrwerke,Rennsportfahrwerke,Höhenverstellbare Federsätze,,,,,,,Fichtenberg,2706330.0,120-200
Musashi Bad Sobernheim GmbH & Co. KG,https://www.boc.de.musashi-group.com,False,Zwischenwellen,Zwischenräder,Parksperrenräder,Radial-Ringwalzen,Matrix-Ringwalzen,Axial-Gesenkwalzen,Wärmebehandlungen,Warmumformungen,Transferschmiedepressen,Bad Sobernheim,21185379.0,350-600
Trucktec Automotive GmbH,https://www.trucktec.de,False,Ersatzteile,Zubehör,Automobilteile,,,,,,,St. Ingbert,118607.0,No Match
Diewe Wheels GmbH,https://www.diewe-wheels.de,False,Leichtmetallfelgen,Alukompletträder,Alufelgen,,,,,,,Kissing,200948.0,No Match
Alutrim Europe GmbH,http://www.alutrim.de,False,dekorativen Aluminiumoberflächen,Metallverkleidungen,hochwertige Innenräume,,,,Schnitte,Laserschneidungen,Wasserstrahlschneidungen,Kyritz,3132156.0,120-200
COEXAL GmbH,https://coexal.de,False,Fließpressteile,Tiefziehteile,Stanzteile,Kniehebelpressen,hydraulische Pressen,Stufenpressen,Fließpressen,Tiefziehverfahren,Stanzen,Georgenthal OT Schönau vor dem Walde,2690141.0,120-200
Umformtechnik Crimmitschau GmbH,http://www.utc-metall.de,False,Komponenten,Motorgehäuse,Rotor- und Statorbleche,Stanzautomaten,CNC-Biegen,Laserbeschnitte,Stanzen,Biegen,Laserschneiden,Crimmitschau,2481939.0,80-120
Guardian Flachglas GmbH,https://www.guardianglass.com/us/,False,Brillen,Glasbeschichtungen,Glaslösungen,,,,,,,Bitterfeld-Wolfen,42991541.0,350-600
Kunststoff Helmbrechts AG,https://www.kh.de,False,Automotive: Automobilindustrie,Medical: Medizin,Industry: Industrien,Spritzgießverfahren,Oberflächentechnologien,Montagen,Spritzgießverfahren,Oberflächenbehandlungen,Montagen,Helmbrechts,3574541.0,120-200
Rhodius GmbH,https://www.rhodius.com,False,gestrickte Maschen,gepresste Teile,elektromagnetische Abschirmungen,,,,,,,Weißenburg in Bayern,6418794.0,200-350
Weber GmbH & Co. KG,https://www.weber-group.com,False,Kunststofflösungen,Dichtungsmassen,Spritzgusslösungen,Spritzgießmaschinen,Extrusionsmaschinen,Spritzgusswerkzeuge,Spritzgießverfahren,Extrudieren,Tiefziehen,Dillenburg,3533965.0,120-200
iwis smart connect GmbH,https://smartconnect.iwis.com,False,Kontaktsysteme,Sensortechnologien,Steckverbinder,,,,,,,Rieden am Forggensee,8843442.0,200-350
P.C.S. Precision Works Germany GmbH,http://www.pcsgh.com,False,Motorenteile,Getriebeenteile,Endantriebsteile,Fräsmaschinen,Gießmaschinen,Schneidmaschinen,Fräsen,Gießens,Schneidens,Cunewalde,1746543.0,60-80
Hewa Leder GmbH,https://hewa-leder.com,False,Leder,Alternativmaterialien,Premiummaterialien,,,,,,,Rehau,3241306.0,120-200
HS-Schoch GmbH,https://www.hs-schoch.de,True,Staukastensysteme,Truckstylings,Systeme+,Fräsmaschinen,Laseranlagen,Abkantpressen,Fräsen,Laserschneiden,Abkanten,Lauchheim,2846946.0,120-200
Thule GmbH,https://www.thule.com,False,Fahrradträger,Dachträger,Gepäckboxen,,,,,,,Neumarkt i.d.OPf.,3216928.0,120-200
CP Tech GmbH,https://www.cp-tech.com/de/,True,Komponentenfertigung,Karosserie,,Fräsmaschinen,Laserschneidmaschinen,Schweißmaschinen,Fräsen,Laserschneiden,Schweißen,Büren,1002718.0,21-40
Innomotive Systems Hainichen GmbH,https://www.ish-automotive.de,False,Scharnieren,Modularen Scharnieren,Türfeststellern,NC Maschinen,Drahterodiermaschinen,Prüfgeräte,CAD-Modelle,Virtuelle Tests,Qualitätskontrollen,Hainichen,18160274.0,350-600
Henniges Automotive GmbH & Co. KG,https://ruester-gmbh.de,False,,,,,,,,,,Rehburg-Loccum,15342984.0,350-600
Polymer-Technik Elbe GmbH,https://www.polymertechnik.com,False,Verbindungen,Gummiverbindungen,Sonderanwendungen,,,,,,,Lutherstadt Wittenberg,11517831.0,350-600
Yanfeng International Automotive,https://www.yanfeng.com,False,Innenräume,Sitzgelegenheiten,Sicherheitssysteme,,,,,,,Neuss,1610444.0,60-80
Franz Kiel GmbH,https://kiel-seating.com,False,Bussitze,Bahnsitze,Sondersitze,Laseranlagen,Metallbaumaschinen,Polstermaschinen,Laserschneidens,Metallbauten,Polstern,Nördlingen,264998.0,No Match
NTN Antriebstechnik GmbH,https://ntn-at.de,False,Seitenwellen,Komponenten,Festgelenke,CNC-Werkzeugmaschinen,Drehmaschinen,Fräsmaschinen,CNC-Bearbeitungen,Drehen,Fräsen,Gardelegen,16355856.0,350-600
Werner Gießler GmbH,https://www.werner-giessler.de,True,Drehteile,Frästeile,Oberflächenbearbeitungen,CNC-Drehmaschinen,CNC-Fräsmaschinen,Schleifmaschinen,Drehungen,Fräsungen,Schleifungen,Elzach,3253216.0,120-200
Wilhelm Kächele GmbH,https://www.w-kaechele.de,False,Gummiteile,Gummi-Verbund-Teile,Automotive-Komponenten,,,,,,,Weilheim an der Teck,9903502.0,200-350
ROWA Friedrich Rothmund GmbH & Co. KG,https://www.rowa-aalen.de,False,Nadelfilze,Filtervliese,Wärme- und Schalldämmungsvliese,,,,Vernadelungen,Thermobondings,Kaschierungen,Aalen,679336.0,10-15
Hanns Glass GmbH & Co. KG,http://www.hanns-glass.com,False,Automatten,Kofferraummatten,Befestigungssysteme,,,,,,,Meuselwitz,2361786.0,80-120
WALOR Vöhrenbach GmbH,https://walor.com/de/,True,Automobilteile,Sicherheitskomponenten,Schmiedeteile,Drehmaschinen,Zerspanungsmaschinen,Präzisionspressen,Drehungen,Zerspanungen,Schmiedungen,Vöhrenbach,4178672.0,120-200
Gubesch GmbH,https://www.gubesch-group.de,True,Spritzgussverfahren,Thermoformen,Werkzeug- und Prototypenbau,Spritzgießmaschinen,Tiefziehmaschinen,Werkzeugmaschinen,Spritzgießens,Thermoformens,Werkzeugbauten,Wilhelmsdorf,331808.0,10-15
Maincor Rohrsysteme GmbH & Co. KG,https://maincor.de,False,Kunststoffrohre,Rohrsysteme,Komponenten,Extrusionsmaschinen,Thermoverformungsmaschinen,Montagemaschinen,Extrusionen,Thermoverformungen,Montagen,Schweinfurt,9818372.0,200-350
IHI Charging Systems International GmbH,https://www.ihi-csi.de,False,Turbolader,Aufladesysteme,Komponenten,,,,,,,Amt Wachsenburg OT Ichtershausen,2364307.0,80-120
JOYSONQUIN Automotive Systems GmbH,https://www.joysonquin.com,False,Dekorative Verzierungen,Funktionale Komponenten,Energiemanagementsysteme,,,,,,,Rutesheim,3993417.0,120-200
Finow Automotive GmbH,https://www.finowautomotive.de,True,Fahrwerksbauteile,Strukturbauteile,Rohrbauteile,Laserschneidemaschinen,Biegemaschinen,Schweißmaschinen,Laserschneiden,Biegen,Schweißen,Eberswalde,5989513.0,200-350
Neapco Europe GmbH,https://neapco.com,False,Propellerwellen,Halbwellen,Differentiale,,,,,,,Düren,20091674.0,350-600
Auto Heinen GmbH,http://www.autoheinen.de,False,,,,,,,,,,Bad Münstereifel,4958273.0,120-200
Valeo Thermal Commercial Vehicles,https://www.valeo-thermalbus.com,False,Klimaanlagen,Heizungen,Pumpen,,,,,,,Gilching,862867.0,15-20
Novares Löhne GmbH,https://www.novaresteam.com,False,Komponenten,Systeme,Lösungen,Spritzgießmaschinen,Laserschneidmaschinen,Wasserstrahlschneidmaschinen,Spritzgießens,Laserschneidens,Wasserstrahlschneidens,Löhne,2666450.0,120-200
Optibelt GmbH,https://www.optibelt.com/de/,False,Keilriemen,Zahnriemen,Antriebsriemen,,,,,,,Höxter,201799.0,No Match
Metallwerk Biebighäuser GmbH,https://www.biebighauser.de,False,medienführende Leitungen,Bauteile,Komponenten,CNC-Rohrbiegezentren,Schweißanlagen,Feinstanzmaschinen,Rohrumformungen,Schweißtechniken,Feinstanzen,Leverkusen,2158988.0,80-120
Ruhrtaler Gesenkschmiede,https://www.ruhrtaler.de,False,Kranbauten,Fahrzeugbauten,Bahntechnologien,,,,,,,Witten,2574613.0,120-200
Megatech Industries Deutschland GmbH,https://www.megatech-industries.com/de/,False,,,,,,,,,,Feldkirchen,4601404.0,120-200
P. C. Turck,https://pcturck.de/de/,False,Stahlhebel,Klettbänder mit Ringen,Clips 416,,,,,,,Lüdenscheid,2397340.0,80-120
Groß Präzisionsdrehteile GmbH,https://www.gross-drehteile.de,True,Drehteile,Räder,Wellen,CNC-Drehzentren,,,Drehungen,,,Böhmenkirch,1684336.0,60-80
Kurt Erxleben GmbH & Co. KG,https://erxleben.biz,False,Blechteile,Geschweißte Teile,Bearbeitete Teile,Hydraulikpressen,Lasersysteme,Fräsmaschinen,Stanzen,Formen,Schweißen,Wildeshausen,52276.0,No Match
Ascorium GmbH,https://ascorium.com,False,Polyurethanoberflächen,CompoLite®,Colo-Sense® X-Lite,,,,,,,Königswinter,809379.0,15-20
TuP GmbH,http://www.tup-gmbh.de,True,Nähtechnologien,Polsterarbeiten,Kaschiersysteme,Stanzen,Cutteranlagen,Bandstanzanlagen,Stanzen,Nähen,Kaschieren,Markneukirchen,391586.0,10-15
NOFFZ Technologies GmbH,https://noffz.com,False,Testsysteme,Automatisierungssysteme,Komponenten,,,,,,,Tönisvorst,67698.0,No Match
WAFA Germany GmbH,https://www.demmel.de,False,Stanzteile,Zierteile,,,,,,,,Augsburg,2093769.0,80-120
SEEGER ORBIS GmbH,https://www.seeger-orbis.de,False,Sicherungsringe,Sprengringe,Scheiben,,,,,,,Königstein im Taunus,5136612.0,200-350
ABT Sportsline GmbH,https://www.abt-sportsline.de,False,Tuning,Sondereditionen,Modelle,,,,,,,Kempten (Allgäu),221715.0,No Match
VCST Reichenbach GmbH,https://bmt.be,False,Motorzahnräder,Getriebezahnräder,Compoundzahnräder,,,,Laserstrahlschweißen,CNC-Techniken,Elektrolysepolierungen,Reichenbach im Vogtland OT Mylau,459457.0,10-15
FEMEG Feinmechanik + Gerätebau,https://www.femeg.com,False,Armaturen,Wasserzähler,Schwerpunktkomponenten,CNC-Maschinen,,,Zerspanungstechniken,,,Kirchheimbolanden,2185379.0,80-120
OBD Precision GmbH,https://www.obd-precision.de,False,,,,,,,,,,Gaildorf,4666481.0,120-200
VOIT Automotive GmbH,https://voit.de,False,Komponenten,Lösungen,Technologien,Druckgussmaschinen,Umformmaschinen,Werkzeugmaschinen,Gießens,Umformens,Montierens,St. Ingbert,39325970.0,350-600
FELSOMAT GmbH & Co. KG,https://www.felsomat.de,False,Werkzeugmaschinen,Elektromotoren,Automationssysteme,Drehmaschinen,Fräsmaschinen,Schleifmaschinen,Drehungen,Fräsungen,Schleifungen,Königsbach-Stein,1654511.0,60-80
Antolin Straubing GmbH,https://www.antolin-straubing.de,False,Instrumententafeln,Handschuhfächer,Mittelkonsolen,Spritzgussmaschinen,Schneidmaschinen,Schweißmaschinen,Spritzgießens,Stanzens,Schweißens,Straubing,9136535.0,200-350
Dieter Braun GmbH,https://kabelkonfektion.com,True,Kabelkonfektionen,Beleuchtungstechniken,Gesamtsysteme,,,,Crimp Techniken,Seal Bestückungen,Schneid Klemmtechniken,Bayreuth,494335.0,10-15
SchmitterGroup GmbH,https://www.schmittergroup.de/de/,True,Rohrleitungen,Kraftstoffleitungen,Bauteile,Fräsmaschinen,Bohrmaschinen,Schneidmaschinen,Fräsen,Bohren,Schneiden,Thüngen,2081513.0,80-120
Karl Etzel GmbH,https://www.karletzel-gmbh.de,False,,,,,,,,,,Mühlacker,6978787.0,200-350
Westfalia-Automotive GmbH,https://www.westfalia-automotive.com,False,Anhängerkupplungen,Kabelsätze,Fahrradträger,,,,,,,Rheda-Wiedenbrück,5567305.0,200-350
Hammerwerk Fridingen GmbH,https://www.hammerwerk.de,True,Ingenieuren,Metallumformungstechnologien,Fertigungstechnologien,CNC-Maschinen,Kuka-Roboter,,Bearbeitungen,Metallumformungen,Ingenieuren,Fridingen an der Donau,2926800.0,120-200
Gummi- u. Kunststoffwerk G. Schönek,https://www.schoenek.de,False,Fußmatten,Kofferraummatten,Schmutzfänger,Gummipressen,Spritzgussmaschinen,TPE-Verarbeitungsmaschinen,Spritzgießverfahren,Extrudierverfahren,Tiefziehverfahren,Nittenau,1117940.0,21-40
Prinz & Co. GmbH Stahlrohre,http://www.prinz-stahlrohre.de,False,Präzisionsstahlrohre,,,,,,Präzisionsfertigungen,Qualitätskontrollen,Produktentwicklungen,Wickede (Ruhr),1385376.0,40-60
Batal Präzisionswellen GmbH,http://www.batal.de,False,Achsen,Wellen,Ventilnadeln,Schleifmaschinen,Wärmebehandlungsanlagen,Kühlanlagen,Schleifen,Wärmebehandlungen,Kühlungen,Lauf an der Pegnitz,4509328.0,120-200
Sand Profile GmbH,https://www.sandprofile.de,False,Profile,Dichtungssysteme,Kantenschutze,,,,,,,Stockstadt am Main,348187.0,10-15
Franken Guss GmbH & Co. KG,https://www.frankenguss.de/de/,False,Eisengüsse,Aluminiumgüsse,additive Fertigungen,Fräsmaschinen,Erodiermaschinen,Laserschneidmaschinen,Gießens,Schleifens,Montagen,Kitzingen,7640035.0,200-350
Walter Automobiltechnik GmbH,https://www.wat-berlin.de,True,Metall- und Schweißbaugruppen,Rohrbearbeitungen,CNC-Bearbeitungen,Laserschneidmaschinen,CNC-Biegemaschinen,Roboterschweißanlagen,Laserschneiden,Biegetechniken,Schweißverfahren,Berlin,11581611.0,350-600
OKE Group GmbH,https://www.oke-group.com/de/,True,Kunststoffbauteile,Hybridbauteile,Baugruppen,Spritzgussmaschinen,Extrusionsmaschinen,CNC-Bearbeitungsmaschinen,Spritzgießverfahren,Extrudieren,CNC-Bearbeitungen,Hörstel,63397.0,No Match
Läpple Automotive GmbH,https://www.laepple-automotive.de,True,Pressteile,Karosseriemodule,Ersatzteile,Pressen,Transferpressen,Tandemlinien,Pressen,Schneiden,Fügen,Teublitz,72698248.0,350-600
Schürholz GmbH & Co. KG Stanztechnik,https://www.schuerholz-group.com,True,Präzisionsteile,Baugruppen,Komponenten,Stanzautomaten,Stanzbiegeautomaten,CNC-Biegemaschinen,Stanzen,Biegen,Laserschneiden,Plettenberg,5715400.0,200-350
Stöferle GmbH,https://stoeferle-gmbh.com,True,Gehäuse,Kurbelgehäuseunterteile,Ölwannen,Bearbeitungsmaschinen,Waschanlagen,Montagemaschinen,Bearbeitungen,Montagen,Qualitätskontrollen,Laupheim,7744603.0,200-350
Carl Wilhelm Cleff GmbH & Co. KG,https://www.cleff-wpt.de,False,Fahrzeugfenster,Fahrzeugtüren,Ersatzteile,,,,Schweißverfahren,Klebeverfahren,Oberflächenbehandlungen,Wuppertal,353988.0,10-15
Alfred Heyd GmbH u. Co. KG,http://www.heyd-parts.de,False,Fahrwerksteile,Verbindungselemente,Antriebselemente,,,,,,,Bietigheim-Bissingen,2249190.0,80-120
IDH Anlagenbau und Montage GmbH,https://www.idh-glauchau.com/de/,True,Anlagen,Montagelinien,Fördertechniken,Fräsmaschinen,Schweißmaschinen,Roboter,Fräsen,Schweißen,Montagen,Glauchau,616367.0,10-15
ELEKTRA GmbH,https://www.elektra-schalkau.de,True,Baugruppen,Kunststoffteile,Spritzgussteile,Spritzgießanlagen,Montagetransferlinien,Lackieranlagen,Spritzgießens,Montagen,Lackierungen,Schalkau,4140903.0,120-200
AVO Carbon Germany GmbH,https://www.avocarbon.com,False,Bürsten,Baugruppen,Dichtungen,,,,,,,Frankfurt am Main,3421298.0,120-200
Siebenhaar Antriebstechnik GmbH,https://www.siebenhaar-antriebstechnik.com,False,Getriebe,Seilwinden,Drehwerke,Fräsmaschinen,Drehmaschinen,Bohrmaschinen,Fräsen,Drehen,Bohren,Hofgeismar,3210534.0,120-200
Kauth Finnentrop GmbH & Co KG,https://www.kauth.de,False,Achsbefestigungen,Sitzbefestigungen,Gewindeplatten,Stanzmaschinen,Tubenziehmaschinen,Montagetechniken,Stanzen,Tubenziehen,Fügen & Montagetechnik,Finnentrop,3795190.0,120-200
MT Technologies GmbH,http://www.misslbeck.de,False,,,,,,,,,,Ingolstadt,4745608.0,120-200
Böckmann Fahrzeugwerke GmbH,https://www.boeckmann.com/de/,False,Anhänger,Pferdeanhänger,Pferdetransporter,,,,,,,Lastrup,2182644.0,80-120
Snop Automotive Cologne GmbH,https://jobs.snop.eu,False,Stanzteile,Teile,Baugruppen,stempeln,pressen,formen,stempeln,formen,montieren,Köln,22799.0,No Match
Cotarko GmbH,https://cotarko.de,True,Zahnräder,Ringe,Getriebeachsen,Schmiedemaschinen,Bearbeitungszentren,Wärmebehandlungsöfen,Schmiedearbeiten,Wärmebehandlungen,Bearbeitungen,Köln,18839547.0,350-600
Sensata Technologies GmbH,https://www.sensata.com,False,Sensoren,Elektrische Schutzkomponenten,Sensorreiche Lösungen,,,,,,,Berlin,310582.0,10-15
