Sektor,Oberkategorie,Kategorie,Account Name,Strasse,PLZ,Ort,Telefon,Account Website,Gruppe,Gruppenkriterium,GegruendetJahr,Umsatz,MAKlasse,MANational,UmsatzKlasse,Maschinenpark National,Ø Maschinenpark National,Umsatz.1,Basis,Bundesland,Regierungsbezirk,Kreis,Technische Anlagen und Maschinen in € 2021/22,Maschine Park size,Average Machine park size
Industrie,Maschinenbau,Werkzeugbau,MWS Schneidwerkzeuge GmbH & Co KG,An der Asbacher Str. 5,98574,Schmalkalden,03683-642-0,https://www.mendritzki.de/kontakt/standortadressen/standort-mws-schneidwerkzeuge/,Mendritzki/Tröger/Vogt,Partner,1991.0,81350.0,F 100-249,200,50 - 100,40–60,50.0,0,,Thüringen,,Schmalkalden-Meiningen,4208102,120–200,160.0
Industrie,Maschinenbau,Werkzeughersteller,KS Tools Werkzeuge und Maschinen GmbH,Seligenstädter Grund 10-12,63150,Heusenstamm,06104-4974-0,https://www.kstools.com/,Kühne/Schott Partner,Partner,1992.0,113890.0,F 100-249,220,50 - 100,60–80,70.0,0,,Hessen,Regierungsbezirk Darmstadt,Offenbach,524197,10–15,12.5
Industrie,Maschinenbau,Maschinenbauer,Herbert Arnold GmbH & Co. KG,Weilstr. 6,35781,Weilburg,06471-9394-0,https://www.arnold-gruppe.de/start,Arnold Weilburg Familie,Familien,1950.0,49623.5,F 100-249,125,10 - 50,21–40,30.5,0,,Hessen,Regierungsbezirk Gießen,Limburg-Weilburg,655809,10–15,12.5
Industrie,Maschinenbau,Werkzeughersteller,Karl-Heinz Arnold GmbH,Karlsbader Str. 4,73760,Ostfildern,0711-34802-0,https://www.arno.de/,Klaus-Michael Arnold,Familien,1941.0,49623.5,F 100-249,115,50 - 100,21–40,30.5,56,Mio. EUR,Baden-Württemberg,Region Stuttgart,Esslingen,2960141,120–200,160.0
Industrie,Maschinenbau,Maschinenbauer,Michael Hörauf Maschinenfabrik GmbH,Mozartstr. 39-41,73072,Donzdorf,07162-942-0,https://www.hoerauf.com/,Stahlecker Familie,Familien,,113890.0,F 100-249,240,10 - 50,60–80,70.0,0,,Baden-Württemberg,Region Stuttgart,Göppingen,3711087,120–200,160.0
Industrie,Maschinenbau,Werkzeugbau,Christian Dunkel GmbH,Ostendstr. 1-14,12459,Berlin,030-53890-0,https://www.werkzeugbau-dunkel.de/,Familie Dunkel-Bakx,Familien,1991.0,49623.5,F 100-249,150,10 - 50,21–40,30.5,0,,Berlin,,Berlin,903650,21–40,30.5
Industrie,Maschinenbau,Maschinenbauer,ABP Induction Systems GmbH,Kanalstr. 25,44147,Dortmund,0231-997-0,https://abpinduction.com/,Abp Induction LLC (USA),Konzern,1903.0,49623.5,F 100-249,150,50 - 100,21–40,30.5,51,Mio. EUR,Nordrhein-Westfalen,Regierungsbezirk Arnsberg,Dortmund,394125,10–15,12.5
Industrie,Maschinenbau,Maschinenbauer,ARKU Maschinenbau GmbH,Siemensstr. 11,76532,Baden-Baden,07221-5009-0,https://www.arku.com/de/,Reiss Familie,Familien,1928.0,81350.0,F 100-249,200,50 - 100,40–60,50.0,63,Mio. EUR,Baden-Württemberg,Region Mittlerer Oberrhein,Baden-Baden,2352776,80–120,100.0
Industrie,Bauindustrie & Stahl,Stahlverarbeitung,Steeltec GmbH,Eupener Str. 70,40549,Düsseldorf,0211-509-2315,https://steeltec-group.com/,Swiss Steel= Sturm/Bickenbach (Schweiz),Familien,1919.0,113890.0,F 100-249,245,50 - 100,60–80,70.0,0,,Nordrhein-Westfalen,Regierungsbezirk Düsseldorf,Düsseldorf,11541379,350–600,475.0
Industrie,Maschinenbau,Maschinenbauer,Arnstädter Werkzeug- und Maschinenbau AG,Rudislebener Allee 6,99310,Arnstadt,03628-734-0,https://www.awm-ag.de/,N.N.,Partner,1965.0,49623.5,F 100-249,145,10 - 50,21–40,30.5,0,,Thüringen,,Ilm-Kreis,3371946,120–200,160.0
Industrie,Maschinenbau,Maschinenbauer,Laetus GmbH,Sandwiesenstr. 27,64665,Alsbach-Hähnlein,06257-5009-0,https://www.laetus.com/de/start-3/,Danaher Gruppe (USA),Konzern,1974.0,49623.5,F 100-249,140,50 - 100,21–40,30.5,50,Mio. EUR,Hessen,Regierungsbezirk Darmstadt,Darmstadt-Dieburg,476406,10–15,12.5
Industrie,Maschinenbau,Maschinenbauer,Metallwarenfabrik Reichertshofen,Ingolstädter Str. 22,85084,Reichertshofen,08450-9269-0,https://www.bindernet.de/,Familie Binder Karlskron,Familien,1926.0,113890.0,F 100-249,210,50 - 100,60–80,70.0,0,,Bayern,Bezirk Oberbayern,Pfaffenhofen a.d.Ilm,17046962,350–600,475.0
Industrie,Maschinenbau,Werkzeugbau,Tillmann Werkzeugbau Profiltechnik GmbH,Märkische Str. 65,59757,Arnsberg,02932-9642-0,https://tillmann-gruppe.de/de/start/,Fingerhut/Böhm,Partner,1901.0,49623.5,F 100-249,130,10 - 50,21–40,30.5,0,,Nordrhein-Westfalen,Regierungsbezirk Arnsberg,Hochsauerlandkreis,4047222,120–200,160.0
Industrie,Maschinenbau,Werkzeughersteller,Philipp Hafner GmbH & Co. KG,Blumenstr. 46,70736,Fellbach,0711-95767-0,https://www.hafner-philipp.de/,Böhringer Fellbach Familie,Familien,1928.0,49623.5,F 100-249,117,10 - 50,21–40,30.5,0,,Baden-Württemberg,Region Stuttgart,Rems-Murr-Kreis,654338,10–15,12.5
Industrie,Maschinenbau,Werkzeughersteller,SWM Werkzeugfabrik GmbH & Co. KG,Stiller Berg 32-34,98587,Steinbach-Hallenberg,036847-466-0,https://www.werkzeugschmiede.de/de/,Wille Werkzeug Familie,Familien,1862.0,49623.5,F 100-249,150,10 - 50,21–40,30.5,0,,Thüringen,,Schmalkalden-Meiningen,1340209,40–60,50.0
Industrie,Maschinenbau,Maschinenbauer,Meeraner Dampfkesselbau GmbH,Zwickauer Str. 94-98,8393,Meerane,03764-53-0,https://www.mdkb.de/,Hitachi (Japan),Konzern,1853.0,81350.0,F 100-249,200,10 - 50,40–60,50.0,24,Mio. EUR,Sachsen,Direktionsbezirk Chemnitz,Landkreis Zwickau,982274,21–40,30.5
Industrie,Bauindustrie & Stahl,Stahlverarbeitung,Wickeder Westfalenstahl GmbH,Hauptstr. 6,58739,Wickede (Ruhr),02377-917-01,https://www.wickeder-group.de/home.html,Wickeder Group,Konzern,1913.0,81350.0,F 100-249,153,50 - 100,40–60,50.0,0,,Nordrhein-Westfalen,Regierungsbezirk Arnsberg,Soest,5662257,200–350,275.0
Industrie,Maschinenbau,Maschinenbauer,BREITNER GmbH & Co. KG,Daimlerstr. 43,74523,Schwäbisch Hall,0791-95035-0,https://breitner-abfuellanlagen.de/,Breitner Familie,Familien,1960.0,113890.0,F 100-249,249,10 - 50,60–80,70.0,0,,Baden-Württemberg,Region Heilbronn-Franken,Schwäbisch Hall,679079,10–15,12.5
Industrie,Maschinenbau,Maschinenbauer,Pacoma GmbH,Königsberger Str. 12,37269,Eschwege,05651-924-0,https://www.pacoma.com/unternehmen.html,Phil Liao (USA),Familien,1972.0,113890.0,F 100-249,210,50 - 100,60–80,70.0,57,Mio. EUR,Hessen,Regierungsbezirk Kassel,Werra-Meißner-Kreis,1950600,80–120,100.0
Industrie,Maschinenbau,Maschinenbauer,HYFRA Industriekühlanlagen GmbH,Industriepark 54,56593,Krunkel,02687-898-0,https://www.hyfra.com/,Lennox International Inc. (USA),Konzern,1981.0,49623.5,F 100-249,140,10 - 50,21–40,30.5,0,,Rheinland-Pfalz,Regierungsbezirk Koblenz,Altenkirchen (Westerwald),307411,10–15,12.5
Industrie,Bauindustrie & Stahl,Stahlverarbeitung,Julius Schüle Druckguss GmbH,Buchstr. 195,73525,Schwäbisch Gmünd,07171-3502-0,https://www.schuele.de/,Hans-Helmut Stein,Familien,1951.0,113890.0,F 100-249,247,50 - 100,60–80,70.0,0,,Baden-Württemberg,Region Ostwürttemberg,Ostalbkreis,5945338,200–350,275.0
Industrie,Maschinenbau,Maschinenbauer,Deharde GmbH,Am Hafen 14a,26316,Varel,04451-9133-0,https://www.deharde.de/de/,Hoffmann Varel Familie,Familien,1968.0,113890.0,E 250-499,250,10 - 50,60–80,70.0,0,,Niedersachsen,,Friesland,1727657,60–80,70.0
Industrie,Maschinenbau,Werkzeughersteller,KULLEN-KOTI GmbH,Halskestr. 9,72766,Reutlingen,07121-142-0,https://www.kullen.de/de/,Koti Group (Niederlande),Konzern,1913.0,81350.0,F 100-249,187,10 - 50,40–60,50.0,0,,Baden-Württemberg,Region Neckar-Alb,Reutlingen,1478335,40–60,50.0
Industrie,Bauindustrie & Stahl,Stahlverarbeitung,Metallwerk Sundern,Hauptstr. 191,59846,Sundern (Sauerland),02933-849-0,https://mesu.de/de/,Brumberg Familie,Familien,1906.0,49623.5,F 100-249,150,50 - 100,21–40,30.5,0,,Nordrhein-Westfalen,Regierungsbezirk Arnsberg,Hochsauerlandkreis,1934966,80–120,100.0
Industrie,Maschinenbau,Maschinenbauer,PLAMAG GmbH,Pausaer Str. 284,8525,Plauen,03741-50-5680,http://www.plamag.com/de/,Onex (Kanada),Investoren,1881.0,49623.5,F 100-249,126,10 - 50,21–40,30.5,0,,Sachsen,Direktionsbezirk Chemnitz,Vogtlandkreis,542919,10–15,12.5
Industrie,Maschinenbau,Maschinenbauer,Maschinenbau Lienenbrügger GmbH,Forstweg 20,48249,Dülmen,02594-954-0,https://www.lidu.de/,Wemhoff-Coenen-Schaefer Nf. Familie,Familien,1936.0,49623.5,F 100-249,120,10 - 50,21–40,30.5,0,,Nordrhein-Westfalen,Regierungsbezirk Münster,Coesfeld,391012,10–15,12.5
Industrie,Maschinenbau,Maschinenbauer,Terrot GmbH,Paul-Gruner-Str. 72b,9120,Chemnitz,0371-5201-0,https://www.terrot.de/de/,Wachstumsfonds Mittelstand Sachsen,Kommunen,1862.0,49623.5,F 100-249,150,10 - 50,21–40,30.5,0,,Sachsen,Direktionsbezirk Chemnitz,Chemnitz,1238865,40–60,50.0
Industrie,Maschinenbau,Werkzeughersteller,ThermoTex Nagel GmbH,Schutterstr. 14,77746,Schutterwald,0781-9616-0,https://www.thermo-tex.de/de/,Nagel/Dufner/Czichon,Partner,1988.0,81350.0,F 100-249,160,10 - 50,40–60,50.0,0,,Baden-Württemberg,Region Südlicher Oberrhein,Ortenaukreis,765231,15–20,17.5
Industrie,Maschinenbau,Maschinenbauer,Böhm Fertigungstechnik Suhl GmbH,Böhmstr. 1,98544,Zella-Mehlis,03682-452-0,http://www.boehm-fertigungstechnik.de/,N.N.,Partner,1990.0,81350.0,F 100-249,200,50 - 100,40–60,50.0,0,,Thüringen,,Schmalkalden-Meiningen,2107041,80–120,100.0
Industrie,Maschinenbau,Maschinenbauer,R. Scheuchl GmbH,Königbacher Str. 17,94496,Ortenburg,08542-165-0,https://www.scheuchl.de/,Mössner/Dinglreiter,Partner,1962.0,113890.0,F 100-249,249,10 - 50,60–80,70.0,0,,Bayern,Bezirk Niederbayern,Passau (Kreis),1465400,40–60,50.0
Industrie,Maschinenbau,Maschinenbauer,Schuster Maschinenbau GmbH,Wernher-von-Braun-Str. 7,86920,Denklingen,08243-9680-0,https://www.schuster-maschinenbau.de/,Dommer Familie,Familien,2008.0,113890.0,E 250-499,250,50 - 100,60–80,70.0,0,,Bayern,Bezirk Oberbayern,Landsberg am Lech,1063230,21–40,30.5
Industrie,Bauindustrie & Stahl,Stahlverarbeitung,Dossmann GmbH,Amorbacher Str. 43,74731,Walldürn,06286-18-0,https://www.dossmann-eisengiesserei.de/,Dossmann Familie,Familien,1954.0,49623.5,F 100-249,149,50 - 100,21–40,30.5,0,,Baden-Württemberg,Region Rhein-Neckar,Neckar-Odenwald-Kreis,2731024,120–200,160.0
Industrie,Maschinenbau,Maschinenbauer,LEMO Maschinenbau GmbH,Rheidter Str. 52,53859,Niederkassel,0228-4591-0,https://www.lemo-maschinenbau.com/,Fenninger/Schlarp Partner,Partner,1949.0,81350.0,F 100-249,158,10 - 50,40–60,50.0,38,Mio. EUR,Nordrhein-Westfalen,Regierungsbezirk Köln,Rhein-Sieg-Kreis,495553,10–15,12.5
Industrie,Maschinenbau,Werkzeugbau,voxeljet AG,Paul-Lenz-Str. 1a,86316,Friedberg,0821-7483-100,https://www.voxeljet.de/,Voxeljet AG,Konzern,1999.0,113890.0,F 100-249,215,10 - 50,60–80,70.0,23,Mio. EUR,Bayern,Bezirk Schwaben,Aichach-Friedberg,4504770,120–200,160.0
Industrie,Bauindustrie & Stahl,Stahlverarbeitung,Filigran Trägersysteme GmbH & Co. KG,Zappenberg 6,31633,Leese,05761-9225-0,https://www.filigran.de/de,Freiherr von und zu Weiler Familie,Familien,1949.0,49623.5,F 100-249,119,10 - 50,21–40,30.5,0,,Niedersachsen,,Nienburg (Weser),3057633,120–200,160.0
Industrie,Maschinenbau,Maschinenbauer,NMH GmbH,Am Flugplatz 2,88367,Hohentengen,07572-7619-0,https://www.nmh.de/,Frick/Nagel Familien,Familien,1943.0,49623.5,F 100-249,102,10 - 50,21–40,30.5,0,,Baden-Württemberg,Region Bodensee-Oberschwaben,Sigmaringen,2290091,80–120,100.0
Industrie,Maschinenbau,Werkzeughersteller,ADGA - Adolf Gampper GmbH,Heilbronner Str. 60,74535,Mainhardt,07903-150-0,https://adga.de/de/,Gampper Familie,Familien,1940.0,49623.5,F 100-249,111,10 - 50,21–40,30.5,0,,Baden-Württemberg,Region Heilbronn-Franken,Schwäbisch Hall,6858806,200–350,275.0
Industrie,Maschinenbau,Maschinenbauer,Dr. Ing. Max Schlötter GmbH & Co. KG,Talgraben 30,73312,Geislingen an der Steige,07331-205-0,https://schloetter.de/,Geldbach Familie,Familien,1912.0,81350.0,F 100-249,170,50 - 100,40–60,50.0,0,,Baden-Württemberg,Region Stuttgart,Göppingen,4673812,120–200,160.0
Industrie,Maschinenbau,Werkzeugbau,Modell- und Formenbau Blasius Gerg GmbH,Im Grund 3,83104,Tuntenhausen,08065-90370,http://www.gerg.de/,Gerg Tuntenhausen Familie,Familien,1984.0,113890.0,F 100-249,220,50 - 100,60–80,70.0,0,,Bayern,Bezirk Oberbayern,Rosenheim (Kreis),12280898,350–600,475.0
Industrie,Maschinenbau,Maschinenbauer,FMB Maschinenbaugesellschaft mbH & Co.KG,Paul-Hohe-Str. 1,97906,Faulbach,09392-801-0,https://www.fmb-machinery.de/,Helmut Wichtlhuber,Familien,1980.0,49623.5,F 100-249,120,10 - 50,21–40,30.5,0,,Bayern,Bezirk Unterfranken,Miltenberg,1023407,21–40,30.5
Industrie,Maschinenbau,Maschinenbauer,Maschinenfabrik Bermatingen GmbH &Co.KG,Kesselbachstr. 2,88697,Bermatingen,07544-9506-0,https://mabe-info.de/,Gotterbarm Nf. Familie,Familien,1954.0,49623.5,F 100-249,120,10 - 50,21–40,30.5,0,,Baden-Württemberg,Region Bodensee-Oberschwaben,Bodenseekreis,2215215,80–120,100.0
Industrie,Maschinenbau,Werkzeughersteller,Mogatec GmbH,Im Grund 14,9430,Drebach,03725-449-100,https://www.mogatec.de/de/,N.N.,Partner,1945.0,113890.0,F 100-249,215,10 - 50,60–80,70.0,32,Mio. EUR,Sachsen,Direktionsbezirk Chemnitz,Erzgebirgskreis,4164958,120–200,160.0
Industrie,Bauindustrie & Stahl,Stahlverarbeitung,Vulcast Germany GmbH,Graf-von-Manderscheid-Str. 1,54584,Jünkerath,06597-12-0,https://www.vulcast.de/,Callista Private Equity,Investoren,1687.0,113890.0,E 250-499,250,10 - 50,60–80,70.0,0,,Rheinland-Pfalz,,Vulkaneifel,1257355,40–60,50.0
Industrie,Maschinenbau,Maschinenbauer,"Christian Maier GmbH & Co KG,",Würzburger Str. 67-69,89520,Heidenheim an der Brenz,07321-317-0,https://maier-heidenheim.com/,Maier Heidenheim Familie,Familien,1925.0,49623.5,F 100-249,117,10 - 50,21–40,30.5,0,,Baden-Württemberg,Region Ostwürttemberg,Heidenheim,1486799,40–60,50.0
Industrie,Bauindustrie & Stahl,Stahlverarbeitung,Leonhard Breitenbach GmbH,Walzenweg 60,57072,Siegen,0271-3758-0,https://www.breitenbach.de/,N.N.,Partner,1866.0,49623.5,F 100-249,112,10 - 50,21–40,30.5,0,,Nordrhein-Westfalen,Regierungsbezirk Arnsberg,Siegen-Wittgenstein,679129,10–15,12.5
Industrie,Bauindustrie & Stahl,Stahlverarbeitung,Dillenberg GmbH & Co. KG,Waagenstr. 25,40229,Düsseldorf,0211-97772-0,https://www.dilco.de/,Grüne Düsseldorf Familie,Familien,,49623.5,F 100-249,110,10 - 50,21–40,30.5,0,,Nordrhein-Westfalen,Regierungsbezirk Düsseldorf,Düsseldorf,1811416,80–120,100.0
Industrie,Bauindustrie & Stahl,Stahlverarbeitung,G ü l d e GmbH & Co KG Kaltwalzwerk,Westicker Str. 53,59174,Kamen,02307-9772-0,https://www.guelde.de/de/,Gülde Kamen Familie,Familien,1972.0,81350.0,F 100-249,174,50 - 100,40–60,50.0,0,,Nordrhein-Westfalen,Regierungsbezirk Arnsberg,Unna,1625922,60–80,70.0
Industrie,Bauindustrie & Stahl,Stahlverarbeitung,WW-K Warmwalzwerk Königswinter GmbH,Am Ziegelofen 22,53639,Königswinter,02223-2961-0,https://www.ww-k.net/,Rainer Zimmer,Familien,1919.0,49623.5,F 100-249,130,50 - 100,21–40,30.5,0,,Nordrhein-Westfalen,Regierungsbezirk Köln,Rhein-Sieg-Kreis,2020220,80–120,100.0
Industrie,Maschinenbau,Maschinenbauer,Wassermann Technologie GmbH,Bürgermeister-Ebert-Str. 5,36124,Eichenzell,06659-82-0,https://www.wassermann-group.com/,Wassermann HPI Familie,Familien,1969.0,49623.5,F 100-249,130,10 - 50,21–40,30.5,0,,Hessen,Regierungsbezirk Kassel,Fulda,385551,10–15,12.5
Industrie,Maschinenbau,Maschinenbauer,HÖRBURGER AG,Gewerbestr. 5,87448,Waltenhofen,0831-52241-0,https://www.hoerburger.de/,Hörburger Waltenhofen Familie,Familien,1974.0,49623.5,F 100-249,145,10 - 50,21–40,30.5,0,,Bayern,Bezirk Schwaben,Oberallgäu,375987,10–15,12.5
Industrie,Bauindustrie & Stahl,Stahlverarbeitung,SHB Stahl- und Hartgusswerk Bösdorf GmbH,Werkstr. 7,4249,Leipzig,0341-4279-0,https://www.shb-guss.de/,DIHAG Group (Schweiz),Investoren,1894.0,113890.0,F 100-249,223,10 - 50,60–80,70.0,0,,Sachsen,Direktionsbezirk Leipzig,Leipzig,2840489,120–200,160.0
Industrie,Maschinenbau,Maschinenbauer,Forst Technologie GmbH & Co. KG,Schützenstr. 160,42659,Solingen,0212-409-0,https://www.forst-online.de/index.php/de/,Michael Kölker,Sonstige,1909.0,49623.5,F 100-249,108,10 - 50,21–40,30.5,0,,Nordrhein-Westfalen,Regierungsbezirk Düsseldorf,Solingen,1243238,40–60,50.0
Industrie,Maschinenbau,Maschinenbauer,PINK GmbH Vakuumtechnik,Gyula-Horn-Str. 20,97877,Wertheim,09342-872-0,https://www.pink-vak.de/de/home.html,Pink Familie,Familien,1986.0,113890.0,E 250-499,250,10 - 50,60–80,70.0,35,Mio. EUR,Baden-Württemberg,Region Heilbronn-Franken,Main-Tauber-Kreis,5329898,200–350,275.0
Industrie,Maschinenbau,Werkzeugbau,SCHEUERMANN + HEILIG GmbH,Buchener Str. 29,74722,Buchen (Odenwald),06281-907-0,https://www.sh-gmbh.de/,Scheuermann/Heilig,Partner,1957.0,81350.0,F 100-249,180,10 - 50,40–60,50.0,0,,Baden-Württemberg,Region Rhein-Neckar,Neckar-Odenwald-Kreis,7660199,200–350,275.0
Industrie,Maschinenbau,Maschinenbauer,Heinzler Maschinenbau GmbH,Sudetenstr. 69a,83052,Bruckmühl,08062-7097-0,https://heinzler-maschinenbau.de/,Heinzler Bruckmühl Familie,Familien,1978.0,49623.5,F 100-249,145,10 - 50,21–40,30.5,0,,Bayern,Bezirk Oberbayern,Rosenheim (Kreis),3844852,120–200,160.0
Industrie,Maschinenbau,Maschinenbauer,HEDELIUS Maschinenfabrik GmbH,Sandstr. 11,49716,Meppen,05931-9819-0,https://www.hedelius.de/,Hempelmann Familie,Familien,1966.0,49623.5,F 100-249,140,50 - 100,21–40,30.5,57,Mio. EUR,Niedersachsen,,Emsland,5557240,200–350,275.0
Industrie,Maschinenbau,Maschinenbauer,Herbold Meckesheim GmbH,Industriestr. 33,74909,Meckesheim,06226-932-0,https://www.herbold.com/,Hillenbrand Inc. (USA),Sonstige,1995.0,49623.5,F 100-249,150,10 - 50,21–40,30.5,20,Mio. EUR,Baden-Württemberg,Region Rhein-Neckar,Rhein-Neckar-Kreis,631352,10–15,12.5
Industrie,Maschinenbau,Maschinenbauer,MIKROMAT GmbH,Niedersedlitzer Str. 37,1239,Dresden,0351-2861-0,http://www.mikromat-wzm.de/,Horst Hermsdorf,Familien,2005.0,49623.5,F 100-249,117,10 - 50,21–40,30.5,0,,Sachsen,Direktionsbezirk Dresden,Dresden,3209724,120–200,160.0
Industrie,Maschinenbau,Maschinenbauer,Wickert Maschinenbau GmbH,Wollmesheimer Höhe 2,76829,Landau in der Pfalz,06341-9343-0,https://www.wickert-presstech.de/de/,Wickert Familie,Familien,1901.0,49623.5,F 100-249,144,10 - 50,21–40,30.5,0,,Rheinland-Pfalz,,Landau in der Pfalz,398222,10–15,12.5
Industrie,Maschinenbau,Maschinenbauer,"Hans Schröder, Maschinenbau GmbH",Feuchten 2,82405,Wessobrunn,08809-9220-0,https://www.schroedergroup.eu/de/,Schröder Wessobrunn Familie,Familien,1949.0,81350.0,F 100-249,172,10 - 50,40–60,50.0,0,,Bayern,Bezirk Oberbayern,Weilheim-Schongau,1185856,21–40,30.5
Industrie,Maschinenbau,Maschinenbauer,Theodor Winkels GmbH & Co. KG,Riswicker Str. 13,47533,Kleve,02821-991-0,http://www.winkels-vessels.com,N.N.,Partner,1939.0,81350.0,F 100-249,200,50 - 100,40–60,50.0,0,,Nordrhein-Westfalen,Regierungsbezirk Düsseldorf,Kleve,394924,10–15,12.5
Industrie,Maschinenbau,Maschinenbauer,Sandvik Mining,Gladbecker Str. 427,45329,Essen,0201-1785-300,https://www.rocktechnology.sandvik,Sandvik-Gruppe (Schweden),Konzern,1862.0,81350.0,F 100-249,200,50 - 100,40–60,50.0,0,,Nordrhein-Westfalen,Regierungsbezirk Düsseldorf,Essen,864063,15–20,17.5
Industrie,Maschinenbau,Maschinenbauer,Hochrainer GmbH,Pommernstr. 4,83395,Freilassing,08654-4986-0,https://www.hochrainer.com/home/,Hochrainer Freilassing Familie,Familien,1968.0,81350.0,F 100-249,153,10 - 50,40–60,50.0,0,,Bayern,Bezirk Oberbayern,Berchtesgadener Land,484018,10–15,12.5
Industrie,Bauindustrie & Stahl,Stahlverarbeitung,voestalpine Wire Germany GmbH,Grenzstr. 45,3238,Finsterwalde,03531-786-223,https://www.voestalpine.com/wiretechnology/,voestalpine AG (Österreich),Konzern,1951.0,81350.0,F 100-249,171,50 - 100,40–60,50.0,83,Mio. EUR,Brandenburg,,Elbe-Elster,4014750,120–200,160.0
Industrie,Maschinenbau,Werkzeughersteller,Hartmetall-Werkzeugfabrik Paul Horn GmbH,Unter dem Holz 33-35,72072,Tübingen,07071-7004-0,https://www.horn-group.com,Horn Tübingen Familie,Familien,1969.0,49623.5,F 100-249,120,100 - 250,21–40,30.5,0,,Baden-Württemberg,Region Neckar-Alb,Tübingen,18636469,350–600,475.0
Industrie,Bauindustrie & Stahl,Stahlverarbeitung,DWK Drahtwerk Köln GmbH,Schanzenstr. 40,51063,Köln,0221-9672-0,http://www.dwk-koeln.de/dwk/de/home/index.shtml,Montan-Saar-Stiftung,Stiftungen,1873.0,113890.0,E 250-499,250,50 - 100,60–80,70.0,0,,Nordrhein-Westfalen,Regierungsbezirk Köln,Köln,6161527,200–350,275.0
Industrie,Bauindustrie & Stahl,Stahlverarbeitung,H. Hüttenbrauck Profil GmbH,Auf dem Spitt 23,58730,Fröndenberg/Ruhr,02303-98123-100,https://huettenbrauck.com/,Familie Hüttenbrauck,Familien,1997.0,81350.0,F 100-249,163,50 - 100,40–60,50.0,0,,Nordrhein-Westfalen,Regierungsbezirk Arnsberg,Unna,1713023,60–80,70.0
Industrie,Maschinenbau,Werkzeughersteller,Makita Engineering Germany GmbH,Jenfelder Str. 38,22045,Hamburg,040-66986-0,https://www.makita-engineering.de/,Makita (Japan),Konzern,1927.0,113890.0,F 100-249,233,10 - 50,60–80,70.0,27,Mio. EUR,Hamburg,,Hamburg,1719701,60–80,70.0
Industrie,Maschinenbau,Werkzeughersteller,Jäcklin GmbH,Unterer Talweg 50,86179,Augsburg,0821-80847-0,https://www.air-end.de/,Jäcklin Familie,Familien,1935.0,49623.5,F 100-249,135,10 - 50,21–40,30.5,0,,Bayern,Bezirk Schwaben,Augsburg (Stadt),1533687,60–80,70.0
Industrie,Maschinenbau,Maschinenbauer,Lapmaster Wolters GmbH,Büsumer Str. 96,24768,Rendsburg,04331-458-0,https://www.peter-wolters.de/,Precision Surfacing Solutions (USA),Sonstige,1804.0,113890.0,F 100-249,205,50 - 100,60–80,70.0,0,,Schleswig-Holstein,,Rendsburg-Eckernförde,1164493,21–40,30.5
Industrie,Maschinenbau,Werkzeughersteller,TBi Industries GmbH,Ruhberg 14,35463,Fernwald,06404-9171-0,https://www.tbi-industries.com/de,Esab (Brasilien),Sonstige,1990.0,49623.5,F 100-249,117,10 - 50,21–40,30.5,21,Mio. EUR,Hessen,Regierungsbezirk Gießen,Gießen,629847,10–15,12.5
Industrie,Maschinenbau,Werkzeughersteller,OTEC Präzisionsfinish GmbH,Heinrich-Hertz-Str. 24,75334,Straubenhardt,07082-491120,https://www.otec.de/,Helmut Gegenheimer,Familien,1996.0,49623.5,F 100-249,130,10 - 50,21–40,30.5,33,Mio. EUR,Baden-Württemberg,Region Nordschwarzwald,Enzkreis,2600234,120–200,160.0
Industrie,Maschinenbau,Werkzeugbau,Carl Hilzinger-Thum GmbH & Co. KG,Siemensstr. 2,78532,Tuttlingen,07461-187-0,https://www.hilzinger-thum.de/,Hilzinger Thum Familie,Familien,1902.0,81350.0,F 100-249,182,10 - 50,40–60,50.0,0,,Baden-Württemberg,Region Schwarzwald,Tuttlingen,2968645,120–200,160.0
Industrie,Bauindustrie & Stahl,Stahlverarbeitung,Sumitomo Electric Hartmetallfabrik GmbH,Industriestr. 2,73466,Lauchheim,07363-87-0,https://www.sumitomotool.com/,Sumitomo (Japan),Konzern,1989.0,81350.0,F 100-249,197,10 - 50,40–60,50.0,21,Mio. EUR,Baden-Württemberg,Region Ostwürttemberg,Ostalbkreis,8231064,200–350,275.0
Industrie,Maschinenbau,Maschinenbauer,Carl KRAFFT & Söhne GmbH & Co. KG,Schoellerstr. 164,52351,Düren,02421-9360-0,https://www.krafft-walzen.com/de/,Hess Nf. Familie,Familien,1870.0,49623.5,F 100-249,130,10 - 50,21–40,30.5,0,,Nordrhein-Westfalen,Regierungsbezirk Köln,Düren,1704482,60–80,70.0
Industrie,Maschinenbau,Maschinenbauer,LISSMAC Maschinenbau GmbH,Lanzstr. 4,88410,Bad Wurzach,07564-307-0,https://www.lissmac.com/de/,Siegfried Gebhart,Familien,1979.0,81350.0,F 100-249,174,50 - 100,40–60,50.0,0,,Baden-Württemberg,Region Bodensee-Oberschwaben,Ravensburg,1150786,21–40,30.5
Industrie,Maschinenbau,Maschinenbauer,SUCO Robert Scheuffele GmbH & Co. KG,Keplerstr. 12-14,74321,Bietigheim-Bissingen,07142-597-0,http://www.suco.de/,Fuhrmann BB Familie,Familien,1938.0,81350.0,F 100-249,160,10 - 50,40–60,50.0,0,,Baden-Württemberg,Region Stuttgart,Ludwigsburg,3163484,120–200,160.0
Industrie,Maschinenbau,Werkzeughersteller,Albert Kerbl GmbH,Felizenzell 9,84428,Buchbach,08086-933-100,https://www.kerbl.com/de,Kerbl Familie,Familien,1962.0,113890.0,F 100-249,207,100 - 250,60–80,70.0,210,Mio. EUR,Bayern,Bezirk Oberbayern,Mühldorf a.Inn,2534202,120–200,160.0
Industrie,Maschinenbau,Maschinenbauer,SN-Maschinenbau GmbH,Bahnstr. 27,51688,Wipperfürth,02267-699-0,https://www.sn-maschinenbau.com/,N.N.,Partner,1956.0,113890.0,F 100-249,240,50 - 100,60–80,70.0,0,,Nordrhein-Westfalen,Regierungsbezirk Köln,Oberbergischer Kreis,451853,10–15,12.5
Industrie,Maschinenbau,Maschinenbauer,KUNZMANN Maschinenbau GmbH,Tullastr. 29-31,75196,Remchingen,07232-3674-0,https://www.kunzmann-fraesmaschinen.de/,Eisler Familie,Familien,1907.0,49623.5,F 100-249,110,10 - 50,21–40,30.5,0,,Baden-Württemberg,Region Nordschwarzwald,Enzkreis,433045,10–15,12.5
Industrie,Maschinenbau,Werkzeughersteller,Zecha Hartmetallwerkzeugfabrikation GmbH,Benzstr. 2,75203,Königsbach-Stein,07232-3022-0,https://www.zecha.de/de/,Zecha Familie,Familien,1964.0,49623.5,F 100-249,120,10 - 50,21–40,30.5,0,,Baden-Württemberg,Region Nordschwarzwald,Enzkreis,1183415,21–40,30.5
Industrie,Maschinenbau,Maschinenbauer,TBT Tiefbohrtechnik GmbH + Co.,Siemensstr. 1,72581,Dettingen an der Erms,07123-976-0,https://www.tbt.de/de/,Nagel Nürtingen Familie,Familien,1966.0,113890.0,F 100-249,218,10 - 50,60–80,70.0,0,,Baden-Württemberg,Region Neckar-Alb,Reutlingen,3721520,120–200,160.0
Industrie,Maschinenbau,Maschinenbauer,Magnetbau Schramme GmbH & Co. KG,Zur Ziegelhütte 1-5,88693,Deggenhausertal,07555-9286-0,https://www.magnetbau-schramme.de/,Wüst/Bohler/Grandl u.a.,Partner,1975.0,81350.0,F 100-249,160,10 - 50,40–60,50.0,0,,Baden-Württemberg,Region Bodensee-Oberschwaben,Bodenseekreis,3766072,120–200,160.0
Industrie,Maschinenbau,Maschinenbauer,Knödler-Getriebe GmbH & Co. KG,Schönbuchstr. 1,73760,Ostfildern,0711-44814-0,https://www.knoedler-getriebe.de/,Knödler Familie,Familien,1943.0,49623.5,F 100-249,150,10 - 50,21–40,30.5,0,,Baden-Württemberg,Region Stuttgart,Esslingen,3914656,120–200,160.0
Industrie,Bauindustrie & Stahl,Stahlverarbeitung,TPS-Technitube Röhrenwerke GmbH,Julius-Saxler-Str. 7,54550,Daun,06592-712-0,https://www.tps-technitube.com/,Peter Lepper,Familien,1975.0,49623.5,F 100-249,142,50 - 100,21–40,30.5,0,,Rheinland-Pfalz,,Vulkaneifel,2961471,120–200,160.0
Industrie,Maschinenbau,Maschinenbauer,Hugo Beck Maschinenbau GmbH & Co. KG,Daimlerstr. 26,72581,Dettingen an der Erms,07123-7208-0,https://www.hugobeck.com/de/,Beck Dettingen Familie,Familien,1955.0,49623.5,F 100-249,110,10 - 50,21–40,30.5,0,,Baden-Württemberg,Region Neckar-Alb,Reutlingen,336614,10–15,12.5
Industrie,Maschinenbau,Werkzeughersteller,"Wilhelm König, Maschinenbau GmbH",Am Stammholz 13,97877,Wertheim,09342-876-0,https://koenig-mtm.de/,König Wertheim Familie,Familien,1946.0,113890.0,F 100-249,249,50 - 100,60–80,70.0,0,,Baden-Württemberg,Region Heilbronn-Franken,Main-Tauber-Kreis,2034766,80–120,100.0
Industrie,Maschinenbau,Maschinenbauer,WOLFGANG SCHMAHL GmbH & Co. KG,Ringstr. 2,42553,Velbert,02053-419-0,https://www.schmahl.biz/de/,Schmahl Familie,Familien,1969.0,49623.5,F 100-249,120,10 - 50,21–40,30.5,0,,Nordrhein-Westfalen,Regierungsbezirk Düsseldorf,Mettmann,7247338,200–350,275.0
Industrie,Maschinenbau,Maschinenbauer,Josef Kränzle GmbH & Co. KG,Rudolf-Diesel-Str. 20,89257,Illertissen,07303-9605-0,https://www.kraenzle.com/,Kränzle Familie,Familien,1974.0,49623.5,F 100-249,125,10 - 50,21–40,30.5,0,,Bayern,Bezirk Schwaben,Neu-Ulm,1735587,60–80,70.0
Industrie,Maschinenbau,Maschinenbauer,CeraCon GmbH,Talstr. 2,97990,Weikersheim,07934-9928-0,https://www.ceracon.com/,Kukla/Kreissl/Krämer/Borst,Partner,2000.0,81350.0,F 100-249,193,10 - 50,40–60,50.0,0,,Baden-Württemberg,Region Heilbronn-Franken,Main-Tauber-Kreis,1006332,21–40,30.5
Industrie,Maschinenbau,Werkzeughersteller,Elektrowerkzeuge GmbH Eibenstock,Auersbergstr. 10,8309,Eibenstock,037752-5030,https://www.eibenstock.com/de/,Lothar Lässig,Familien,1919.0,113890.0,F 100-249,222,10 - 50,60–80,70.0,0,,Sachsen,Direktionsbezirk Chemnitz,Erzgebirgskreis,3496509,120–200,160.0
Industrie,Bauindustrie & Stahl,Stahlverarbeitung,Stahlkontor GmbH & Co KG,Preußerstr. 28,58135,Hagen,02331-9030-0,https://stahlkontor.com/,N.N.,Partner,1908.0,113890.0,F 100-249,220,10 - 50,60–80,70.0,0,,Nordrhein-Westfalen,Regierungsbezirk Arnsberg,Hagen,1215603,40–60,50.0
Industrie,Maschinenbau,Werkzeugbau,ASTOR Schneidwerkzeuge GmbH,Lebbiner Str. 18,15859,Storkow (Mark),033678-649-0,https://www.astorblades.de/,Marquardt Storkow Familie,Familien,1994.0,49623.5,F 100-249,102,10 - 50,21–40,30.5,0,,Brandenburg,,Oder-Spree,1162959,21–40,30.5
Industrie,Maschinenbau,Werkzeughersteller,Krebs & Riedel Schleifscheibenfabrik,Bremer Str. 44,34385,Bad Karlshafen,05672-184-0,https://www.krebs-riedel.de/,Krebs/Riedel,Partner,1895.0,113890.0,F 100-249,230,50 - 100,60–80,70.0,0,,Hessen,Regierungsbezirk Kassel,Kassel (Kreis),3183091,120–200,160.0
Industrie,Maschinenbau,Werkzeugbau,Jakob Lach GmbH & Co. KG,Donaustr. 17,63452,Hanau,06181-103-0,https://www.lach-diamant.de/,Lach Familie,Familien,1922.0,49623.5,F 100-249,121,10 - 50,21–40,30.5,0,,Hessen,Regierungsbezirk Darmstadt,Main-Kinzig-Kreis,887185,15–20,17.5
Industrie,Maschinenbau,Maschinenbauer,Dietze & Schell Maschinenfabrik,Karchestr. 1,96450,Coburg,09561-818-0,https://www.dietze-schell.de/,Maaßen und Partner,Partner,1951.0,81350.0,F 100-249,168,100 - 250,40–60,50.0,0,,Bayern,Bezirk Oberfranken,Coburg Stadt,1139973,21–40,30.5
Industrie,Maschinenbau,Maschinenbauer,VACUTEC,Sophie-Germain-Str. 1,28201,Bremen,0421-52040-0,https://www.vacutec.net/,Laser Bremen Familie,Familien,1994.0,49623.5,F 100-249,112,10 - 50,21–40,30.5,0,,Bremen,,Bremen,4340075,120–200,160.0
Industrie,Maschinenbau,Maschinenbauer,NORDSON Deutschland GmbH,Heinrich-Hertz-Str. 42,40699,Erkrath,0211-9205-0,https://www.nordson.com/de-DE,Nordson Corporation (USA),Konzern,1954.0,81350.0,F 100-249,180,50 - 100,40–60,50.0,95,Mio. EUR,Nordrhein-Westfalen,Regierungsbezirk Düsseldorf,Mettmann,578416,10–15,12.5
Industrie,Bauindustrie & Stahl,Stahlverarbeitung,Schmiedag GmbH,Grüntaler Str. 11,58089,Hagen,02331-128-385,https://www.gmh-gruppe.de/de-de/gmh-gruppe/gruppen-unternehmen/schmiedag-gmbh/,Georgsmarienhütte Dr. Großmann,Familien,1824.0,81350.0,F 100-249,191,10 - 50,40–60,50.0,0,,Nordrhein-Westfalen,Regierungsbezirk Arnsberg,Hagen,3952739,120–200,160.0
Industrie,Maschinenbau,Werkzeughersteller,DALEX GmbH & Co. KG,Koblenzer Str. 43,57537,Wissen,02742-77-0,https://www.dalex.de/,Dr. Walter Spies,Familien,1911.0,49623.5,F 100-249,140,10 - 50,21–40,30.5,0,,Rheinland-Pfalz,Regierungsbezirk Koblenz,Altenkirchen (Westerwald),357774,10–15,12.5
Industrie,Maschinenbau,Werkzeugbau,WELLGO Gerätetechnik GmbH,In der Bruchwiese 5,66625,Nohfelden,06852-9033-00,https://www.wellgo.de/,Linn/Heub-Schneider/Griebel,Partner,1982.0,49623.5,F 100-249,145,10 - 50,21–40,30.5,0,,Saarland,,St. Wendel,1461530,40–60,50.0
Industrie,Maschinenbau,Maschinenbauer,Delimon GmbH,Arminstr. 15,40227,Düsseldorf,0211-7774-0,http://www.bijurdelimon.com/de/germany/,IMC/IMCI (USA),Sonstige,1872.0,49623.5,F 100-249,148,10 - 50,21–40,30.5,18,Mio. EUR,Nordrhein-Westfalen,Regierungsbezirk Düsseldorf,Düsseldorf,415951,10–15,12.5
Industrie,Bauindustrie & Stahl,Stahlverarbeitung,Warmpresswerk Max B. Schachmann GmbH,Hauptstr. 29,54570,Niederstadtfeld,06596-79-0,https://www.warmpresswerk.de/,Hans-Joachim Willke,Familien,1959.0,49623.5,F 100-249,150,50 - 100,21–40,30.5,0,,Rheinland-Pfalz,,Vulkaneifel,2144867,80–120,100.0
Industrie,Bauindustrie & Stahl,Stahlverarbeitung,Badische Drahtwerke GmbH,Weststr. 31,77694,Kehl,07851-83-281,https://bdw-kehl.com/,NDW Beteiligungsgesellschaft,Investoren,1983.0,49623.5,F 100-249,148,100 - 250,21–40,30.5,0,,Baden-Württemberg,Region Südlicher Oberrhein,Ortenaukreis,4636438,120–200,160.0
Industrie,Maschinenbau,Maschinenbauer,ATLANTA Antriebssysteme GmbH,Adolf-Heim-Str. 16,74321,Bietigheim-Bissingen,07142-7001-0,https://atlantagmbh.de/,Seidenspinner Familie,Familien,1929.0,113890.0,F 100-249,230,50 - 100,60–80,70.0,0,,Baden-Württemberg,Region Stuttgart,Ludwigsburg,3360204,120–200,160.0
Industrie,Maschinenbau,Werkzeugbau,Maucher Formenbau GmbH & Co. KG,Käthe-Paulus-Str. 5,88074,Meckenbeuren,07541-6008-60,https://www.maucher-kg.de/,Peter Strittmatter,Familien,2005.0,49623.5,F 100-249,120,10 - 50,21–40,30.5,0,,Baden-Württemberg,Region Bodensee-Oberschwaben,Bodenseekreis,2507129,120–200,160.0
Industrie,Maschinenbau,Maschinenbauer,Scheppach GmbH,Günzburger Str. 69,89335,Ichenhausen,08223-4002-0,https://www.scheppach.com/,Ernst Pfaff,Familien,1927.0,49623.5,F 100-249,120,100 - 250,21–40,30.5,156,Mio. EUR,Bayern,Bezirk Schwaben,Günzburg,1888879,80–120,100.0
Industrie,Maschinenbau,Werkzeughersteller,Robert Röntgen GmbH & Co. KG,Auf dem Knapp 44,42855,Remscheid,02191-373-01,https://roentgen-saw.com/de/unternehmen/?no_cache=1,N.N.,Partner,1899.0,81350.0,F 100-249,180,10 - 50,40–60,50.0,0,,Nordrhein-Westfalen,Regierungsbezirk Düsseldorf,Remscheid,7377261,200–350,275.0
Industrie,Maschinenbau,Maschinenbauer,DESCH Antriebstechnik GmbH & Co. KG,Kleinbahnstr. 21,59759,Arnsberg,02932-300-0,https://www.desch.com/de/,Nidec Motors (Japan),Konzern,1906.0,113890.0,F 100-249,235,10 - 50,60–80,70.0,0,,Nordrhein-Westfalen,Regierungsbezirk Arnsberg,Hochsauerlandkreis,1522009,60–80,70.0
Industrie,Maschinenbau,Werkzeughersteller,Caisley International GmbH,Harderhook 31,46395,Bocholt,02871-23939-0,https://www.caisley.de/,Reinhard Nehls,Familien,1982.0,81350.0,F 100-249,200,50 - 100,40–60,50.0,0,,Nordrhein-Westfalen,Regierungsbezirk Münster,Borken,2419495,80–120,100.0
Industrie,Maschinenbau,Maschinenbauer,Rite-Hite GmbH,Carl-Zeiss-Str. 3,34471,Volkmarsen,05693-98700,https://www.ritehite.com/de/eu,Rite-Hite (USA),Familien,1992.0,81350.0,F 100-249,164,10 - 50,40–60,50.0,31,Mio. EUR,Hessen,Regierungsbezirk Kassel,Waldeck-Frankenberg,562774,10–15,12.5
Industrie,Bauindustrie & Stahl,Stahlverarbeitung,Gebhardt - Stahl - GmbH,Runtestr. 33,59457,Werl,02922-9733-0,https://www.gebhardt-stahl.de/,Gebhardt Werl Familie,Familien,1973.0,49623.5,F 100-249,146,50 - 100,21–40,30.5,0,,Nordrhein-Westfalen,Regierungsbezirk Arnsberg,Soest,1558320,60–80,70.0
Industrie,Maschinenbau,Maschinenbauer,Lanico-Maschinenbau,Broitzemer Str. 25-28,38118,Braunschweig,0531-809060,https://www.lanico.de/,Niemsch Familie,Familien,1919.0,49623.5,F 100-249,116,10 - 50,21–40,30.5,13,Mio. EUR,Niedersachsen,,Braunschweig,655052,10–15,12.5
Industrie,Maschinenbau,Werkzeugbau,Wink Stanzwerkzeuge GmbH & Co. KG,Lerchenstr. 12-18,49828,Neuenhaus,05941-9270-0,https://www.wink.de/de.html,Carl Ferdinand Oetker,Familien,1989.0,49623.5,F 100-249,130,10 - 50,21–40,30.5,0,,Niedersachsen,,Grafschaft Bentheim,7409330,200–350,275.0
Industrie,Maschinenbau,Maschinenbauer,Hutchinson Stop-Choc GmbH & Co. KG,Benzstr. 42,71272,Renningen,07159-9219-0,https://www.stop-choc.de/de/,Total (Frankreich),Konzern,1958.0,49623.5,F 100-249,105,10 - 50,21–40,30.5,0,,Baden-Württemberg,Region Stuttgart,Böblingen,2180916,80–120,100.0
Industrie,Maschinenbau,Maschinenbauer,UNION Werkzeugmaschinen GmbH Chemnitz,Bornaer Str. 205,9114,Chemnitz,0371-6760044-0,https://www.unionchemnitz.de/,Herkules Group,Familien,1852.0,81350.0,F 100-249,180,10 - 50,40–60,50.0,0,,Sachsen,Direktionsbezirk Chemnitz,Chemnitz,409655,10–15,12.5
Industrie,Maschinenbau,Maschinenbauer,Tipper Tie technopack GmbH,Wilhelm-Bergner-Str. 9a,21509,Glinde,040-727704-0,https://www.jbtc.com/foodtech/products-and-solutions/brands/tipper-tie/,JBT Corporation (USA),Konzern,1952.0,81350.0,F 100-249,200,10 - 50,40–60,50.0,0,,Schleswig-Holstein,,Stormarn,1128395,21–40,30.5
Industrie,Maschinenbau,Maschinenbauer,Schröder Maschinenbau GmbH & Co. KG,Esch 11,33824,Werther (Westfalen),05203-9700-0,https://schroeder-maschinen.de/,JBT Corporation (USA),Konzern,,49623.5,F 100-249,139,10 - 50,21–40,30.5,0,,Nordrhein-Westfalen,Regierungsbezirk Detmold,Gütersloh,722576,15–20,17.5
Industrie,Bauindustrie & Stahl,Stahlverarbeitung,Ervin Germany GmbH,Auf dem Bruch 11,45549,Sprockhövel,02324-904980,https://www.ervin.eu/,Ervin Industries Inc. (USA),Konzern,2007.0,49623.5,F 100-249,123,10 - 50,21–40,30.5,0,,Nordrhein-Westfalen,Regierungsbezirk Arnsberg,Ennepe-Ruhr-Kreis,10530164,350–600,475.0
Industrie,Maschinenbau,Werkzeughersteller,"J. König GmbH & Co. Werkzeugfabrik,",Dieselstr. 2,76227,Karlsruhe,0721-40905-0,https://www.j-koenig.de/,Familie Petri,Familien,1925.0,49623.5,F 100-249,131,10 - 50,21–40,30.5,0,,Baden-Württemberg,Region Mittlerer Oberrhein,Karlsruhe (Stadt),805250,15–20,17.5
Industrie,Maschinenbau,Werkzeugbau,Alfred Konrad Veith GmbH &Co. KG,Verrenberger Weg 1,74613,Öhringen,07941-6980,https://veith-kg.de/,Kapfer-Pfledderer Familie,Familien,1948.0,81350.0,F 100-249,200,50 - 100,40–60,50.0,0,,Baden-Württemberg,Region Heilbronn-Franken,Hohenlohekreis,1034299,21–40,30.5
Industrie,Bauindustrie & Stahl,Stahlverarbeitung,Lebronze Alloys Germany GmbH,Altenaer Str. 109,58507,Lüdenscheid,02351-181-0,https://www.lebronze-alloys.com/de,LeBronze (Frankreich),Konzern,1879.0,81350.0,F 100-249,189,50 - 100,40–60,50.0,0,,Nordrhein-Westfalen,Regierungsbezirk Arnsberg,Märkischer Kreis,4730767,120–200,160.0
Industrie,Maschinenbau,Maschinenbauer,VARIOVAC PS SystemPack GmbH,Ernst-Litfaß-Str. 3+5,19246,Zarrentin am Schaalsee,038851-823-0,https://www.variovac.de/de/,Reimer/Huchzermeyer-Kessler,Partner,1970.0,81350.0,F 100-249,152,10 - 50,40–60,50.0,0,,Mecklenburg-Vorpommern,,Ludwigslust-Parchim,2009159,80–120,100.0
Industrie,Bauindustrie & Stahl,Stahlverarbeitung,BRUGG Rohrsysteme GmbH,Adolf-Oesterheld-Str. 31,31515,Wunstorf,05031-170-0,https://www.bruggpipes.com/,"Merker,Suhner,Wartmann Familien (Schweiz)",Familien,,49623.5,F 100-249,105,10 - 50,21–40,30.5,0,,Niedersachsen,,Hannover,4383198,120–200,160.0
Industrie,Maschinenbau,Maschinenbauer,ZPM Zeulenroda Präzision,Industriestr. 1,7937,Zeulenroda-Triebes,036628-84-0,https://www.zr-praezision.de/,Martin Reußner,Familien,1991.0,113890.0,F 100-249,202,50 - 100,60–80,70.0,0,,Thüringen,,Greiz,7348197,200–350,275.0
Industrie,Bauindustrie & Stahl,Stahlverarbeitung,Deutsche Nickel GmbH,Rosenweg 15,58239,Schwerte,02304-108-0,https://www.deutsche-nickel.de/,Wickeder Westfalenstahl Familie,Familien,1861.0,113890.0,F 100-249,220,50 - 100,60–80,70.0,0,,Nordrhein-Westfalen,Regierungsbezirk Arnsberg,Unna,4158819,120–200,160.0
Industrie,Maschinenbau,Werkzeugbau,Horst Scholz GmbH & Co. KG,Nalser Str. 39,96317,Kronach,09261-6077-0,https://www.scholz-htik.de/,Gertrud Ebert,Familien,1974.0,49623.5,F 100-249,125,10 - 50,21–40,30.5,0,,Bayern,Bezirk Oberfranken,Kronach,383039,10–15,12.5
Industrie,Maschinenbau,Maschinenbauer,ROMACO Pharmatechnik GmbH,Am Heegwald 11,76227,Karlsruhe,0721-4804-0,https://www.romaco.com/en/home/,Truking-Gruppe (China),Sonstige,1989.0,81350.0,F 100-249,181,10 - 50,40–60,50.0,38,Mio. EUR,Baden-Württemberg,Region Mittlerer Oberrhein,Karlsruhe (Stadt),861295,15–20,17.5
Industrie,Maschinenbau,Maschinenbauer,Strothmann Machines & Handling GmbH,Altenkamp 11,33758,Schloß Holte-Stukenbrock,05207-9122-0,https://strothmann.com/,Siempelkamp Nf. Familie,Familien,,49623.5,F 100-249,119,10 - 50,21–40,30.5,20,Mio. EUR,Nordrhein-Westfalen,Regierungsbezirk Detmold,Gütersloh,661525,10–15,12.5
Industrie,Maschinenbau,Maschinenbauer,Dipl.-Ing. Herwarth Reich GmbH,Vierhausstr. 53,44807,Bochum,0234-95916-0,https://www.reich-kupplungen.com/,Reich Familie,Familien,1946.0,113890.0,F 100-249,203,10 - 50,60–80,70.0,35,Mio. EUR,Nordrhein-Westfalen,Regierungsbezirk Arnsberg,Bochum,1252169,40–60,50.0
Industrie,Maschinenbau,Werkzeugbau,a.i.m. all in metal GmbH,Am Leuchtenbau 5,9514,Pockau-Lengefeld,037367-324-231,https://alles-in-metall.de/,Eberhard Mayr,Familien,1993.0,113890.0,F 100-249,220,10 - 50,60–80,70.0,0,,Sachsen,Direktionsbezirk Chemnitz,Erzgebirgskreis,11811006,350–600,475.0
Industrie,Maschinenbau,Maschinenbauer,Gesellschaft für Oeltechnik mbH,Lessingstr. 32,68753,Waghäusel,07254-981-0,https://oeltechnik.com/,Oeltechnik Gruppe,Sonstige,1953.0,49623.5,F 100-249,150,10 - 50,21–40,30.5,29,Mio. EUR,Baden-Württemberg,Region Mittlerer Oberrhein,Karlsruhe (Kreis),395701,10–15,12.5
Industrie,Maschinenbau,Maschinenbauer,ProKASRO Mechatronik GmbH,Im Schlehert 6,76187,Karlsruhe,0721-95082-0,https://www.prokasro.de/,Haberkorn/Reinhardt,Partner,2000.0,81350.0,F 100-249,156,10 - 50,40–60,50.0,0,,Baden-Württemberg,Region Mittlerer Oberrhein,Karlsruhe (Stadt),1206966,40–60,50.0
Industrie,Maschinenbau,Maschinenbauer,Ring Maschinenbau GmbH,Blocksbergstr. 151,66955,Pirmasens,06331-5181-0,https://www.ring-group.com/,Familie Ring Pirmasens,Familien,,81350.0,F 100-249,190,10 - 50,40–60,50.0,0,,Rheinland-Pfalz,,Pirmasens,2148383,80–120,100.0
Industrie,Maschinenbau,Werkzeugbau,Helmut Diebold GmbH & Co.,An der Sägmühle 4,72417,Jungingen,07477-871-0,https://www.hsk.com/,Diebold Familie,Familien,1952.0,49623.5,F 100-249,120,10 - 50,21–40,30.5,0,,Baden-Württemberg,Region Neckar-Alb,Zollernalbkreis,1405749,40–60,50.0
Industrie,Maschinenbau,Maschinenbauer,E N T E X Rust & Mitschke GmbH,Heinrichstr. 67a,44805,Bochum,0234-89122-0,https://www.entex.de/,Harald Rust,Familien,1986.0,49623.5,F 100-249,130,10 - 50,21–40,30.5,0,,Nordrhein-Westfalen,Regierungsbezirk Arnsberg,Bochum,3314727,120–200,160.0
Industrie,Maschinenbau,Maschinenbauer,Transnova RUF,Rudolf-Diesel-Str. 12,91522,Ansbach,0981-96984-0,https://www.transnova-ruf.de/de/,Ruf Ansbach Familie,Familien,1993.0,113890.0,F 100-249,207,50 - 100,60–80,70.0,0,,Bayern,Bezirk Mittelfranken,Ansbach (Stadt),585400,10–15,12.5
Industrie,Maschinenbau,Werkzeughersteller,Ruwac Industriesauger GmbH,Westhoyeler Str. 25,49328,Melle,05226-98300,https://www.ruwac.de/,Runge Melle Familie,Familien,1976.0,49623.5,F 100-249,150,10 - 50,21–40,30.5,0,,Niedersachsen,,Osnabrück,772093,15–20,17.5
Industrie,Maschinenbau,Maschinenbauer,OptoTech Optikmaschinen GmbH,Löbstedter Str. 74,7749,Jena,0641-98203-0,https://www.optotech.de/,Roland Mandler,Familien,1985.0,81350.0,F 100-249,169,10 - 50,40–60,50.0,0,,Thüringen,,Jena,1511452,60–80,70.0
Industrie,Bauindustrie & Stahl,Stahlverarbeitung,Flanschenwerk Bebitz GmbH,Lebendorfer Str. 3,6420,Könnern OT Bebitz,034691-40-255,http://www.bebitz.de/,Dhruv Kochhar (Indien),Familien,1911.0,81350.0,F 100-249,194,10 - 50,40–60,50.0,28,Mio. EUR,Sachsen-Anhalt,,Salzlandkreis,683794,10–15,12.5
Industrie,Maschinenbau,Maschinenbauer,Gardner Denver Schopfheim GmbH,Johann-Sutter-Str. 6+8,79650,Schopfheim,07622-392-0,https://www.gardnerdenver.com/de-de/officelocator,Ingersoll-Rand (Irland),Konzern,,113890.0,F 100-249,231,50 - 100,60–80,70.0,60,Mio. EUR,Baden-Württemberg,Region Hochrhein-Bodensee,Lörrach,1291228,40–60,50.0
Industrie,Maschinenbau,Maschinenbauer,H. Schickling GmbH,Visbeker Damm 1a,49429,Visbek,04445-9669-0,https://www.hschickling.de/,Schickling Familie,Familien,1989.0,81350.0,F 100-249,200,50 - 100,40–60,50.0,0,,Niedersachsen,,Vechta,5898452,200–350,275.0
Industrie,Maschinenbau,Maschinenbauer,Weber Maschinenbau GmbH Breidenbach,Günther-Weber-Str. 3,35236,Breidenbach,06465-918-0,https://www.weberweb.com/de/,Weber Breidenbach Familie,Familien,1980.0,81350.0,F 100-249,175,100 - 250,40–60,50.0,174,Mio. EUR,Hessen,Regierungsbezirk Gießen,Marburg-Biedenkopf,8523851,200–350,275.0
Industrie,Maschinenbau,Maschinenbauer,OPS-INGERSOLL Funkenerosion GmbH,Daimlerstr. 22,57299,Burbach,02736-446-0,https://www.ops-ingersoll.de/,Rainer Jung u.a.,Partner,2003.0,49623.5,F 100-249,133,10 - 50,21–40,30.5,49,Mio. EUR,Nordrhein-Westfalen,Regierungsbezirk Arnsberg,Siegen-Wittgenstein,1162069,21–40,30.5
Industrie,Maschinenbau,Maschinenbauer,Bürener Maschinenfabrik GmbH,Fürstenberger Str. 37,33142,Büren,02951-604-0,https://bmf.de/,Heinrich Steinbrecher,Familien,1957.0,113890.0,F 100-249,248,50 - 100,60–80,70.0,0,,Nordrhein-Westfalen,Regierungsbezirk Detmold,Paderborn,3170544,120–200,160.0
Industrie,Bauindustrie & Stahl,Stahlverarbeitung,EZM Edelstahlzieherei Mark GmbH,Auf der Bleiche 26,58300,Wetter (Ruhr),02335-977-0,https://www.ezm-mark.de/14/Start.htm,N.N.,Partner,1906.0,113890.0,F 100-249,201,50 - 100,60–80,70.0,0,,Nordrhein-Westfalen,Regierungsbezirk Arnsberg,Ennepe-Ruhr-Kreis,4318817,120–200,160.0
Industrie,Maschinenbau,Werkzeugbau,Zimmermann Formenbau GmbH,Blaumühlenweg 5,35075,Gladenbach,06462-209-0,https://ziform.de/,Prange Mittelstandsbeteiligung,Investoren,1999.0,49623.5,F 100-249,122,10 - 50,21–40,30.5,0,,Hessen,Regierungsbezirk Gießen,Marburg-Biedenkopf,2971789,120–200,160.0
Industrie,Maschinenbau,Maschinenbauer,Schnupp GmbH & Co. Hydraulik KG,Further Str. 63,94327,Bogen,09422-8525-0,https://www.schnupp.de/,Schnupp Familie,Familien,1979.0,81350.0,F 100-249,170,10 - 50,40–60,50.0,0,,Bayern,Bezirk Niederbayern,Straubing-Bogen,2158331,80–120,100.0
Industrie,Maschinenbau,Maschinenbauer,Gerhard Schubert GmbH,Hofäckerstr. 7,74564,Crailsheim,07951-400-0,https://www.schubert.group/de/,Schubert Crailsheim Familie,Familien,1966.0,113890.0,E 250-499,250,100 - 250,60–80,70.0,0,,Baden-Württemberg,Region Heilbronn-Franken,Schwäbisch Hall,3637211,120–200,160.0
Industrie,Maschinenbau,Maschinenbauer,Wilhelm Vogel GmbH Antriebstechnik,Stattmannstr. 1,72644,Oberboihingen,07022-6001-0,https://www.vogel-antriebe.de/,Uhlmann Nf. Familie,Familien,1946.0,113890.0,F 100-249,221,50 - 100,60–80,70.0,0,,Baden-Württemberg,Region Stuttgart,Esslingen,667553,10–15,12.5
Industrie,Maschinenbau,Maschinenbauer,WOLL MASCHINENBAU GmbH,Krughütter Str. 93,66128,Saarbrücken,0681-97024-0,http://www.woll-maschinenbau.de/,Woll Saarbrücken Familie,Familien,1960.0,113890.0,F 100-249,213,10 - 50,60–80,70.0,46,Mio. EUR,Saarland,,Regionalverband Saarbrücken,1968683,80–120,100.0
Industrie,Maschinenbau,Maschinenbauer,Kuhn & Möhrlein GmbH,Zeppelinstr. 10,66557,Illingen,06825-9311-0,http://www.kuhn-moehrlein.de/alt/,Möhrlein Familie,Familien,1981.0,49623.5,F 100-249,130,10 - 50,21–40,30.5,0,,Saarland,,Neunkirchen,1175427,21–40,30.5
Industrie,Maschinenbau,Maschinenbauer,RAS Reinhardt Maschinenbau GmbH,Richard-Wagner-Str. 4-10,71065,Sindelfingen,07031-863-0,https://www.ras-online.de/,Stahl Familie,Familien,1939.0,113890.0,F 100-249,238,50 - 100,60–80,70.0,0,,Baden-Württemberg,Region Stuttgart,Böblingen,2433204,80–120,100.0
Industrie,Bauindustrie & Stahl,Stahlverarbeitung,Ritter Leichtmetallguß GmbH,Ritterstr. 1,71384,Weinstadt,07151-9631-0,https://www.ritter-leichtmetallguss.de/,Richard Ritter Stiftung,Stiftungen,1946.0,113890.0,E 250-499,251,50 - 100,60–80,70.0,55,Mio. EUR,Baden-Württemberg,Region Stuttgart,Rems-Murr-Kreis,3364975,120–200,160.0
Industrie,Maschinenbau,Maschinenbauer,Wolf Verpackungsmaschinen GmbH,Bettenhäuser Str. 3,35423,Lich,06404-9182-0,https://wolf-packaging.com/,Harald Quandt Erben,Investoren,1988.0,81350.0,F 100-249,151,10 - 50,40–60,50.0,0,,Hessen,Regierungsbezirk Gießen,Gießen,478123,10–15,12.5
Industrie,Maschinenbau,Werkzeughersteller,Weisskopf Werkzeuge GmbH,Gleimershäuser Str. 5a,98617,Meiningen,03693-50170-0,https://www.weisskopf-tools.de/startseite/,Dr. Jochen Kress,Familien,1996.0,49623.5,F 100-249,107,10 - 50,21–40,30.5,0,,Thüringen,,Schmalkalden-Meiningen,3149821,120–200,160.0
Industrie,Maschinenbau,Maschinenbauer,mimatic GmbH,Westendstr. 3,87488,Betzigau,0831-57444-0,https://www.mimatic.de/de/,Merifin Capital (Belgien),Investoren,1974.0,49623.5,F 100-249,128,10 - 50,21–40,30.5,0,,Bayern,Bezirk Schwaben,Oberallgäu,3780501,120–200,160.0
Industrie,Maschinenbau,Maschinenbauer,Kinetics Germany GmbH,Am Dillhof 5,63863,Eschau,09374-9722-0,https://www.kinetics.net/,Quadriga Capital,Investoren,1973.0,81350.0,F 100-249,172,50 - 100,40–60,50.0,0,,Bayern,Bezirk Unterfranken,Miltenberg,389814,10–15,12.5
Industrie,Bauindustrie & Stahl,Stahlverarbeitung,ZGG - Zeitzer Guss GmbH,Naumburger Str. 52,6712,Zeitz,03441-228710,https://www.silbitz-group.com/de/zeitzer-guss-gmbh.html,Deutsche Beteiligungs AG,Investoren,,113890.0,F 100-249,230,50 - 100,60–80,70.0,0,,Sachsen-Anhalt,,Burgenlandkreis,13701876,350–600,475.0
Industrie,Maschinenbau,Maschinenbauer,Franz Tölke GmbH,Fladderweg 15,49393,Lohne (Oldenburg),04442-9383-0,https://www.toelke.info/,Tölke Familie,Familien,1965.0,49623.5,F 100-249,112,10 - 50,21–40,30.5,0,,Niedersachsen,,Vechta,1566070,60–80,70.0
Industrie,Maschinenbau,Maschinenbauer,Wittmann Battenfeld Deutschland GmbH,Am Tower 2,90475,Nürnberg,09128-7099-0,https://www.wittmann-group.com/de_de,Wittmann Gruppe (Österreich),Sonstige,1976.0,49623.5,F 100-249,136,10 - 50,21–40,30.5,0,,Bayern,Bezirk Mittelfranken,Nürnberg,682332,10–15,12.5
Industrie,Maschinenbau,Maschinenbauer,Treffler Maschinenbau GmbH & Co. KG,Reichersteiner Str. 24,86554,Pöttmes,08253-9958-0,https://www.treffler.net/,Paul Treffler,Familien,,81350.0,F 100-249,200,50 - 100,40–60,50.0,0,,Bayern,Bezirk Schwaben,Aichach-Friedberg,3043604,120–200,160.0
Industrie,Maschinenbau,Maschinenbauer,Sama Maschinenbau GmbH,Schillerstr. 21,95163,Weißenstadt,09253-8890,https://sama.sacmi.com,Sacmi Group (Italien),Sonstige,1996.0,49623.5,F 100-249,121,10 - 50,21–40,30.5,0,,Bayern,Bezirk Oberfranken,Wunsiedel i.Fichtelgebirge,457179,10–15,12.5
Industrie,Maschinenbau,Maschinenbauer,Johannes Hübner,Siemensstr. 7,35394,Gießen,0641-7969-0,https://www.huebner-giessen.com/,Riedl-Hübner Familie,Familien,1934.0,49623.5,F 100-249,110,10 - 50,21–40,30.5,0,,Hessen,Regierungsbezirk Gießen,Gießen,982282,21–40,30.5
Industrie,Maschinenbau,Werkzeughersteller,Heller Tools GmbH,Steinfelder Str. 11,49413,Dinklage,04443-9621-0,https://www.hellertools.de/de/startseite/,Serafin Privat Holding,Investoren,1583.0,81350.0,F 100-249,160,10 - 50,40–60,50.0,24,Mio. EUR,Niedersachsen,,Vechta,1844253,80–120,100.0
Industrie,Bauindustrie & Stahl,Stahlverarbeitung,KRS - SEIGERT GmbH,Im Vorwerk 30,36456,Barchfeld-Immelborn,036961-50-0,https://www.krs-seigert.de/,Seigert Familie,Familien,1863.0,113890.0,F 100-249,240,10 - 50,60–80,70.0,40,Mio. EUR,Thüringen,,Wartburgkreis,6340526,200–350,275.0
Industrie,Maschinenbau,Maschinenbauer,Strema Maschinenbau GmbH,Kauerhofer Str. 4a-6,92237,Sulzbach-Rosenberg,09661-8702-0,https://www.strema.de/de/index.html,Wacker Sulzbach Familie,Familien,1981.0,28472.5,G 50-99,73,10 - 50,15–20,17.5,0,,Bayern,Bezirk Oberpfalz,Amberg-Sulzbach,1673634,60–80,70.0
Industrie,Maschinenbau,Maschinenbauer,Hassia Verpackungsmaschinen GmbH,Heegweg 19,63691,Ranstadt,06041-810,https://ima.it/foodanddairy/,Ima Group (Italien),Sonstige,1955.0,81350.0,F 100-249,180,10 - 50,40–60,50.0,0,,Hessen,Regierungsbezirk Darmstadt,Wetteraukreis,482102,10–15,12.5
Industrie,Bauindustrie & Stahl,Stahlverarbeitung,MetallArt GmbH,Hauffstr. 40,73084,Salach,07162-93200-0,https://www.metallart-treppen.de/,Schmid Salach Familie,Familien,1922.0,49623.5,F 100-249,140,50 - 100,21–40,30.5,0,,Baden-Württemberg,Region Stuttgart,Göppingen,1177625,21–40,30.5
Industrie,Maschinenbau,Maschinenbauer,RAMPP Maschinenbau GmbH & Co. KG,Dorfstr. 61,87772,Pfaffenhausen,08265-999-0,https://www.rampp.de/,Rampp/Merk/Weigele,Partner,1960.0,49623.5,F 100-249,130,10 - 50,21–40,30.5,0,,Bayern,Bezirk Schwaben,Unterallgäu,659389,10–15,12.5
Industrie,Maschinenbau,Werkzeughersteller,FELO-Werkzeugfabrik GmbH,Emil-Rössler-Str. 59,35279,Neustadt (Hessen),06692-88-0,https://www.felo.com/,Würth Familie,Familien,1878.0,49623.5,F 100-249,150,10 - 50,21–40,30.5,0,,Hessen,Regierungsbezirk Gießen,Marburg-Biedenkopf,1579089,60–80,70.0
Industrie,Maschinenbau,Maschinenbauer,Schmoll Maschinen GmbH,Odenwaldstr. 67,63322,Rödermark,06074-8901-0,https://www.schmoll-maschinen.de/,Kunz Rödermark Familie,Familien,1979.0,113890.0,F 100-249,232,100 - 250,60–80,70.0,0,,Hessen,Regierungsbezirk Darmstadt,Offenbach,3284502,120–200,160.0
Industrie,Maschinenbau,Werkzeughersteller,wolfcraft GmbH,Wolffstr. 1,56746,Kempenich,02655-51-0,https://www.wolfcraft.com/en/,Wolff Werkzeug Familie,Familien,1949.0,81350.0,F 100-249,194,50 - 100,40–60,50.0,80,Mio. EUR,Rheinland-Pfalz,Regierungsbezirk Koblenz,Ahrweiler,1882671,80–120,100.0
Industrie,Maschinenbau,Maschinenbauer,Leifeld Metal Spinning GmbH,Feldstr. 2-20,59229,Ahlen,02382-96607-0,https://leifeldms.com/,Nihon Spindle Manufacturing (Japan),Sonstige,1891.0,49623.5,F 100-249,110,10 - 50,21–40,30.5,0,,Nordrhein-Westfalen,Regierungsbezirk Münster,Warendorf,1014136,21–40,30.5
Industrie,Bauindustrie & Stahl,Stahlverarbeitung,PPM-Aberle GmbH & Co KG,Kluser 1,77793,Gutach (Schwarzwaldbahn),07833-7950,https://www.ppm-aberle.de/,PPM (China),Sonstige,1928.0,49623.5,F 100-249,130,50 - 100,21–40,30.5,0,,Baden-Württemberg,Region Südlicher Oberrhein,Ortenaukreis,3568692,120–200,160.0
Industrie,Maschinenbau,Werkzeughersteller,FLEX-Elektrowerkzeuge GmbH,Bahnhofstr. 15,71711,Steinheim an der Murr,07144-828-0,https://www.flex-tools.com/de-de,Chervon Group (China),Konzern,1922.0,113890.0,E 250-499,250,50 - 100,60–80,70.0,78,Mio. EUR,Baden-Württemberg,Region Stuttgart,Ludwigsburg,1255576,40–60,50.0
Industrie,Bauindustrie & Stahl,Stahlverarbeitung,Saar-Hartmetall und Werkzeuge GmbH,Matthias-Nickels-Str. 17a,66346,Püttlingen,06806-3089-0,https://www.saar-hartmetall.de/,Grün/Summa u.a.,Partner,1947.0,49623.5,F 100-249,150,10 - 50,21–40,30.5,0,,Saarland,,Regionalverband Saarbrücken,466528,10–15,12.5
Industrie,Bauindustrie & Stahl,Stahlverarbeitung,FRANK Walz- und Schmiedetechnik GmbH,Frankstr. 1,35116,Hatzfeld (Eder),06452-9331-0,https://frank-original.com/,Gesco Gruppe,Investoren,1836.0,81350.0,F 100-249,173,10 - 50,40–60,50.0,0,,Hessen,Regierungsbezirk Kassel,Waldeck-Frankenberg,5090487,200–350,275.0
Industrie,Bauindustrie & Stahl,Stahlverarbeitung,Heidenreich & Harbeck GmbH,Grambeker Weg 25-29,23879,Mölln,04542-824-0,https://www.hh-moelln.de/,LeiKo Capital,Investoren,1927.0,81350.0,F 100-249,190,50 - 100,40–60,50.0,0,,Schleswig-Holstein,,Herzogtum Lauenburg,3120763,120–200,160.0
Industrie,Maschinenbau,Werkzeugbau,MHT Mold & Hotrunner Technology AG,Dr. Ruben-Rausing-Str. 7,65239,Hochheim am Main,06146-906-0,https://www.mht-ag.de/,11 Partner + Mitarbeiter,Partner,1996.0,49623.5,F 100-249,108,10 - 50,21–40,30.5,0,,Hessen,Regierungsbezirk Darmstadt,Main-Taunus-Kreis,479408,10–15,12.5
Industrie,Maschinenbau,Maschinenbauer,Howden Turbowerke GmbH,Naundorfer Str. 4,1640,Coswig,03523-94-0,https://www.howden.com/en-gb,KPS Capital Partners (USA),Investoren,1859.0,49623.5,F 100-249,122,10 - 50,21–40,30.5,0,,Sachsen,Direktionsbezirk Dresden,Landkreis Meißen,842989,15–20,17.5
Industrie,Maschinenbau,Maschinenbauer,De Dietrich Process Systems GmbH,Hattenbergstr. 36,55122,Mainz,06131-9704-198,https://www.dedietrich.com/de,De Dietrich (Frankreich),Sonstige,1955.0,113890.0,F 100-249,203,10 - 50,60–80,70.0,40,Mio. EUR,Rheinland-Pfalz,,Mainz,740872,15–20,17.5
Industrie,Bauindustrie & Stahl,Stahlverarbeitung,Stahlrump GmbH & Co. KG,Scherlingstr. 82,58640,Iserlohn,02304-9100-0,https://stahlrump.de/de/,N.N.,Partner,1876.0,49623.5,F 100-249,130,50 - 100,21–40,30.5,0,,Nordrhein-Westfalen,Regierungsbezirk Arnsberg,Märkischer Kreis,6237664,200–350,275.0
Industrie,Maschinenbau,Maschinenbauer,Metso Outotec Germany GmbH,Grafenberger Allee 337a,40235,Düsseldorf,0211-2105-0,https://www.mogroup.com/de/,Metso (Finnland),Konzern,1913.0,81350.0,F 100-249,180,100 - 250,40–60,50.0,125,Mio. EUR,Nordrhein-Westfalen,Regierungsbezirk Düsseldorf,Düsseldorf,922291,21–40,30.5
Industrie,Maschinenbau,Maschinenbauer,DIOSNA Dierks & Söhne GmbH,Am Tie 23,49086,Osnabrück,0541-33104-0,https://www.diosna.com/uk/homepage.html,Breteche Group (Frankreich),Sonstige,1885.0,81350.0,F 100-249,200,50 - 100,40–60,50.0,0,,Niedersachsen,,Osnabrück,1371928,40–60,50.0
Industrie,Maschinenbau,Maschinenbauer,METALOCK ENGINEERING GERMANY GMBH,Gutenbergring 64,22848,Norderstedt,040-52845-0,https://www.metalockengineering.com/de/?utm_source=RedirectApp&utm_medium=Redirect&utm_campaign=https://www.metalock.de,Midroc (Schweden),Sonstige,1952.0,81350.0,F 100-249,200,10 - 50,40–60,50.0,0,,Schleswig-Holstein,,Segeberg,1187662,21–40,30.5
Industrie,Maschinenbau,Maschinenbauer,Wemhöner Surface Technologies,Planckstr. 7,32052,Herford,05221-7702-0,https://www.wemhoener.de/,Wemhöner Familie,Familien,1925.0,113890.0,E 250-499,250,100 - 250,60–80,70.0,0,,Nordrhein-Westfalen,Regierungsbezirk Detmold,Herford,5437766,200–350,275.0
Industrie,Maschinenbau,Maschinenbauer,Christ Packing Systems GmbH & Co. KG,Johannes-Gutenberg-Str. 12,87724,Ottobeuren,08332-910-0,https://www.christ-ps.com/de/,Christ Familie,Familien,1879.0,49623.5,F 100-249,150,10 - 50,21–40,30.5,0,,Bayern,Bezirk Schwaben,Unterallgäu,1534280,60–80,70.0
Industrie,Bauindustrie & Stahl,Stahlverarbeitung,Ostseestaal GmbH & Co. KG,An der Werft 17,18439,Stralsund,03831-2752-0,http://www.ostseestaal.de/,Central Industry Group (Niederlande),Sonstige,2000.0,81350.0,F 100-249,160,50 - 100,40–60,50.0,0,,Mecklenburg-Vorpommern,,Vorpommern-Rügen,1458921,40–60,50.0
Industrie,Maschinenbau,Maschinenbauer,MAP Maschinen- & Apparatebau,Grünauer Weg 121,14712,Rathenow,03385-565-0,https://map-rathenow.de/,Neuenhauser Gruppe,Familien,1897.0,113890.0,F 100-249,227,10 - 50,60–80,70.0,0,,Brandenburg,,Havelland,4810644,120–200,160.0
Industrie,Maschinenbau,Werkzeughersteller,Bayerische Maß-Industrie,Rosengasse 12,91217,Hersbruck,09151-7301-0,https://www.bmi.de/de/,Hans Keller,Familien,,49623.5,F 100-249,125,10 - 50,21–40,30.5,0,,Bayern,Bezirk Mittelfranken,Nürnberger Land,931251,21–40,30.5
Industrie,Bauindustrie & Stahl,Stahlverarbeitung,"Stahl- und Drahtwerk Röslau,",Hofer Str. 16-17,95195,Röslau,09238-809-0,https://www.roeslau-draht.com/,N.N.,Partner,1882.0,49623.5,F 100-249,145,50 - 100,21–40,30.5,0,,Bayern,Bezirk Oberfranken,Hof (Kreis),1565437,60–80,70.0
Industrie,Bauindustrie & Stahl,Stahlverarbeitung,Nosta GmbH,An der Bahn 5,89420,Höchstädt a.d.Donau,09074-42-0,https://www.nosta.com/,Ludley Familie,Familien,1976.0,113890.0,F 100-249,206,10 - 50,60–80,70.0,0,,Bayern,Bezirk Schwaben,Dillingen a.d.Donau,1759093,60–80,70.0
Industrie,Maschinenbau,Werkzeugbau,Seco Tools GmbH,Steinhof 24,40699,Erkrath,0211-2401-0,https://www.secotools.com/,Seco Tools (Schweden),Sonstige,,81350.0,F 100-249,179,50 - 100,40–60,50.0,0,,Nordrhein-Westfalen,Regierungsbezirk Düsseldorf,Mettmann,512113,10–15,12.5
Industrie,Maschinenbau,Maschinenbauer,HAMMEL Recyclingtechnik GmbH,Leimbacher Str. 130,36433,Bad Salzungen,03695-6991-0,https://www.hammel.de/index.php/de/,Lana Domicile Partners,Investoren,1996.0,81350.0,F 100-249,163,10 - 50,40–60,50.0,22,Mio. EUR,Thüringen,,Wartburgkreis,507061,10–15,12.5
Industrie,Maschinenbau,Werkzeughersteller,Günter Effgen GmbH,Am Teich 3-5,55756,Herrstein,06785-18-0,https://effgen.com/,Effgen Familie,Familien,1922.0,113890.0,E 250-499,250,10 - 50,60–80,70.0,0,,Rheinland-Pfalz,Regierungsbezirk Koblenz,Birkenfeld,2411494,80–120,100.0
Industrie,Bauindustrie & Stahl,Stahlverarbeitung,Hubl GmbH,Reutwiesenstr. 44-50,71665,Vaihingen an der Enz,07042-8245-0,https://www.hubl-gmbh.de/,Gesco Gruppe,Investoren,1976.0,49623.5,F 100-249,101,10 - 50,21–40,30.5,0,,Baden-Württemberg,Region Stuttgart,Ludwigsburg,421482,10–15,12.5
Industrie,Maschinenbau,Maschinenbauer,KARL SCHNELL GmbH & Co. KG,Mühlstr. 30,73650,Winterbach,07181-962-0,https://www.karlschnell.de/,Schnell Winterbach Familie,Familien,1948.0,81350.0,F 100-249,200,50 - 100,40–60,50.0,0,,Baden-Württemberg,Region Stuttgart,Rems-Murr-Kreis,2630352,120–200,160.0
Industrie,Maschinenbau,Maschinenbauer,Maschinenbau Dahme GmbH,Nachthainichenweg 20,15936,Dahme/Mark,035451-890,https://www.mb-dahme.de/,Dastig Familie,Familien,1947.0,49623.5,F 100-249,130,10 - 50,21–40,30.5,0,,Brandenburg,,Teltow-Fläming,2379001,80–120,100.0
Industrie,Bauindustrie & Stahl,Stahlverarbeitung,Kemptener Eisengießerei Adam Hönig AG,Adam-Hönig-Str. 1,87435,Kempten (Allgäu),0831-58110-0,http://www.kemptener-eisengiesserei.de,Erbengemeinschaft Hönig,Familien,1946.0,81350.0,F 100-249,159,50 - 100,40–60,50.0,0,,Bayern,Bezirk Schwaben,Kempten (Allgäu),863460,15–20,17.5
Industrie,Maschinenbau,Maschinenbauer,Kompressorenbau Bannewitz GmbH,Windbergstr. 45,1728,Bannewitz,0351-4085-626,https://kbb-turbo.com/de,Ogepar Holding (Luxemburg),Sonstige,1910.0,81350.0,F 100-249,172,10 - 50,40–60,50.0,34,Mio. EUR,Sachsen,Direktionsbezirk Dresden,Sächsische Schweiz Osterzgeb.,5473365,200–350,275.0
Industrie,Maschinenbau,Werkzeugbau,Preßwerkzeugbau Großdubrau GmbH,Richard-Reinicke-Str. 8,2694,Großdubrau,035934-20,http://www.pwb-online.de/,Baier Marbach Familie,Familien,1907.0,49623.5,F 100-249,110,10 - 50,21–40,30.5,0,,Sachsen,Direktionsbezirk Dresden,Bautzen,3286029,120–200,160.0
Industrie,Maschinenbau,Werkzeugbau,FKT Formenbau und Kunststofftechnik GmbH,Jahnstr. 2,7819,Triptis,036482-87-0,http://www.fkt-triptis.de/,Udo Staps,Familien,1924.0,49623.5,F 100-249,115,10 - 50,21–40,30.5,0,,Thüringen,,Saale-Orla-Kreis,1303880,40–60,50.0
Industrie,Maschinenbau,Maschinenbauer,FGM Fritz Gradert,Schmiedekamp 12-18,25560,Schenefeld,04892-80820,http://www.fgm-gradert.de/,Gradert Familie,Familien,1971.0,81350.0,F 100-249,200,50 - 100,40–60,50.0,0,,Schleswig-Holstein,,Steinburg,2671716,120–200,160.0
Industrie,Maschinenbau,Maschinenbauer,Felss Systems GmbH,Göppinger Str. 1-3,75179,Pforzheim,07231-3199-0,https://www.felss.com/de/kontakt/!/vertretungen,Capvis Equity (Schweiz),Investoren,1906.0,49623.5,F 100-249,146,10 - 50,21–40,30.5,0,,Baden-Württemberg,Region Nordschwarzwald,Pforzheim,1104143,21–40,30.5
Industrie,Maschinenbau,Maschinenbauer,Horn Glass Industries AG,Bergstr. 2,95703,Plößberg,09636-9204-0,https://www.hornglass.com/de/,Certina Holding AG (Schweiz),Investoren,1884.0,113890.0,F 100-249,235,10 - 50,60–80,70.0,0,,Bayern,Bezirk Oberpfalz,Tirschenreuth,2025465,80–120,100.0
Industrie,Maschinenbau,Maschinenbauer,MOTORTECH GmbH,Hogrevestr. 21-23,29223,Celle,05141-93990,https://www.motortech.de/,Generac (USA),Konzern,1988.0,113890.0,E 250-499,250,50 - 100,60–80,70.0,0,,Niedersachsen,,Celle,632889,10–15,12.5
Industrie,Maschinenbau,Maschinenbauer,Georg Sahm GmbH & Co. KG,Sudetenlandstr. 33,37269,Eschwege,05651-804-0,https://www.sahmwinder.de/,FSH-Gruppe Huemer Familie (Österreich),Familien,1945.0,81350.0,F 100-249,180,10 - 50,40–60,50.0,0,,Hessen,Regierungsbezirk Kassel,Werra-Meißner-Kreis,2668393,120–200,160.0
Industrie,Maschinenbau,Maschinenbauer,"J. A. Becker & Söhne Maschinenfabrik,",Hauptstr. 102,74235,Erlenbach,07132-367-0,http://www.jab-becker.de/start.html,Böck Familie,Familien,1897.0,49623.5,F 100-249,140,10 - 50,21–40,30.5,0,,Baden-Württemberg,Region Heilbronn-Franken,Heilbronn (Kreis),576864,10–15,12.5
Industrie,Maschinenbau,Maschinenbauer,A. & C. KOSIK GmbH,Hirschberger Str. 1,93309,Kelheim,09441-508-0,https://www.kosik.de/unternehmen/firmenportrait/,Kosik Familie,Familien,1923.0,113890.0,F 100-249,224,50 - 100,60–80,70.0,0,,Bayern,Bezirk Niederbayern,Kelheim,3547791,120–200,160.0
Industrie,Maschinenbau,Maschinenbauer,A. MANNESMANN MASCHINENFABRIK GmbH,Bliedinghauser Str. 27,42859,Remscheid,02191-989-0,https://www.amannesmann.de/,Max-Wilhelm Schenck,Familien,1796.0,81350.0,F 100-249,180,10 - 50,40–60,50.0,0,,Nordrhein-Westfalen,Regierungsbezirk Düsseldorf,Remscheid,1105856,21–40,30.5
Industrie,Maschinenbau,Maschinenbauer,Hofmann Maschinen- und Anlagenbau GmbH,Altrheinstr. 11,67550,Worms,06242-904-0,https://www.hofmannmaschinen.com/,N.N.,Partner,1931.0,81350.0,F 100-249,159,10 - 50,40–60,50.0,0,,Rheinland-Pfalz,,Worms,545034,10–15,12.5
Industrie,Bauindustrie & Stahl,Stahlverarbeitung,PS Laser GmbH & Co. KG,Bahnhofstr. 56,27321,Thedinghausen,04204-9986-0,https://www.ps-laser.de/,Jürgen Schröder,Familien,1988.0,81350.0,F 100-249,160,50 - 100,40–60,50.0,0,,Niedersachsen,,Verden,4756606,120–200,160.0
Industrie,Maschinenbau,Maschinenbauer,Wächter Packautomatik GmbH & Co. KG,Adam-Opel-Str. 1-5,33181,Bad Wünnenberg,02957-9812-0,https://waechter-packautomatik.de/,Wächter Familie,Familien,1975.0,81350.0,F 100-249,182,10 - 50,40–60,50.0,0,,Nordrhein-Westfalen,Regierungsbezirk Detmold,Paderborn,589038,10–15,12.5
Industrie,Maschinenbau,Maschinenbauer,HÄNSEL Processing GmbH,Lister Damm 19,30163,Hannover,0511-6267-0,https://www.haensel-processing.de/,Possehl-Stiftung,Stiftungen,1911.0,49623.5,F 100-249,150,10 - 50,21–40,30.5,33,Mio. EUR,Niedersachsen,,Hannover,325973,10–15,12.5
Industrie,Maschinenbau,Maschinenbauer,Fecken-Kirfel GmbH & Co. KG,Prager Ring 1-15,52070,Aachen,0241-18202-100,https://www.fecken-kirfel.de,Familie Schiffer Aachen,Familien,1870.0,81350.0,F 100-249,200,10 - 50,40–60,50.0,0,,Nordrhein-Westfalen,Regierungsbezirk Köln,Städteregion Aachen,2392651,80–120,100.0
Industrie,Maschinenbau,Maschinenbauer,Zeck Holding GmbH,Columba-Schonath-Str. 6,96110,Scheßlitz,09542-9494-0,https://www.zeck-gmbh.com/,Zeck Familie,Familien,1918.0,49623.5,F 100-249,120,10 - 50,21–40,30.5,0,,Bayern,Bezirk Oberfranken,Bamberg (Kreis),3264464,120–200,160.0
Industrie,Maschinenbau,Werkzeugbau,Wohlhaupter GmbH,Maybachstr. 4,72636,Frickenhausen,07022-408-0,http://www.wohlhaupter.de/home/,Wohlhaupter Familie,Familien,1929.0,81350.0,F 100-249,180,10 - 50,40–60,50.0,0,,Baden-Württemberg,Region Stuttgart,Esslingen,1707261,60–80,70.0
Industrie,Maschinenbau,Werkzeughersteller,falch gmbh,Street of water jetting 1,89143,Blaubeuren,07337-81-0,https://www.falch.com/de/,Falch Merklingen Familie,Familien,1986.0,49623.5,F 100-249,120,10 - 50,21–40,30.5,0,,Baden-Württemberg,Region Donau-Iller,Alb-Donau-Kreis,4640365,120–200,160.0
Industrie,Maschinenbau,Maschinenbauer,TRUMPF Werkzeugmaschinen Teningen GmbH,Emmendinger Str. 21,79331,Teningen,07641-4609-0,https://www.trumpf.com/no_cache/de_DE/unternehmen/trumpf-gruppe/standorte/standort/teningen/,Kammüller/Leibinger Familien,Familien,1935.0,81350.0,F 100-249,160,10 - 50,40–60,50.0,0,,Baden-Württemberg,Region Südlicher Oberrhein,Emmendingen,561874,10–15,12.5
Industrie,Maschinenbau,Maschinenbauer,WELLAND & TUXHORN AG,Gütersloher Str. 257,33649,Bielefeld,0521-9418-0,http://www.welland-tuxhorn.de/,N.N.,Partner,1901.0,81350.0,F 100-249,183,10 - 50,40–60,50.0,44,Mio. EUR,Nordrhein-Westfalen,Regierungsbezirk Detmold,Bielefeld,830518,15–20,17.5
Industrie,Maschinenbau,Maschinenbauer,RINGSPANN GmbH,Schaberweg 30-34,61348,Bad Homburg v. d. Höhe,06172-275-0,https://www.ringspann.com/de,Karl Stroh/Maurer Familie u.a.,Partner,1944.0,113890.0,E 250-499,250,10 - 50,60–80,70.0,0,,Hessen,Regierungsbezirk Darmstadt,Hochtaunuskreis,6606511,200–350,275.0
Industrie,Maschinenbau,Maschinenbauer,Gebr. Saacke GmbH & Co. KG,Kanzlerstr. 250,75181,Pforzheim,07231-956-0,http://saacke-pforzheim.de/,Saacke Familie Pforzheim,Familien,1892.0,81350.0,F 100-249,175,10 - 50,40–60,50.0,0,,Baden-Württemberg,Region Nordschwarzwald,Pforzheim,1826182,80–120,100.0
Industrie,Maschinenbau,Maschinenbauer,HÄNDLE GmbH Maschinen und Anlagenbau,Industriestr. 47,75417,Mühlacker,07041-891-1,https://www.haendle.com/,J.C. Steele and Sons Inc. (USA),Konzern,1870.0,49623.5,F 100-249,120,10 - 50,21–40,30.5,0,,Baden-Württemberg,Region Nordschwarzwald,Enzkreis,1068479,21–40,30.5
Industrie,Maschinenbau,Maschinenbauer,LIFTKET Hoffmann GmbH,Dresdener Str. 66-68,4808,Wurzen,03425-8924-0,https://www.liftket.de/,Afinum,Investoren,1948.0,81350.0,F 100-249,155,10 - 50,40–60,50.0,0,,Sachsen,Direktionsbezirk Leipzig,Landkreis Leipzig,4214841,120–200,160.0
Industrie,Maschinenbau,Maschinenbauer,Wälischmiller Engineering GmbH,Schießstattweg 16,88677,Markdorf,07544-9514-0,https://www.hwm.com/,Carr's Milling Industries (Vereinigtes Königreich),Konzern,1946.0,49623.5,F 100-249,120,10 - 50,21–40,30.5,0,,Baden-Württemberg,Region Bodensee-Oberschwaben,Bodenseekreis,758541,15–20,17.5
Industrie,Maschinenbau,Maschinenbauer,MATO GmbH & Co KG,Benzstr. 16-24,63165,Mühlheim am Main,06108-906-0,https://www.mato.de/,Dr. Klaus Haupt,Partner,1906.0,49623.5,F 100-249,144,10 - 50,21–40,30.5,0,,Hessen,Regierungsbezirk Darmstadt,Offenbach,1558023,60–80,70.0
Industrie,Maschinenbau,Maschinenbauer,Otto Martin,Langenberger Str. 6,87724,Ottobeuren,08332-911-0,https://martin.info/,Martin Ottobeuren Familie,Familien,1922.0,49623.5,F 100-249,145,10 - 50,21–40,30.5,0,,Bayern,Bezirk Schwaben,Unterallgäu,1061787,21–40,30.5
Industrie,Maschinenbau,Maschinenbauer,HEBENSTREIT GmbH,Hessenring 16,64546,Mörfelden-Walldorf,06105-202-0,https://www.hebenstreit.de/de/home,IIH-Inter Invest Holding (Schweiz),Investoren,1898.0,81350.0,F 100-249,182,10 - 50,40–60,50.0,38,Mio. EUR,Hessen,Regierungsbezirk Darmstadt,Groß-Gerau,3964064,120–200,160.0
Industrie,Maschinenbau,Maschinenbauer,Scheugenpflug GmbH,Gewerbepark 23,93333,Neustadt a.d.Donau,09445-9564-0,https://www.scheugenpflug-dispensing.com/,Atlas Copco (Schweden),Konzern,1990.0,81350.0,F 100-249,170,50 - 100,40–60,50.0,65,Mio. EUR,Bayern,Bezirk Niederbayern,Kelheim,2256750,80–120,100.0
Industrie,Maschinenbau,Maschinenbauer,ABI Maschinenfabrik und,Am Knückel 4,63843,Niedernberg,06028-123-0,https://www.abi-gmbh.com/,Heichel Familie,Familien,1974.0,81350.0,F 100-249,200,50 - 100,40–60,50.0,0,,Bayern,Bezirk Unterfranken,Miltenberg,563152,10–15,12.5
Industrie,Maschinenbau,Maschinenbauer,LAWECO Maschinen- und Apparatebau GmbH,In der Tütenbeke 23,32339,Espelkamp,05772-202-0,https://www.laweco.de/,Lagemann Familie,Familien,,49623.5,F 100-249,111,10 - 50,21–40,30.5,19,Mio. EUR,Nordrhein-Westfalen,Regierungsbezirk Detmold,Minden-Lübbecke,579268,10–15,12.5
Industrie,Maschinenbau,Maschinenbauer,Maschinenfabrik Herbert Meyer GmbH,Herbert-Meyer-Str. 1,92444,Rötz,09976-208-0,https://www.meyer-machines.com/,Meyer Rötz Familie,Familien,1949.0,49623.5,F 100-249,150,10 - 50,21–40,30.5,0,,Bayern,Bezirk Oberpfalz,Cham,878868,15–20,17.5
Industrie,Maschinenbau,Maschinenbauer,SMC Deutschland GmbH,Boschring 13-15,63329,Egelsbach,06103-402-0,https://www.smc.eu/,SMC Corporation (Japan),Konzern,1959.0,81350.0,F 100-249,158,100 - 250,40–60,50.0,180,Mio. EUR,Hessen,Regierungsbezirk Darmstadt,Offenbach,1454682,40–60,50.0
Industrie,Maschinenbau,Maschinenbauer,Sprimag Spritzmaschinenbau GmbH & Co. KG,Henriettenstr. 90,73230,Kirchheim unter Teck,07021-579-0,https://www.sprimag.com/,AISA Automation Industrielle SA (Schweiz),Sonstige,1925.0,81350.0,F 100-249,180,10 - 50,40–60,50.0,0,,Baden-Württemberg,Region Stuttgart,Esslingen,1146715,21–40,30.5
Industrie,Maschinenbau,Maschinenbauer,F. Zimmermann GmbH,Bernhäuser Str. 35,73765,Neuhausen auf den Fildern,07158-948955-0,https://www.f-zimmermann.com/,Rudolf Gänzle,Familien,1933.0,49623.5,F 100-249,150,10 - 50,21–40,30.5,0,,Baden-Württemberg,Region Stuttgart,Esslingen,502542,10–15,12.5
Industrie,Maschinenbau,Maschinenbauer,TAMPOPRINT GmbH,Lingwiesenstr. 1,70825,Korntal-Münchingen,07150-928-0,https://www.tampoprint.de/de/,Philipp Korntal-Münchingen Familie,Familien,1956.0,81350.0,F 100-249,170,10 - 50,40–60,50.0,35,Mio. EUR,Baden-Württemberg,Region Stuttgart,Ludwigsburg,2744544,120–200,160.0
Industrie,Maschinenbau,Maschinenbauer,Werner Bauser GmbH,Siemensstr. 2,78564,Wehingen,07426-933-0,https://www.wernerbauser.de/,Familie Bauser,Familien,1962.0,113890.0,F 100-249,210,50 - 100,60–80,70.0,0,,Baden-Württemberg,Region Schwarzwald,Tuttlingen,4166421,120–200,160.0
Industrie,Bauindustrie & Stahl,Stahlverarbeitung,Rudolf Flender Rohr GmbH,Eiserfelder Str. 110,57072,Siegen,0271-3305-0,https://www.flender-rohr.de/,Flender Familie,Familien,1910.0,81350.0,F 100-249,200,50 - 100,40–60,50.0,0,,Nordrhein-Westfalen,Regierungsbezirk Arnsberg,Siegen-Wittgenstein,1781118,60–80,70.0
Industrie,Maschinenbau,Maschinenbauer,TITAN Umreifungstechnik GmbH & Co. KG,Berliner Str. 51-55,58332,Schwelm,02336-808-0,https://www.titan-schwelm.de/startseite/,Lenzen Schwelm Familie,Familien,1928.0,81350.0,F 100-249,180,10 - 50,40–60,50.0,0,,Nordrhein-Westfalen,Regierungsbezirk Arnsberg,Ennepe-Ruhr-Kreis,468998,10–15,12.5
Industrie,Bauindustrie & Stahl,Stahlverarbeitung,Reinhold Mendritzki Kaltwalzwerk GmbH,Herscheider Str. 102,58840,Plettenberg,02391-812-1,https://www.mendritzki.de/,Mendritzki Familie,Familien,1970.0,113890.0,F 100-249,220,50 - 100,60–80,70.0,0,,Nordrhein-Westfalen,Regierungsbezirk Arnsberg,Märkischer Kreis,18132881,350–600,475.0
Industrie,Maschinenbau,Maschinenbauer,IDEAL - Werk C. + E. Jungeblodt,Bunsenstr. 1,59557,Lippstadt,02941-206-0,https://www.ideal-werk.com/,Jungeblodt Familie,Familien,1923.0,113890.0,F 100-249,230,10 - 50,60–80,70.0,0,,Nordrhein-Westfalen,Regierungsbezirk Arnsberg,Soest,1041664,21–40,30.5
Industrie,Maschinenbau,Maschinenbauer,Burkhardt+Weber,Burkhardt-und-Weber-Str. 57,72760,Reutlingen,07121-315-0,https://burkhardt-weber.de/startseite/,Indústrias Romi S.A. (Brasilien),Konzern,1888.0,113890.0,F 100-249,220,10 - 50,60–80,70.0,0,,Baden-Württemberg,Region Neckar-Alb,Reutlingen,1049602,21–40,30.5
Industrie,Maschinenbau,Werkzeugbau,Modell Technik Formenbau GmbH,Franz-Mehring-Str. 11,99610,Sömmerda,03634-6861-0,https://www.modelltechnik.com/,Gesco Gruppe,Investoren,1993.0,49623.5,F 100-249,106,10 - 50,21–40,30.5,0,,Thüringen,,Sömmerda,3013673,120–200,160.0
Industrie,Maschinenbau,Maschinenbauer,SAT Anlagentechnik GmbH,Kaddenbusch 21,25578,Dägeling,04821-9000-0,https://www.sat-sterling.com/,UBH Hamburg Christiansen/Schmucker,Investoren,1920.0,49623.5,F 100-249,108,10 - 50,21–40,30.5,24,Mio. EUR,Schleswig-Holstein,,Steinburg,340223,10–15,12.5
Industrie,Maschinenbau,Maschinenbauer,Demmeler Maschinenbau GmbH & Co. KG,Alpenstr. 10,87751,Heimertingen,08335-9859-0,https://www.demmeler.com/de/,Demmeler Familie,Familien,1961.0,81350.0,F 100-249,200,50 - 100,40–60,50.0,0,,Bayern,Bezirk Schwaben,Unterallgäu,714838,15–20,17.5
Industrie,Maschinenbau,Maschinenbauer,FAUDI GmbH,Faudi-Str. 1,35260,Stadtallendorf,06428-702-0,https://www.faudi.de/,Watz Familie,Familien,1938.0,49623.5,F 100-249,108,10 - 50,21–40,30.5,0,,Hessen,Regierungsbezirk Gießen,Marburg-Biedenkopf,1649068,60–80,70.0
Industrie,Maschinenbau,Maschinenbauer,Pittler T & S GmbH,Johannes-Gutenberg-Str. 1,63128,Dietzenbach,06074-4873-0,https://www.dvs-technology.com/pittler,DVS-Gruppe = Rothenberger Familie,Familien,1889.0,49623.5,F 100-249,102,10 - 50,21–40,30.5,0,,Hessen,Regierungsbezirk Darmstadt,Offenbach,319732,10–15,12.5
Industrie,Maschinenbau,Maschinenbauer,Mühlbauer Maschinenbau GmbH,Raindorfer Str. 12,93486,Runding,09971-8549-0,https://www.muehlbauer-runding.de,Mühlbauer Maschinen Familie,Familien,1973.0,49623.5,F 100-249,116,10 - 50,21–40,30.5,0,,Bayern,Bezirk Oberpfalz,Cham,1255175,40–60,50.0
Industrie,Maschinenbau,Maschinenbauer,Meusburger Deutschland GmbH,Voltastr. 2,68519,Viernheim,06204-6069-0,https://www.meusburger.com,Familie Meusburger (Österreich),Familien,1962.0,81350.0,F 100-249,200,10 - 50,40–60,50.0,0,,Hessen,Regierungsbezirk Darmstadt,Bergstraße,1550502,60–80,70.0
Industrie,Bauindustrie & Stahl,Stahlverarbeitung,Südstahl GmbH & Co. KG,Industriestr. 2,86690,Mertingen,09078-802-0,https://www.suedstahl.de/,Käuferle Familie,Familien,1946.0,49623.5,F 100-249,130,10 - 50,21–40,30.5,18,Mio. EUR,Bayern,Bezirk Schwaben,Donau-Ries,1992465,80–120,100.0
Industrie,Maschinenbau,Werkzeugbau,Klaus Baier Werkzeugbau und Stanztechnik,Rehbichler Weg 15,87459,Pfronten,08363-9139-0,http://www.klausbaier.de/,Baier Pfronten Familie,Familien,1963.0,49623.5,F 100-249,120,10 - 50,21–40,30.5,0,,Bayern,Bezirk Schwaben,Ostallgäu,1142940,21–40,30.5
Industrie,Maschinenbau,Werkzeugbau,PSM Protech GmbH & Co. KG,Alpenstr. 70,83487,Marktschellenberg,08650-9880-0,https://www.psm-protech.com/,Irene Wagner,Familien,2010.0,113890.0,F 100-249,220,50 - 100,60–80,70.0,0,,Bayern,Bezirk Oberbayern,Berchtesgadener Land,952669,21–40,30.5
Industrie,Maschinenbau,Maschinenbauer,COLLIN Lab & Pilot Solutions GmbH,Gewerbestr. 11,83558,Maitenbeth,08076-2740-0,https://www.collin-solutions.com/,Next Generation Group (Österreich),Sonstige,1972.0,49623.5,F 100-249,130,10 - 50,21–40,30.5,25,Mio. EUR,Bayern,Bezirk Oberbayern,Mühldorf a.Inn,4262440,120–200,160.0
Industrie,Maschinenbau,Maschinenbauer,Herbert Maschinenbau GmbH & Co. KG,Industriestr. 10,36088,Hünfeld,06652-609-0,https://www.herbert.eu/,Walter Hünfeld Familie,Familien,1905.0,113890.0,F 100-249,240,50 - 100,60–80,70.0,0,,Hessen,Regierungsbezirk Kassel,Fulda,3733457,120–200,160.0
Industrie,Maschinenbau,Maschinenbauer,Helmerding hiw Maschinen GmbH,Sundern 93,32549,Bad Oeynhausen,05734-66907-0,https://www.helmerding.de,"Fortas AG=Heim, Priske u.a.",Partner,1945.0,49623.5,F 100-249,120,10 - 50,21–40,30.5,0,,Nordrhein-Westfalen,Regierungsbezirk Detmold,Minden-Lübbecke,777808,15–20,17.5
Industrie,Maschinenbau,Maschinenbauer,Braun Sondermaschinen GmbH,Dieselstr. 8,77833,Ottersweier,07223-9802-0,https://www.braun-sondermaschinen.de/,Braun Ottersweier Familie,Familien,1983.0,49623.5,F 100-249,132,10 - 50,21–40,30.5,0,,Baden-Württemberg,Region Mittlerer Oberrhein,Rastatt,1156302,21–40,30.5
Industrie,Maschinenbau,Werkzeugbau,SD Automotive GmbH,Hamburger Str. 13,49124,Georgsmarienhütte,05401-8425-50,https://www.sd-automotive.de/,Seltmann/Dröge,Partner,1984.0,49623.5,F 100-249,140,10 - 50,21–40,30.5,0,,Niedersachsen,,Osnabrück,2732554,120–200,160.0
Industrie,Maschinenbau,Werkzeughersteller,Starcke GmbH & Co. KG,Markt 10,49324,Melle,05422-966-0,https://www.starcke.de/,Starcke Melle Familie,Familien,1829.0,113890.0,F 100-249,248,50 - 100,60–80,70.0,0,,Niedersachsen,,Osnabrück,6290840,200–350,275.0
Industrie,Maschinenbau,Werkzeugbau,Agathon GmbH & Co. KG,Am Kruppwald 3,46238,Bottrop,02041-7804-0,https://www.agathon-moulds.com/de/,Volker Krämer Ratingen,Familien,1949.0,81350.0,F 100-249,151,10 - 50,40–60,50.0,0,,Nordrhein-Westfalen,Regierungsbezirk Münster,Bottrop,2982542,120–200,160.0
Industrie,Maschinenbau,Maschinenbauer,Schirmer Maschinen GmbH,Stahlstr. 25+29,33415,Verl,05246-9213-0,https://www.schirmer-maschinen.com/,Beckhoff Familie,Familien,1979.0,81350.0,F 100-249,160,10 - 50,40–60,50.0,0,,Nordrhein-Westfalen,Regierungsbezirk Detmold,Gütersloh,1324333,40–60,50.0
Industrie,Maschinenbau,Werkzeugbau,Zeltwanger Maschinenbau GmbH,Jopestr. 3,72072,Tübingen,07071-3663-101,https://www.zeltwanger.de/,Ulrich Zeltwanger,Familien,1982.0,49623.5,F 100-249,150,10 - 50,21–40,30.5,0,,Baden-Württemberg,Region Neckar-Alb,Tübingen,569919,10–15,12.5
Industrie,Maschinenbau,Werkzeugbau,Finke Formenbau GmbH,Industriestr. 26,33184,Altenbeken,05255-33195-0,https://www.finke-formenbau.de/,Finke Altenbeken Familie,Familien,1982.0,49623.5,F 100-249,101,10 - 50,21–40,30.5,0,,Nordrhein-Westfalen,Regierungsbezirk Detmold,Paderborn,1343852,40–60,50.0
Industrie,Maschinenbau,Werkzeugbau,Lahnwerk GmbH,Industriestr. 6,35216,Biedenkopf,06461-7007-0,https://www.lahnwerk.de/,Harald Huppert Stiftung,Stiftungen,1946.0,49623.5,F 100-249,139,10 - 50,21–40,30.5,0,,Hessen,Regierungsbezirk Gießen,Marburg-Biedenkopf,1953568,80–120,100.0
Industrie,Maschinenbau,Werkzeugbau,Wissler & Rademacher GmbH & Co. KG,Stahlstr. 23,42551,Velbert,02051-9193-0,https://www.wissler-rademacher.de,Wissler/Rademacher,Partner,1957.0,81350.0,F 100-249,160,10 - 50,40–60,50.0,0,,Nordrhein-Westfalen,Regierungsbezirk Düsseldorf,Mettmann,1855228,80–120,100.0
Industrie,Maschinenbau,Werkzeughersteller,TKR Spezialwerkzeuge GmbH,Am Waldesrand 9-11,58285,Gevelsberg,02332-66607-77,https://www.tkrgroup.com/,Torsten Kreischer,Familien,1993.0,49623.5,F 100-249,135,10 - 50,21–40,30.5,0,,Nordrhein-Westfalen,Regierungsbezirk Arnsberg,Ennepe-Ruhr-Kreis,1248301,40–60,50.0
Industrie,Maschinenbau,Werkzeughersteller,Alfred Jäger GmbH,Siemensstr. 8,61239,Ober-Mörlen,06002-9123-0,https://www.nakanishi-jaeger.com/de,Jäger Ober-Mörlen Familie,Familien,1967.0,49623.5,F 100-249,140,10 - 50,21–40,30.5,0,,Hessen,Regierungsbezirk Darmstadt,Wetteraukreis,604216,10–15,12.5
Industrie,Maschinenbau,Maschinenbauer,PRG Präzisions-Rührer GmbH,Anton-Böhlen-Str. 13,34414,Warburg,05641-9006-0,https://www.prg-gmbh.de/,Dierkes Warburg Familie,Familien,1981.0,49623.5,F 100-249,120,10 - 50,21–40,30.5,0,,Nordrhein-Westfalen,Regierungsbezirk Detmold,Höxter,945659,21–40,30.5
Industrie,Maschinenbau,Maschinenbauer,Hohner Maschinenbau GmbH,Gänsäcker 19,78532,Tuttlingen,07462-9468-0,https://www.hohner-postpress.com,Hohner-Schöllhorn Familie,Familien,1930.0,49623.5,F 100-249,104,10 - 50,21–40,30.5,0,,Baden-Württemberg,Region Schwarzwald,Tuttlingen,1320462,40–60,50.0
Industrie,Maschinenbau,Maschinenbauer,AUTOSPLICE Europe GmbH,Mühlsteig 2,90579,Langenzenn,09101-90140,https://www.autosplice.com/,Autosplice Parent Inc. (USA),Konzern,1983.0,49623.5,F 100-249,106,10 - 50,21–40,30.5,0,,Bayern,Bezirk Mittelfranken,Fürth (Kreis),904963,21–40,30.5
Industrie,Maschinenbau,Maschinenbauer,Emil Prinzing & Söhne GmbH & Co. KG,Brunnenstr. 71,73333,Gingen an der Fils,07162-4004-0,https://www.map-prinzing.de/,Prinzing Gingen Familie,Familien,1913.0,49623.5,F 100-249,147,10 - 50,21–40,30.5,0,,Baden-Württemberg,Region Stuttgart,Göppingen,9898223,200–350,275.0
Industrie,Maschinenbau,Maschinenbauer,bavius technologie gmbh,Eisenbahnstr. 17,88255,Baienfurt,0751-5079-0,https://www.bavius-technologie.com/,Armin Walther,Familien,1984.0,49623.5,F 100-249,110,10 - 50,21–40,30.5,0,,Baden-Württemberg,Region Bodensee-Oberschwaben,Ravensburg,2846518,120–200,160.0
Industrie,Maschinenbau,Maschinenbauer,Webomatic Maschinenfabrik GmbH,Hansastr. 119,44866,Bochum,02327-3099-0,https://www.webomatic.de/,Bonk Bochum Familie,Familien,1958.0,49623.5,F 100-249,126,10 - 50,21–40,30.5,0,,Nordrhein-Westfalen,Regierungsbezirk Arnsberg,Bochum,398254,10–15,12.5
Industrie,Maschinenbau,Werkzeughersteller,Weitkowitz GmbH,Woltorfer Str. 125,31224,Peine,05171-7061-0,https://www.weitkowitz.de/,Intercable (Italien),Sonstige,1918.0,49623.5,F 100-249,149,10 - 50,21–40,30.5,0,,Niedersachsen,,Peine,1980616,80–120,100.0
Industrie,Maschinenbau,Werkzeugbau,Müller Modell- und Formenbau,Hohe Str. 6-10,35216,Biedenkopf,06461-8090,http://www.mueller-wallau.de/,Georg Müller Biedenkopf,Familien,1922.0,81350.0,F 100-249,180,10 - 50,40–60,50.0,0,,Hessen,Regierungsbezirk Gießen,Marburg-Biedenkopf,3745944,120–200,160.0
Industrie,Bauindustrie & Stahl,Stahlverarbeitung,Chr. Höver & Sohn GmbH & Co. KG,Oberleppe 14,51789,Lindlar,02266-95-0,https://www.hoever-sohn.com/,Höver Lindlar Familie,Familien,1937.0,49623.5,F 100-249,105,10 - 50,21–40,30.5,0,,Nordrhein-Westfalen,Regierungsbezirk Köln,Oberbergischer Kreis,1251788,40–60,50.0
Industrie,Bauindustrie & Stahl,Stahlverarbeitung,BRUGG German Pipe GmbH,Darrweg 43,99734,Nordhausen,03631-46267-0,https://www.bruggpipes.com/,"Merker,Suhner,Wartmann Familien (Schweiz)",Familien,2005.0,49623.5,F 100-249,129,50 - 100,21–40,30.5,0,,Thüringen,,Nordhausen,2722474,120–200,160.0
Industrie,Bauindustrie & Stahl,Stahlverarbeitung,Sirch Behältertechnik GmbH,Windmühlenstr. 8,4626,Löbichau,036602-441-70,https://www.sirch.com/,N.N.,Partner,1966.0,49623.5,F 100-249,150,50 - 100,21–40,30.5,0,,Thüringen,,Altenburger Land,384023,10–15,12.5
Industrie,Maschinenbau,Werkzeugbau,Modellbau Schönheide GmbH,Lindenstr. 36,8304,Schönheide,037755-61-0,https://www.mbschoenheide.de/de,Tenedora Nemak (Mexiko),Sonstige,1959.0,81350.0,F 100-249,163,10 - 50,40–60,50.0,0,,Sachsen,Direktionsbezirk Chemnitz,Erzgebirgskreis,3108114,120–200,160.0
Industrie,Maschinenbau,Werkzeugbau,Heckler Aktiengesellschaft,Gartenstr. 37-39,75223,Niefern-Öschelbronn,07233-930-0,https://www.heckler.de/,Claudio Sandrini,Familien,1950.0,81350.0,F 100-249,160,50 - 100,40–60,50.0,56,Mio. EUR,Baden-Württemberg,Region Nordschwarzwald,Enzkreis,5080464,200–350,275.0
Industrie,Maschinenbau,Werkzeughersteller,LINCOLN ELECTRIC DEUTSCHLAND GmbH,Industriestr. 12,67304,Eisenberg (Pfalz),06351-476-0,https://www.oerlikon-welding.com/de,Oerlikon (Schweiz),Konzern,,81350.0,F 100-249,154,50 - 100,40–60,50.0,0,,Rheinland-Pfalz,,Donnersbergkreis,7771442,200–350,275.0
Industrie,Bauindustrie & Stahl,Stahlverarbeitung,Heinz Gothe GmbH & Co. KG,Druckerstr. 12-20,41238,Mönchengladbach,02166-1292-0,https://www.gothe-edelstahl.de/,Gothe Mönchengladbach Familie,Familien,,49623.5,F 100-249,105,10 - 50,21–40,30.5,0,,Nordrhein-Westfalen,Regierungsbezirk Düsseldorf,Mönchengladbach,378677,10–15,12.5
Industrie,Bauindustrie & Stahl,Stahlverarbeitung,Auerhammer Metallwerk GmbH,Hammerplatz 1,8280,Aue-Bad Schlema,03771-272-0,https://www.auerhammer.com/home.html,Wickeder Westfalenstahl Familie,Familien,1526.0,81350.0,F 100-249,167,50 - 100,40–60,50.0,0,,Sachsen,Direktionsbezirk Chemnitz,Erzgebirgskreis,4029804,120–200,160.0
Industrie,Maschinenbau,Maschinenbauer,Rhewum GmbH,Rosentalstr. 24,42899,Remscheid,02191-5767-0,https://www.rhewum.com/de/startseite.html,Beate Gutjahr u.a.,Partner,1927.0,49623.5,F 100-249,129,10 - 50,21–40,30.5,0,,Nordrhein-Westfalen,Regierungsbezirk Düsseldorf,Remscheid,1301399,40–60,50.0
Industrie,Maschinenbau,Maschinenbauer,Schwarze-Robitec GmbH,Olpener Str. 460,51109,Köln,0221-89008-0,https://schwarze-robitec.com/,N.N.,Partner,1903.0,49623.5,F 100-249,132,10 - 50,21–40,30.5,0,,Nordrhein-Westfalen,Regierungsbezirk Köln,Köln,470479,10–15,12.5
Industrie,Maschinenbau,Maschinenbauer,esmo AG,Brückenstr. 1,83022,Rosenheim,08031-23388-0,https://esmo-group.com/,Accuron Group (Singapur),Konzern,2001.0,49623.5,F 100-249,139,10 - 50,21–40,30.5,38,Mio. EUR,Bayern,Bezirk Oberbayern,Rosenheim (Stadt),446083,10–15,12.5
Industrie,Maschinenbau,Werkzeugbau,FMF-WWF Werkzeug- und Prototypenbau GmbH,Untere Au 2,74239,Hardthausen am Kocher,07139-4741-0,https://www.fmf-wwf.de/,Familie Friedrich Hardthausen,Familien,1985.0,49623.5,F 100-249,136,10 - 50,21–40,30.5,0,,Baden-Württemberg,Region Heilbronn-Franken,Heilbronn (Kreis),1807594,80–120,100.0
Industrie,Maschinenbau,Werkzeughersteller,Inovatools Eckerle & Ertel GmbH,Im Hüttental 3,85125,Kinding,08467-84000,https://www.inovatools.eu,Indutrade (Schweden),Investoren,1991.0,81350.0,F 100-249,155,10 - 50,40–60,50.0,0,,Bayern,Bezirk Oberbayern,Eichstätt,4993947,120–200,160.0
Industrie,Maschinenbau,Maschinenbauer,PEINER SMAG Lifting Technologies GmbH,Windmühlenbergstr. 20-22,38259,Salzgitter,05341-302-0,https://peiner-smag.com/home/,SMAG,Konzern,2014.0,113890.0,F 100-249,217,50 - 100,60–80,70.0,0,,Niedersachsen,,Salzgitter,590395,10–15,12.5
Industrie,Maschinenbau,Maschinenbauer,DREISTERN GmbH & Co. KG,Wiechser Str. 9,79650,Schopfheim,07622-391-0,https://www.dreistern.com/,Familie Krückels,Familien,1949.0,81350.0,F 100-249,185,10 - 50,40–60,50.0,30,Mio. EUR,Baden-Württemberg,Region Hochrhein-Bodensee,Lörrach,1718272,60–80,70.0
Industrie,Maschinenbau,Werkzeugbau,Manfred Albrecht GmbH,Schmalzgrube 16,42655,Solingen,0212-22306-0,https://www.albrecht-solingen.de/,Kauth Familie,Familien,,113890.0,F 100-249,227,50 - 100,60–80,70.0,0,,Nordrhein-Westfalen,Regierungsbezirk Düsseldorf,Solingen,893500,15–20,17.5
